2025-09-05 15:31:09,478 - download.async_downloader - INFO - OSS连接成功
2025-09-05 15:31:28,262 - mysql.connector - INFO - package: mysql.connector.plugins
2025-09-05 15:31:28,263 - mysql.connector - INFO - plugin_name: mysql_native_password
2025-09-05 15:31:28,276 - mysql.connector - INFO - AUTHENTICATION_PLUGIN_CLASS: MySQLNativePasswordAuthPlugin
2025-09-05 15:31:32,350 - download.async_downloader - INFO - OSS连接成功
2025-09-05 15:31:32,418 - download.async_downloader - INFO - 数据表时间范围: 2025-09-01 00:00:00 到 2025-09-30 23:59:59
2025-09-05 15:31:32,425 - download.async_downloader - INFO - [10.0%] 正在处理设备 2594 (1/1)
2025-09-05 15:31:39,641 - urllib3.connectionpool - WARNING - Connection pool is full, discarding connection: iot-datas.oss-cn-beijing.aliyuncs.com. Connection pool size: 10
2025-09-05 15:31:39,862 - urllib3.connectionpool - WARNING - Connection pool is full, discarding connection: iot-datas.oss-cn-beijing.aliyuncs.com. Connection pool size: 10
2025-09-05 15:31:39,871 - urllib3.connectionpool - WARNING - Connection pool is full, discarding connection: iot-datas.oss-cn-beijing.aliyuncs.com. Connection pool size: 10
2025-09-05 15:31:39,917 - urllib3.connectionpool - WARNING - Connection pool is full, discarding connection: iot-datas.oss-cn-beijing.aliyuncs.com. Connection pool size: 10
2025-09-05 15:31:39,950 - urllib3.connectionpool - WARNING - Connection pool is full, discarding connection: iot-datas.oss-cn-beijing.aliyuncs.com. Connection pool size: 10
2025-09-05 15:31:40,051 - urllib3.connectionpool - WARNING - Connection pool is full, discarding connection: iot-datas.oss-cn-beijing.aliyuncs.com. Connection pool size: 10
2025-09-05 15:31:40,108 - urllib3.connectionpool - WARNING - Connection pool is full, discarding connection: iot-datas.oss-cn-beijing.aliyuncs.com. Connection pool size: 10
2025-09-05 15:31:40,149 - urllib3.connectionpool - WARNING - Connection pool is full, discarding connection: iot-datas.oss-cn-beijing.aliyuncs.com. Connection pool size: 10
2025-09-05 15:31:40,153 - download.async_downloader - INFO - [90.0%] 正在打包ZIP文件...
2025-09-05 15:31:42,582 - download.async_downloader - INFO - ZIP文件已创建: tmp\device_data_20250905_153140.zip
2025-09-05 15:31:42,585 - download.async_downloader - INFO - [100.0%] Download completed
2026-01-04 15:05:03,312 - download.async_downloader - INFO - OSS连接成功
2026-01-04 15:05:36,174 - mysql.connector - INFO - package: mysql.connector.plugins
2026-01-04 15:05:36,175 - mysql.connector - INFO - plugin_name: mysql_native_password
2026-01-04 15:05:36,188 - mysql.connector - INFO - AUTHENTICATION_PLUGIN_CLASS: MySQLNativePasswordAuthPlugin
2026-01-04 15:05:37,357 - download.async_downloader - INFO - OSS连接成功
2026-01-04 15:05:37,361 - download.async_downloader - INFO - 数据表时间范围: 2025-12-01 00:00:00 到 2026-01-31 23:59:59
2026-01-04 15:05:37,367 - download.async_downloader - INFO - [10.0%] downloading: 103 (1/1)
2026-01-04 15:05:37,807 - download.async_downloader - INFO - [100.0%] Download completed
2026-01-04 15:06:12,802 - download.async_downloader - INFO - OSS连接成功
2026-01-04 15:06:12,831 - download.async_downloader - INFO - 数据表时间范围: 2025-12-01 00:00:00 到 2026-01-31 23:59:59
2026-01-04 15:06:12,833 - download.async_downloader - INFO - [10.0%] downloading: 103 (1/1)
2026-01-04 15:06:13,274 - download.async_downloader - INFO - [100.0%] Download completed
2026-01-04 15:06:46,157 - download.async_downloader - INFO - OSS连接成功
2026-01-04 15:06:46,164 - download.async_downloader - INFO - 数据表时间范围: 2022-01-01 00:00:00 到 2022-12-31 23:59:59
2026-01-04 15:06:46,170 - download.async_downloader - INFO - [10.0%] downloading: 103 (1/1)
2026-01-04 15:06:51,969 - download.async_downloader - INFO - [100.0%] Download completed
2026-01-04 15:08:14,064 - download.async_downloader - INFO - OSS连接成功
2026-01-04 15:08:14,077 - download.async_downloader - INFO - 数据表时间范围: 2022-01-01 00:00:00 到 2024-12-31 23:59:59
2026-01-04 15:08:14,087 - download.async_downloader - INFO - [10.0%] downloading: 103 (1/1)
2026-01-04 15:08:59,076 - download.async_downloader - INFO - [100.0%] Download completed
2026-01-04 15:28:53,018 - download.async_downloader - INFO - OSS连接成功
2026-01-04 15:28:53,034 - download.async_downloader - INFO - 数据表时间范围: 2022-06-01 00:00:00 到 2024-12-31 23:59:59
2026-01-04 15:28:53,041 - download.async_downloader - INFO - [10.0%] downloading: 103 (1/1)
2026-01-04 15:29:05,162 - download.async_downloader - INFO - [100.0%] Download completed
2026-01-07 14:42:29,889 - download.async_downloader - INFO - OSS连接成功
2026-01-07 14:43:19,969 - mysql.connector - INFO - package: mysql.connector.plugins
2026-01-07 14:43:19,969 - mysql.connector - INFO - plugin_name: mysql_native_password
2026-01-07 14:43:19,974 - mysql.connector - INFO - AUTHENTICATION_PLUGIN_CLASS: MySQLNativePasswordAuthPlugin
2026-01-07 16:41:45,563 - download.async_downloader - INFO - OSS连接成功
2026-01-08 08:31:28,136 - download.async_downloader - INFO - OSS连接成功
2026-01-08 09:00:27,200 - root - ERROR - 应用启动失败: 'DownloadManagerApp' object has no attribute 'content_widget'
2026-01-08 09:03:43,492 - download.async_downloader - INFO - OSS连接成功
2026-01-08 09:03:46,882 - mysql.connector - INFO - package: mysql.connector.plugins
2026-01-08 09:03:46,882 - mysql.connector - INFO - plugin_name: mysql_native_password
2026-01-08 09:03:46,888 - mysql.connector - INFO - AUTHENTICATION_PLUGIN_CLASS: MySQLNativePasswordAuthPlugin
2026-01-08 09:14:39,833 - download.async_downloader - INFO - OSS连接成功
2026-01-08 09:14:46,037 - mysql.connector - INFO - package: mysql.connector.plugins
2026-01-08 09:14:46,037 - mysql.connector - INFO - plugin_name: mysql_native_password
2026-01-08 09:14:46,038 - mysql.connector - INFO - AUTHENTICATION_PLUGIN_CLASS: MySQLNativePasswordAuthPlugin
2026-01-08 09:23:02,693 - download.async_downloader - INFO - OSS连接成功
2026-01-08 09:23:05,993 - mysql.connector - INFO - package: mysql.connector.plugins
2026-01-08 09:23:05,994 - mysql.connector - INFO - plugin_name: mysql_native_password
2026-01-08 09:23:06,000 - mysql.connector - INFO - AUTHENTICATION_PLUGIN_CLASS: MySQLNativePasswordAuthPlugin
2026-01-08 09:32:09,657 - download.async_downloader - INFO - OSS连接成功
2026-01-08 09:32:12,142 - mysql.connector - INFO - package: mysql.connector.plugins
2026-01-08 09:32:12,143 - mysql.connector - INFO - plugin_name: mysql_native_password
2026-01-08 09:32:12,144 - mysql.connector - INFO - AUTHENTICATION_PLUGIN_CLASS: MySQLNativePasswordAuthPlugin
2026-01-08 09:33:04,268 - download.async_downloader - INFO - OSS连接成功
2026-01-08 09:33:04,290 - download.async_downloader - INFO - 数据表时间范围: 2026-01-01 00:00:00 到 2026-01-31 23:59:59
2026-01-08 09:33:04,293 - download.async_downloader - INFO - [10.0%] downloading: 435 (1/2)
2026-01-08 09:33:04,836 - download.async_downloader - INFO - [45.0%] downloading: 534 (2/2)
2026-01-08 09:33:05,378 - download.async_downloader - INFO - [90.0%] 正在打包ZIP文件...
2026-01-08 09:33:05,381 - download.async_downloader - INFO - ZIP文件已创建: tmp\device_data_20260108_093305.zip
2026-01-08 09:33:05,382 - download.async_downloader - INFO - [100.0%] Download completed
2026-01-08 09:38:09,361 - download.async_downloader - INFO - OSS连接成功
2026-01-08 09:38:09,376 - download.async_downloader - INFO - 数据表时间范围: 2026-01-01 00:00:00 到 2026-01-31 23:59:59
2026-01-08 09:38:09,376 - download.async_downloader - INFO - [10.0%] downloading: 2648 (1/1)
2026-01-08 09:38:09,881 - download.async_downloader - INFO - [90.0%] 正在打包ZIP文件...
2026-01-08 09:38:09,886 - download.async_downloader - INFO - ZIP文件已创建: tmp\device_data_20260108_093809.zip
2026-01-08 09:38:09,887 - download.async_downloader - INFO - [100.0%] Download completed
2026-01-08 09:43:46,965 - download.async_downloader - INFO - OSS连接成功
2026-01-08 09:43:46,975 - download.async_downloader - INFO - 数据表时间范围: 2025-12-01 00:00:00 到 2026-01-31 23:59:59
2026-01-08 09:43:46,983 - download.async_downloader - INFO - [10.0%] downloading: 161 (1/1)
2026-01-08 09:43:47,713 - download.async_downloader - INFO - [100.0%] Download completed
2026-01-08 09:47:55,542 - download.async_downloader - INFO - OSS连接成功
2026-01-08 09:48:37,695 - download.async_downloader - INFO - OSS连接成功
2026-01-08 09:48:41,428 - mysql.connector - INFO - package: mysql.connector.plugins
2026-01-08 09:48:41,428 - mysql.connector - INFO - plugin_name: mysql_native_password
2026-01-08 09:48:41,430 - mysql.connector - INFO - AUTHENTICATION_PLUGIN_CLASS: MySQLNativePasswordAuthPlugin
2026-01-08 09:49:15,493 - download.async_downloader - INFO - OSS连接成功
2026-01-08 09:49:40,828 - download.async_downloader - INFO - OSS连接成功
2026-01-08 09:49:44,422 - mysql.connector - INFO - package: mysql.connector.plugins
2026-01-08 09:49:44,423 - mysql.connector - INFO - plugin_name: mysql_native_password
2026-01-08 09:49:44,423 - mysql.connector - INFO - AUTHENTICATION_PLUGIN_CLASS: MySQLNativePasswordAuthPlugin
2026-01-08 09:50:05,994 - download.async_downloader - INFO - OSS连接成功
2026-01-08 09:50:14,469 - download.async_downloader - INFO - OSS连接成功
2026-01-08 09:50:14,476 - download.async_downloader - INFO - 数据表时间范围: 2026-01-01 00:00:00 到 2026-01-31 23:59:59
2026-01-08 09:50:14,483 - download.async_downloader - INFO - [10.0%] downloading: 2648 (1/1)
2026-01-08 09:50:14,560 - mysql.connector - INFO - package: mysql.connector.plugins
2026-01-08 09:50:14,560 - mysql.connector - INFO - plugin_name: mysql_native_password
2026-01-08 09:50:14,561 - mysql.connector - INFO - AUTHENTICATION_PLUGIN_CLASS: MySQLNativePasswordAuthPlugin
2026-01-08 09:50:15,045 - download.async_downloader - INFO - [100.0%] Download completed
2026-01-08 09:50:42,009 - download.async_downloader - INFO - OSS连接成功
2026-01-08 09:50:42,045 - download.async_downloader - INFO - 数据表时间范围: 2025-12-01 00:00:00 到 2026-01-31 23:59:59
2026-01-08 09:50:42,052 - download.async_downloader - INFO - [10.0%] downloading: 2648 (1/1)
2026-01-08 09:50:42,829 - download.async_downloader - INFO - [100.0%] Download completed
2026-01-08 10:01:11,682 - download.async_downloader - INFO - OSS连接成功
2026-01-08 10:01:32,929 - download.async_downloader - INFO - OSS连接成功
2026-01-08 10:01:38,479 - mysql.connector - INFO - package: mysql.connector.plugins
2026-01-08 10:01:38,480 - mysql.connector - INFO - plugin_name: mysql_native_password
2026-01-08 10:01:38,481 - mysql.connector - INFO - AUTHENTICATION_PLUGIN_CLASS: MySQLNativePasswordAuthPlugin
2026-01-08 10:01:52,970 - download.async_downloader - INFO - OSS连接成功
2026-01-08 10:01:52,974 - download.async_downloader - INFO - 数据表时间范围: 2025-01-01 00:00:00 到 2026-01-31 23:59:59
2026-01-08 10:01:52,984 - download.async_downloader - INFO - [10.0%] downloading: 1586 (1/1)
2026-01-08 10:01:56,563 - download.async_downloader - INFO - [100.0%] Download completed
2026-01-08 10:02:53,459 - download.async_downloader - INFO - OSS连接成功
2026-01-08 10:02:53,466 - download.async_downloader - INFO - 数据表时间范围: 2024-01-01 00:00:00 到 2026-01-31 23:59:59
2026-01-08 10:02:53,473 - download.async_downloader - INFO - [10.0%] downloading: 1586 (1/1)
2026-01-08 10:03:01,568 - download.async_downloader - INFO - [100.0%] Download completed
2026-01-08 10:03:54,880 - download.async_downloader - INFO - OSS连接成功
2026-01-08 10:03:54,890 - download.async_downloader - INFO - 数据表时间范围: 2023-01-01 00:00:00 到 2026-01-31 23:59:59
2026-01-08 10:03:54,901 - download.async_downloader - INFO - [10.0%] downloading: 1586 (1/1)
2026-01-08 10:04:05,709 - download.async_downloader - INFO - [100.0%] Download completed
2026-01-08 13:23:56,953 - download.async_downloader - INFO - OSS连接成功
2026-01-08 13:24:03,991 - mysql.connector - INFO - package: mysql.connector.plugins
2026-01-08 13:24:03,991 - mysql.connector - INFO - plugin_name: mysql_native_password
2026-01-08 13:24:03,993 - mysql.connector - INFO - AUTHENTICATION_PLUGIN_CLASS: MySQLNativePasswordAuthPlugin
2026-01-08 13:28:31,972 - download.async_downloader - INFO - OSS连接成功
2026-01-08 13:28:31,992 - download.async_downloader - INFO - 数据表时间范围: 2026-01-01 00:00:00 到 2026-01-31 23:59:59
2026-01-08 13:28:32,000 - download.async_downloader - INFO - [10.0%] downloading: 711 (1/1)
2026-01-08 13:30:23,796 - download.async_downloader - INFO - OSS连接成功
2026-01-08 13:30:29,371 - mysql.connector - INFO - package: mysql.connector.plugins
2026-01-08 13:30:29,372 - mysql.connector - INFO - plugin_name: mysql_native_password
2026-01-08 13:30:29,374 - mysql.connector - INFO - AUTHENTICATION_PLUGIN_CLASS: MySQLNativePasswordAuthPlugin
2026-01-08 13:31:17,701 - download.async_downloader - INFO - OSS连接成功
2026-01-08 13:31:39,896 - download.async_downloader - INFO - OSS连接成功
2026-01-08 13:31:42,414 - mysql.connector - INFO - package: mysql.connector.plugins
2026-01-08 13:31:42,415 - mysql.connector - INFO - plugin_name: mysql_native_password
2026-01-08 13:31:42,415 - mysql.connector - INFO - AUTHENTICATION_PLUGIN_CLASS: MySQLNativePasswordAuthPlugin
2026-01-08 13:31:52,121 - download.async_downloader - INFO - OSS连接成功
2026-01-08 13:31:52,134 - download.async_downloader - INFO - 数据表时间范围: 2026-01-01 00:00:00 到 2026-01-31 23:59:59
2026-01-08 13:31:52,142 - download.async_downloader - INFO - [10.0%] downloading: 711 (1/1)
2026-01-08 13:32:25,819 - download.async_downloader - INFO - OSS连接成功
2026-01-08 13:32:30,979 - download.async_downloader - INFO - OSS连接成功
2026-01-08 13:32:30,987 - download.async_downloader - INFO - 数据表时间范围: 2026-01-01 00:00:00 到 2026-01-31 23:59:59
2026-01-08 13:32:30,992 - download.async_downloader - INFO - [10.0%] downloading: 711 (1/1)
2026-01-08 13:32:31,094 - mysql.connector - INFO - package: mysql.connector.plugins
2026-01-08 13:32:31,094 - mysql.connector - INFO - plugin_name: mysql_native_password
2026-01-08 13:32:31,095 - mysql.connector - INFO - AUTHENTICATION_PLUGIN_CLASS: MySQLNativePasswordAuthPlugin
2026-01-08 13:36:03,209 - download.async_downloader - INFO - OSS连接成功
2026-01-08 13:36:21,925 - download.async_downloader - INFO - OSS连接成功
2026-01-08 13:36:31,334 - download.async_downloader - INFO - OSS连接成功
2026-01-08 13:36:31,348 - download.async_downloader - INFO - 数据表时间范围: 2026-01-01 00:00:00 到 2026-01-31 23:59:59
2026-01-08 13:36:31,350 - download.async_downloader - INFO - [10.0%] downloading: 711 (1/1)
2026-01-08 13:36:31,455 - mysql.connector - INFO - package: mysql.connector.plugins
2026-01-08 13:36:31,455 - mysql.connector - INFO - plugin_name: mysql_native_password
2026-01-08 13:36:31,457 - mysql.connector - INFO - AUTHENTICATION_PLUGIN_CLASS: MySQLNativePasswordAuthPlugin
2026-01-08 13:37:43,609 - download.async_downloader - INFO - OSS连接成功
2026-01-08 13:37:54,432 - download.async_downloader - INFO - OSS连接成功
2026-01-08 13:37:54,434 - download.async_downloader - INFO - 数据表时间范围: 2026-01-01 00:00:00 到 2026-01-31 23:59:59
2026-01-08 13:37:54,444 - download.async_downloader - INFO - [10.0%] downloading: 711 (1/1)
2026-01-08 13:37:54,535 - mysql.connector - INFO - package: mysql.connector.plugins
2026-01-08 13:37:54,535 - mysql.connector - INFO - plugin_name: mysql_native_password
2026-01-08 13:37:54,535 - mysql.connector - INFO - AUTHENTICATION_PLUGIN_CLASS: MySQLNativePasswordAuthPlugin
2026-01-08 13:37:55,375 - download.async_downloader - INFO - [100.0%] Download completed
2026-01-08 13:38:02,356 - download.async_downloader - INFO - OSS连接成功
2026-01-08 13:38:02,360 - download.async_downloader - INFO - 数据表时间范围: 2026-01-01 00:00:00 到 2026-01-31 23:59:59
2026-01-08 13:38:02,367 - download.async_downloader - INFO - [10.0%] downloading: 711 (1/1)
2026-01-08 13:39:18,453 - download.async_downloader - INFO - OSS连接成功
2026-01-08 13:39:29,068 - download.async_downloader - INFO - OSS连接成功
2026-01-08 13:39:29,079 - download.async_downloader - INFO - 数据表时间范围: 2026-01-01 00:00:00 到 2026-01-31 23:59:59
2026-01-08 13:39:29,091 - download.async_downloader - INFO - [10.0%] downloading: 2526 (1/1)
2026-01-08 13:39:29,185 - mysql.connector - INFO - package: mysql.connector.plugins
2026-01-08 13:39:29,192 - mysql.connector - INFO - plugin_name: mysql_native_password
2026-01-08 13:39:29,193 - mysql.connector - INFO - AUTHENTICATION_PLUGIN_CLASS: MySQLNativePasswordAuthPlugin
2026-01-08 13:39:29,645 - download.async_downloader - INFO - [100.0%] Download completed
2026-01-08 13:39:51,768 - download.async_downloader - INFO - OSS连接成功
2026-01-08 13:39:51,771 - download.async_downloader - INFO - 数据表时间范围: 2025-01-01 00:00:00 到 2026-01-31 23:59:59
2026-01-08 13:39:51,781 - download.async_downloader - INFO - [10.0%] downloading: 2526 (1/1)
2026-01-08 13:40:00,968 - download.async_downloader - INFO - [100.0%] Download completed
2026-01-08 13:40:42,930 - download.async_downloader - INFO - OSS连接成功
2026-01-08 13:40:42,942 - download.async_downloader - INFO - 数据表时间范围: 2025-01-01 00:00:00 到 2026-01-31 23:59:59
2026-01-08 13:40:42,957 - download.async_downloader - INFO - [10.0%] downloading: 1368 (1/1)
2026-01-08 13:50:01,427 - download.async_downloader - INFO - OSS连接成功
2026-01-08 13:50:05,006 - mysql.connector - INFO - package: mysql.connector.plugins
2026-01-08 13:50:05,007 - mysql.connector - INFO - plugin_name: mysql_native_password
2026-01-08 13:50:05,008 - mysql.connector - INFO - AUTHENTICATION_PLUGIN_CLASS: MySQLNativePasswordAuthPlugin
2026-01-08 13:50:29,525 - download.async_downloader - INFO - OSS连接成功
2026-01-08 13:50:29,547 - download.async_downloader - INFO - 数据表时间范围: 2026-01-01 00:00:00 到 2026-01-31 23:59:59
2026-01-08 13:50:29,552 - download.async_downloader - INFO - [10.0%] downloading: 2526 (1/2)
2026-01-08 13:50:30,028 - download.async_downloader - INFO - [45.0%] downloading: 1368 (2/2)
2026-01-08 13:50:30,524 - download.async_downloader - INFO - [100.0%] Download completed
2026-01-08 13:52:37,235 - download.async_downloader - INFO - OSS连接成功
2026-01-08 13:52:37,258 - download.async_downloader - INFO - 数据表时间范围: 2025-01-01 00:00:00 到 2026-01-31 23:59:59
2026-01-08 13:52:37,275 - download.async_downloader - INFO - [10.0%] downloading: 2526 (1/2)
2026-01-08 13:52:44,868 - download.async_downloader - INFO - [45.0%] downloading: 1368 (2/2)
2026-01-08 13:53:34,590 - download.async_downloader - INFO - OSS连接成功
2026-01-08 13:53:39,019 - mysql.connector - INFO - package: mysql.connector.plugins
2026-01-08 13:53:39,020 - mysql.connector - INFO - plugin_name: mysql_native_password
2026-01-08 13:53:39,020 - mysql.connector - INFO - AUTHENTICATION_PLUGIN_CLASS: MySQLNativePasswordAuthPlugin
2026-01-08 13:54:01,568 - download.async_downloader - INFO - OSS连接成功
2026-01-08 13:54:01,604 - download.async_downloader - INFO - 数据表时间范围: 2025-01-01 00:00:00 到 2025-01-31 23:59:59
2026-01-08 13:54:01,611 - download.async_downloader - INFO - [10.0%] downloading: 1368 (1/1)
2026-01-08 13:54:50,203 - urllib3.connectionpool - WARNING - Connection pool is full, discarding connection: iot-datas.oss-cn-beijing.aliyuncs.com. Connection pool size: 10
2026-01-08 13:54:52,021 - urllib3.connectionpool - WARNING - Connection pool is full, discarding connection: iot-datas.oss-cn-beijing.aliyuncs.com. Connection pool size: 10
2026-01-08 13:54:52,147 - urllib3.connectionpool - WARNING - Connection pool is full, discarding connection: iot-datas.oss-cn-beijing.aliyuncs.com. Connection pool size: 10
2026-01-08 13:54:56,136 - urllib3.connectionpool - WARNING - Connection pool is full, discarding connection: iot-datas.oss-cn-beijing.aliyuncs.com. Connection pool size: 10
2026-01-08 13:54:56,334 - urllib3.connectionpool - WARNING - Connection pool is full, discarding connection: iot-datas.oss-cn-beijing.aliyuncs.com. Connection pool size: 10
2026-01-08 13:54:59,924 - urllib3.connectionpool - WARNING - Connection pool is full, discarding connection: iot-datas.oss-cn-beijing.aliyuncs.com. Connection pool size: 10
2026-01-08 13:55:01,273 - urllib3.connectionpool - WARNING - Connection pool is full, discarding connection: iot-datas.oss-cn-beijing.aliyuncs.com. Connection pool size: 10
2026-01-08 13:55:04,885 - urllib3.connectionpool - WARNING - Connection pool is full, discarding connection: iot-datas.oss-cn-beijing.aliyuncs.com. Connection pool size: 10
2026-01-08 13:55:06,064 - urllib3.connectionpool - WARNING - Connection pool is full, discarding connection: iot-datas.oss-cn-beijing.aliyuncs.com. Connection pool size: 10
2026-01-08 13:55:17,926 - urllib3.connectionpool - WARNING - Connection pool is full, discarding connection: iot-datas.oss-cn-beijing.aliyuncs.com. Connection pool size: 10
2026-01-08 13:55:17,936 - download.async_downloader - INFO - [100.0%] Download completed
2026-01-08 13:57:01,463 - download.async_downloader - INFO - OSS连接成功
2026-01-08 13:57:01,488 - download.async_downloader - INFO - 数据表时间范围: 2026-01-01 00:00:00 到 2026-01-31 23:59:59
2026-01-08 13:57:01,505 - download.async_downloader - INFO - [10.0%] downloading: 3058 (1/1)
2026-01-08 14:33:24,824 - download.async_downloader - INFO - OSS连接成功
2026-01-09 09:37:49,750 - download.async_downloader - INFO - OSS连接成功
2026-01-09 09:38:01,786 - mysql.connector - INFO - package: mysql.connector.plugins
2026-01-09 09:38:01,786 - mysql.connector - INFO - plugin_name: mysql_native_password
2026-01-09 09:38:01,788 - mysql.connector - INFO - AUTHENTICATION_PLUGIN_CLASS: MySQLNativePasswordAuthPlugin
2026-01-09 09:57:34,512 - download.async_downloader - INFO - OSS连接成功
2026-01-09 09:57:39,838 - mysql.connector - INFO - package: mysql.connector.plugins
2026-01-09 09:57:39,838 - mysql.connector - INFO - plugin_name: mysql_native_password
2026-01-09 09:57:39,839 - mysql.connector - INFO - AUTHENTICATION_PLUGIN_CLASS: MySQLNativePasswordAuthPlugin
2026-01-09 10:03:38,422 - download.async_downloader - INFO - OSS连接成功
2026-01-09 10:03:41,249 - mysql.connector - INFO - package: mysql.connector.plugins
2026-01-09 10:03:41,250 - mysql.connector - INFO - plugin_name: mysql_native_password
2026-01-09 10:03:41,251 - mysql.connector - INFO - AUTHENTICATION_PLUGIN_CLASS: MySQLNativePasswordAuthPlugin
2026-01-09 10:10:15,772 - download.async_downloader - INFO - OSS连接成功
2026-01-09 10:10:17,708 - mysql.connector - INFO - package: mysql.connector.plugins
2026-01-09 10:10:17,708 - mysql.connector - INFO - plugin_name: mysql_native_password
2026-01-09 10:10:17,709 - mysql.connector - INFO - AUTHENTICATION_PLUGIN_CLASS: MySQLNativePasswordAuthPlugin
2026-01-09 10:30:12,377 - download.async_downloader - INFO - OSS连接成功
2026-01-09 10:31:14,127 - download.async_downloader - INFO - OSS连接成功
2026-01-09 10:33:48,217 - download.async_downloader - INFO - OSS连接成功
2026-01-09 10:35:28,084 - root - ERROR - 应用启动失败: unknown option "-expand"
2026-01-09 10:41:01,918 - download.async_downloader - INFO - OSS连接成功
2026-01-09 10:41:06,405 - mysql.connector - INFO - package: mysql.connector.plugins
2026-01-09 10:41:06,406 - mysql.connector - INFO - plugin_name: mysql_native_password
2026-01-09 10:41:06,412 - mysql.connector - INFO - AUTHENTICATION_PLUGIN_CLASS: MySQLNativePasswordAuthPlugin
2026-01-09 10:43:57,363 - download.async_downloader - INFO - OSS连接成功
2026-01-09 10:44:00,201 - mysql.connector - INFO - package: mysql.connector.plugins
2026-01-09 10:44:00,201 - mysql.connector - INFO - plugin_name: mysql_native_password
2026-01-09 10:44:00,202 - mysql.connector - INFO - AUTHENTICATION_PLUGIN_CLASS: MySQLNativePasswordAuthPlugin
2026-01-09 10:44:06,946 - download.async_downloader - INFO - OSS连接成功
2026-01-09 10:44:06,951 - download.async_downloader - INFO - 数据表时间范围: 2026-01-01 00:00:00 到 2026-01-31 23:59:59
2026-01-09 10:44:06,957 - download.async_downloader - INFO - [10.0%] downloading: 100 (1/1)
2026-01-09 10:44:07,493 - download.async_downloader - INFO - [100.0%] Download completed
2026-01-09 10:48:01,092 - download.async_downloader - INFO - OSS连接成功
2026-01-09 10:48:02,839 - mysql.connector - INFO - package: mysql.connector.plugins
2026-01-09 10:48:02,839 - mysql.connector - INFO - plugin_name: mysql_native_password
2026-01-09 10:48:02,840 - mysql.connector - INFO - AUTHENTICATION_PLUGIN_CLASS: MySQLNativePasswordAuthPlugin
2026-01-09 11:19:53,538 - download.async_downloader - INFO - OSS连接成功
2026-01-09 11:19:56,562 - mysql.connector - INFO - package: mysql.connector.plugins
2026-01-09 11:19:56,564 - mysql.connector - INFO - plugin_name: mysql_native_password
2026-01-09 11:19:56,565 - mysql.connector - INFO - AUTHENTICATION_PLUGIN_CLASS: MySQLNativePasswordAuthPlugin
2026-01-09 11:22:44,170 - download.async_downloader - INFO - OSS连接成功
2026-01-09 11:24:16,913 - download.async_downloader - INFO - OSS连接成功
2026-01-09 11:24:33,343 - download.async_downloader - INFO - OSS连接成功
2026-01-09 11:24:45,625 - download.async_downloader - INFO - OSS连接成功
2026-01-09 11:25:41,579 - download.async_downloader - INFO - OSS连接成功
2026-01-09 11:26:13,569 - download.async_downloader - INFO - OSS连接成功
2026-01-09 11:34:28,295 - download.async_downloader - INFO - OSS连接成功
2026-01-09 11:36:18,610 - download.async_downloader - INFO - OSS连接成功
2026-01-09 11:39:34,365 - download.async_downloader - INFO - OSS连接成功
2026-01-09 11:43:25,208 - download.async_downloader - INFO - OSS连接成功
2026-01-09 11:47:13,632 - download.async_downloader - INFO - OSS连接成功
2026-01-09 11:49:27,873 - download.async_downloader - INFO - OSS连接成功
2026-01-09 11:52:37,022 - download.async_downloader - INFO - OSS连接成功
2026-01-09 11:52:56,363 - download.async_downloader - INFO - OSS连接成功
2026-01-09 11:53:23,411 - download.async_downloader - INFO - OSS连接成功
2026-01-09 13:16:16,991 - download.async_downloader - INFO - OSS连接成功
2026-01-09 13:27:17,441 - download.async_downloader - INFO - OSS连接成功
2026-01-09 13:27:26,338 - mysql.connector - INFO - package: mysql.connector.plugins
2026-01-09 13:27:26,338 - mysql.connector - INFO - plugin_name: mysql_native_password
2026-01-09 13:27:26,339 - mysql.connector - INFO - AUTHENTICATION_PLUGIN_CLASS: MySQLNativePasswordAuthPlugin
2026-01-09 13:27:37,898 - download.async_downloader - INFO - OSS连接成功
2026-01-09 13:34:22,065 - download.async_downloader - INFO - OSS连接成功
2026-01-09 16:29:29,909 - download.async_downloader - INFO - OSS连接成功
2026-01-09 17:04:58,105 - download.async_downloader - INFO - OSS连接成功
2026-01-09 17:05:14,033 - mysql.connector - INFO - package: mysql.connector.plugins
2026-01-09 17:05:14,035 - mysql.connector - INFO - plugin_name: mysql_native_password
2026-01-09 17:05:14,036 - mysql.connector - INFO - AUTHENTICATION_PLUGIN_CLASS: MySQLNativePasswordAuthPlugin
2026-01-09 17:36:09,797 - download.async_downloader - INFO - OSS连接成功
2026-01-09 17:36:18,486 - mysql.connector - INFO - package: mysql.connector.plugins
2026-01-09 17:36:18,486 - mysql.connector - INFO - plugin_name: mysql_native_password
2026-01-09 17:36:18,487 - mysql.connector - INFO - AUTHENTICATION_PLUGIN_CLASS: MySQLNativePasswordAuthPlugin
2026-01-09 17:36:50,113 - download.async_downloader - INFO - OSS连接成功
2026-01-09 17:36:50,124 - download.async_downloader - INFO - 数据表时间范围: 2025-01-01 00:00:00 到 2025-01-31 23:59:59
2026-01-09 17:36:50,128 - download.async_downloader - INFO - [10.0%] downloading: 1368 (1/1)
2026-01-09 17:37:51,152 - download.async_downloader - WARNING - 下载图片失败: {'status': -2, 'x-oss-request-id': '', 'details': "RequestError: HTTPSConnectionPool(host='iot-datas.oss-cn-beijing.aliyuncs.com', port=443): Read timed out. (read timeout=60)"}
2026-01-09 17:38:29,471 - download.async_downloader - WARNING - 下载图片失败: HTTPSConnectionPool(host='iot-datas.oss-cn-beijing.aliyuncs.com', port=443): Read timed out.
2026-01-09 17:39:35,324 - download.async_downloader - WARNING - 下载图片失败: HTTPSConnectionPool(host='iot-datas.oss-cn-beijing.aliyuncs.com', port=443): Read timed out.
2026-01-09 17:39:35,327 - download.async_downloader - INFO - [100.0%] Download completed
2026-01-09 17:42:08,809 - download.async_downloader - INFO - OSS连接成功
2026-01-09 17:42:08,816 - download.async_downloader - INFO - 数据表时间范围: 2025-01-01 00:00:00 到 2025-01-31 23:59:59
2026-01-09 17:42:08,819 - download.async_downloader - INFO - [10.0%] downloading: 1368 (1/1)
2026-01-09 17:45:16,491 - download.async_downloader - INFO - [100.0%] Download completed
2026-01-09 17:45:57,609 - download.async_downloader - INFO - OSS连接成功
2026-01-09 17:45:57,621 - download.async_downloader - INFO - 数据表时间范围: 2025-01-01 00:00:00 到 2025-01-31 23:59:59
2026-01-09 17:45:57,635 - download.async_downloader - INFO - [10.0%] downloading: 1368 (1/1)
2026-01-09 17:46:58,298 - download.async_downloader - WARNING - 下载图片失败: {'status': -2, 'x-oss-request-id': '', 'details': "RequestError: HTTPSConnectionPool(host='iot-datas.oss-cn-beijing.aliyuncs.com', port=443): Read timed out. (read timeout=60)"}
2026-01-09 17:48:40,074 - download.async_downloader - INFO - [100.0%] Download completed
2026-01-09 17:51:57,855 - download.async_downloader - INFO - OSS连接成功
2026-01-09 17:51:57,866 - download.async_downloader - INFO - 数据表时间范围: 2025-01-01 00:00:00 到 2025-01-31 23:59:59
2026-01-09 17:51:57,884 - download.async_downloader - INFO - [10.0%] downloading: 1368 (1/1)
2026-01-09 17:54:16,859 - download.async_downloader - INFO - [100.0%] Download completed
2026-01-09 17:54:54,873 - download.async_downloader - INFO - OSS连接成功
2026-01-09 17:54:54,905 - download.async_downloader - INFO - 数据表时间范围: 2025-01-01 00:00:00 到 2025-01-31 23:59:59
2026-01-09 17:54:54,975 - download.async_downloader - INFO - [10.0%] downloading: 105 (1/1)
2026-01-09 17:54:55,623 - download.async_downloader - INFO - [100.0%] Download completed
2026-01-09 17:57:20,042 - download.async_downloader - INFO - OSS连接成功
2026-01-09 17:57:20,050 - download.async_downloader - INFO - 数据表时间范围: 2025-01-01 00:00:00 到 2025-01-31 23:59:59
2026-01-09 17:57:20,070 - download.async_downloader - INFO - [10.0%] downloading: 2648 (1/1)
2026-01-09 17:57:20,637 - download.async_downloader - INFO - [100.0%] Download completed
2026-01-09 17:58:00,927 - download.async_downloader - INFO - OSS连接成功
2026-01-09 17:58:00,941 - download.async_downloader - INFO - 数据表时间范围: 2025-01-01 00:00:00 到 2025-01-31 23:59:59
2026-01-09 17:58:00,953 - download.async_downloader - INFO - [10.0%] downloading: 3058 (1/1)
2026-01-09 17:58:01,501 - download.async_downloader - INFO - [100.0%] Download completed
2026-01-09 18:00:36,779 - download.async_downloader - INFO - OSS连接成功
2026-01-09 18:00:36,798 - download.async_downloader - INFO - 数据表时间范围: 2025-01-01 00:00:00 到 2025-01-31 23:59:59
2026-01-09 18:00:36,877 - download.async_downloader - INFO - [10.0%] downloading: 3058 (1/1)
2026-01-09 18:00:37,469 - download.async_downloader - INFO - [100.0%] Download completed
2026-01-09 18:04:13,696 - download.async_downloader - INFO - OSS连接成功
2026-01-09 18:04:13,720 - download.async_downloader - INFO - 数据表时间范围: 2025-01-01 00:00:00 到 2025-01-31 23:59:59
2026-01-09 18:04:13,727 - download.async_downloader - INFO - [10.0%] downloading: 1368 (1/1)
2026-01-09 18:08:51,270 - download.async_downloader - INFO - [100.0%] Download completed
2026-01-09 18:11:03,117 - download.async_downloader - INFO - OSS连接成功
2026-01-09 18:11:03,136 - download.async_downloader - INFO - 数据表时间范围: 2025-02-01 00:00:00 到 2025-05-31 23:59:59
2026-01-09 18:11:03,139 - download.async_downloader - INFO - [10.0%] downloading: 2435 (1/1)
2026-01-09 18:12:06,762 - download.async_downloader - WARNING - 下载图片失败: {'status': -2, 'x-oss-request-id': '', 'details': "RequestError: HTTPSConnectionPool(host='iot-datas.oss-cn-beijing.aliyuncs.com', port=443): Read timed out. (read timeout=60)"}
2026-01-09 18:12:06,770 - download.async_downloader - WARNING - 下载图片失败: {'status': -2, 'x-oss-request-id': '', 'details': "RequestError: HTTPSConnectionPool(host='iot-datas.oss-cn-beijing.aliyuncs.com', port=443): Read timed out. (read timeout=60)"}
2026-01-09 18:12:06,772 - download.async_downloader - WARNING - 下载图片失败: {'status': -2, 'x-oss-request-id': '', 'details': "RequestError: HTTPSConnectionPool(host='iot-datas.oss-cn-beijing.aliyuncs.com', port=443): Read timed out. (read timeout=60)"}
2026-01-09 18:13:03,752 - download.async_downloader - WARNING - 下载图片失败: HTTPSConnectionPool(host='iot-datas.oss-cn-beijing.aliyuncs.com', port=443): Read timed out.
2026-01-09 18:13:53,128 - download.async_downloader - WARNING - 下载图片失败: HTTPSConnectionPool(host='iot-datas.oss-cn-beijing.aliyuncs.com', port=443): Read timed out.
2026-01-09 18:13:57,835 - download.async_downloader - WARNING - 下载图片失败: HTTPSConnectionPool(host='iot-datas.oss-cn-beijing.aliyuncs.com', port=443): Read timed out.
2026-01-09 18:16:35,186 - download.async_downloader - INFO - OSS连接成功
2026-01-09 18:16:50,752 - mysql.connector - INFO - package: mysql.connector.plugins
2026-01-09 18:16:50,752 - mysql.connector - INFO - plugin_name: mysql_native_password
2026-01-09 18:16:50,756 - mysql.connector - INFO - AUTHENTICATION_PLUGIN_CLASS: MySQLNativePasswordAuthPlugin
2026-01-09 18:17:42,637 - download.async_downloader - INFO - OSS连接成功
2026-01-09 18:17:42,671 - download.async_downloader - INFO - 数据表时间范围: 2025-02-01 00:00:00 到 2025-05-31 23:59:59
2026-01-09 18:17:42,713 - download.async_downloader - INFO - [10.0%] downloading: 2435 (1/1)
2026-01-09 18:18:47,518 - download.async_downloader - WARNING - 下载图片失败: {'status': -2, 'x-oss-request-id': '', 'details': "RequestError: HTTPSConnectionPool(host='iot-datas.oss-cn-beijing.aliyuncs.com', port=443): Read timed out. (read timeout=60)"}
2026-01-09 18:18:47,519 - download.async_downloader - WARNING - 下载图片失败: {'status': -2, 'x-oss-request-id': '', 'details': "RequestError: HTTPSConnectionPool(host='iot-datas.oss-cn-beijing.aliyuncs.com', port=443): Read timed out. (read timeout=60)"}
2026-01-09 18:18:47,519 - download.async_downloader - WARNING - 下载图片失败: {'status': -2, 'x-oss-request-id': '', 'details': "RequestError: HTTPSConnectionPool(host='iot-datas.oss-cn-beijing.aliyuncs.com', port=443): Read timed out. (read timeout=60)"}
2026-01-09 18:19:19,925 - download.async_downloader - WARNING - 下载图片失败: HTTPSConnectionPool(host='iot-datas.oss-cn-beijing.aliyuncs.com', port=443): Read timed out.
2026-01-09 18:19:38,449 - download.async_downloader - WARNING - 下载图片失败: HTTPSConnectionPool(host='iot-datas.oss-cn-beijing.aliyuncs.com', port=443): Read timed out.
2026-01-09 18:19:39,325 - download.async_downloader - WARNING - 下载图片失败: HTTPSConnectionPool(host='iot-datas.oss-cn-beijing.aliyuncs.com', port=443): Read timed out.
2026-01-09 18:19:47,561 - download.async_downloader - WARNING - 下载图片失败: {'status': -2, 'x-oss-request-id': '', 'details': "RequestError: HTTPSConnectionPool(host='iot-datas.oss-cn-beijing.aliyuncs.com', port=443): Read timed out. (read timeout=60)"}
2026-01-09 18:22:19,018 - download.async_downloader - WARNING - 下载图片失败: HTTPSConnectionPool(host='iot-datas.oss-cn-beijing.aliyuncs.com', port=443): Read timed out.
2026-01-12 08:21:17,248 - download.async_downloader - INFO - OSS连接成功
2026-01-12 08:37:57,806 - download.async_downloader - INFO - OSS连接成功
2026-01-12 08:38:02,176 - mysql.connector - INFO - package: mysql.connector.plugins
2026-01-12 08:38:02,176 - mysql.connector - INFO - plugin_name: mysql_native_password
2026-01-12 08:38:02,178 - mysql.connector - INFO - AUTHENTICATION_PLUGIN_CLASS: MySQLNativePasswordAuthPlugin
2026-01-12 08:38:27,550 - download.async_downloader - INFO - OSS连接成功
2026-01-12 08:38:27,555 - download.async_downloader - INFO - 数据表时间范围: 2025-01-01 00:00:00 到 2025-05-31 23:59:59
2026-01-12 08:38:27,562 - download.async_downloader - INFO - [10.0%] downloading: 2648 (1/1)
2026-01-12 08:38:28,992 - download.async_downloader - INFO - [100.0%] Download completed
2026-01-12 08:39:07,342 - download.async_downloader - INFO - OSS连接成功
2026-01-12 08:39:07,348 - download.async_downloader - INFO - 数据表时间范围: 2025-01-01 00:00:00 到 2025-05-31 23:59:59
2026-01-12 08:39:07,353 - download.async_downloader - INFO - [10.0%] downloading: 3058 (1/1)
2026-01-12 08:39:08,842 - download.async_downloader - INFO - [100.0%] Download completed
2026-01-12 08:39:42,207 - download.async_downloader - INFO - OSS连接成功
2026-01-12 08:39:42,213 - download.async_downloader - INFO - 数据表时间范围: 2025-01-01 00:00:00 到 2025-05-31 23:59:59
2026-01-12 08:39:42,226 - download.async_downloader - INFO - [10.0%] downloading: 1368 (1/1)
2026-01-12 08:45:20,195 - download.async_downloader - WARNING - 下载图片失败: cannot schedule new futures after shutdown
2026-01-12 08:45:20,211 - download.async_downloader - WARNING - 下载图片失败: cannot schedule new futures after shutdown
2026-01-12 08:45:20,238 - download.async_downloader - WARNING - 下载图片失败: cannot schedule new futures after shutdown
2026-01-12 08:45:20,270 - download.async_downloader - WARNING - 下载图片失败: cannot schedule new futures after shutdown
2026-01-12 08:45:20,277 - download.async_downloader - WARNING - 下载图片失败: cannot schedule new futures after shutdown
2026-01-12 08:45:20,315 - download.async_downloader - WARNING - 下载图片失败: cannot schedule new futures after shutdown
2026-01-12 08:45:20,346 - download.async_downloader - WARNING - 下载图片失败: cannot schedule new futures after shutdown
2026-01-12 08:45:20,376 - download.async_downloader - WARNING - 下载图片失败: cannot schedule new futures after shutdown
2026-01-12 08:45:20,407 - download.async_downloader - WARNING - 下载图片失败: cannot schedule new futures after shutdown
2026-01-12 08:45:20,435 - download.async_downloader - WARNING - 下载图片失败: cannot schedule new futures after shutdown
2026-01-12 08:45:20,465 - download.async_downloader - WARNING - 下载图片失败: cannot schedule new futures after shutdown
2026-01-12 08:45:20,495 - download.async_downloader - WARNING - 下载图片失败: cannot schedule new futures after shutdown
2026-01-12 08:45:20,499 - download.async_downloader - WARNING - 下载图片失败: cannot schedule new futures after shutdown
2026-01-12 08:45:20,528 - download.async_downloader - WARNING - 下载图片失败: cannot schedule new futures after shutdown
2026-01-12 08:45:20,557 - download.async_downloader - WARNING - 下载图片失败: cannot schedule new futures after shutdown
2026-01-12 08:45:20,564 - download.async_downloader - WARNING - 下载图片失败: cannot schedule new futures after shutdown
2026-01-12 08:45:20,606 - download.async_downloader - WARNING - 下载图片失败: cannot schedule new futures after shutdown
2026-01-12 08:45:20,636 - download.async_downloader - WARNING - 下载图片失败: cannot schedule new futures after shutdown
2026-01-12 08:45:20,666 - download.async_downloader - WARNING - 下载图片失败: cannot schedule new futures after shutdown
2026-01-12 08:45:20,669 - download.async_downloader - WARNING - 下载图片失败: cannot schedule new futures after shutdown
2026-01-12 08:45:20,704 - download.async_downloader - WARNING - 下载图片失败: cannot schedule new futures after shutdown
2026-01-12 08:45:20,727 - download.async_downloader - WARNING - 下载图片失败: cannot schedule new futures after shutdown
2026-01-12 08:45:20,775 - download.async_downloader - WARNING - 下载图片失败: cannot schedule new futures after shutdown
2026-01-12 08:45:20,828 - download.async_downloader - WARNING - 下载图片失败: cannot schedule new futures after shutdown
2026-01-12 08:45:20,843 - download.async_downloader - WARNING - 下载图片失败: cannot schedule new futures after shutdown
2026-01-12 08:45:20,882 - download.async_downloader - WARNING - 下载图片失败: cannot schedule new futures after shutdown
2026-01-12 08:45:20,903 - download.async_downloader - WARNING - 下载图片失败: cannot schedule new futures after shutdown
2026-01-12 08:45:20,935 - download.async_downloader - WARNING - 下载图片失败: cannot schedule new futures after shutdown
2026-01-12 08:45:20,968 - download.async_downloader - WARNING - 下载图片失败: cannot schedule new futures after shutdown
2026-01-12 08:45:20,993 - download.async_downloader - WARNING - 下载图片失败: cannot schedule new futures after shutdown
2026-01-12 08:45:21,011 - download.async_downloader - WARNING - 下载图片失败: cannot schedule new futures after shutdown
2026-01-12 08:45:21,039 - download.async_downloader - WARNING - 下载图片失败: cannot schedule new futures after shutdown
2026-01-12 08:45:21,055 - download.async_downloader - WARNING - 下载图片失败: cannot schedule new futures after shutdown
2026-01-12 08:45:21,086 - download.async_downloader - WARNING - 下载图片失败: cannot schedule new futures after shutdown
2026-01-12 08:45:21,117 - download.async_downloader - WARNING - 下载图片失败: cannot schedule new futures after shutdown
2026-01-12 08:45:21,148 - download.async_downloader - WARNING - 下载图片失败: cannot schedule new futures after shutdown
2026-01-12 08:45:21,180 - download.async_downloader - WARNING - 下载图片失败: cannot schedule new futures after shutdown
2026-01-12 08:45:21,209 - download.async_downloader - WARNING - 下载图片失败: cannot schedule new futures after shutdown
2026-01-12 08:45:21,241 - download.async_downloader - WARNING - 下载图片失败: cannot schedule new futures after shutdown
2026-01-12 08:45:21,273 - download.async_downloader - WARNING - 下载图片失败: cannot schedule new futures after shutdown
2026-01-12 08:45:21,300 - download.async_downloader - WARNING - 下载图片失败: cannot schedule new futures after shutdown
2026-01-12 08:45:21,331 - download.async_downloader - WARNING - 下载图片失败: cannot schedule new futures after shutdown
2026-01-12 08:45:21,365 - download.async_downloader - WARNING - 下载图片失败: cannot schedule new futures after shutdown
2026-01-12 08:45:21,397 - download.async_downloader - WARNING - 下载图片失败: cannot schedule new futures after shutdown
2026-01-12 08:45:21,428 - download.async_downloader - WARNING - 下载图片失败: cannot schedule new futures after shutdown
2026-01-12 08:45:21,453 - download.async_downloader - WARNING - 下载图片失败: cannot schedule new futures after shutdown
2026-01-12 08:45:21,477 - download.async_downloader - WARNING - 下载图片失败: cannot schedule new futures after shutdown
2026-01-12 08:45:21,505 - download.async_downloader - WARNING - 下载图片失败: cannot schedule new futures after shutdown
2026-01-12 08:45:21,553 - download.async_downloader - WARNING - 下载图片失败: cannot schedule new futures after shutdown
2026-01-12 08:45:21,565 - download.async_downloader - WARNING - 下载图片失败: cannot schedule new futures after shutdown
2026-01-12 08:45:21,595 - download.async_downloader - WARNING - 下载图片失败: cannot schedule new futures after shutdown
2026-01-12 08:45:21,626 - download.async_downloader - WARNING - 下载图片失败: cannot schedule new futures after shutdown
2026-01-12 08:45:21,657 - download.async_downloader - WARNING - 下载图片失败: cannot schedule new futures after shutdown
2026-01-12 08:45:21,679 - download.async_downloader - WARNING - 下载图片失败: cannot schedule new futures after shutdown
2026-01-12 08:45:21,712 - download.async_downloader - WARNING - 下载图片失败: cannot schedule new futures after shutdown
2026-01-12 08:45:21,726 - download.async_downloader - WARNING - 下载图片失败: cannot schedule new futures after shutdown
2026-01-12 08:45:21,756 - download.async_downloader - WARNING - 下载图片失败: cannot schedule new futures after shutdown
2026-01-12 08:45:21,783 - download.async_downloader - WARNING - 下载图片失败: cannot schedule new futures after shutdown
2026-01-12 08:45:21,818 - download.async_downloader - WARNING - 下载图片失败: cannot schedule new futures after shutdown
2026-01-12 08:45:21,848 - download.async_downloader - WARNING - 下载图片失败: cannot schedule new futures after shutdown
2026-01-12 08:45:21,876 - download.async_downloader - WARNING - 下载图片失败: cannot schedule new futures after shutdown
2026-01-12 08:45:21,907 - download.async_downloader - WARNING - 下载图片失败: cannot schedule new futures after shutdown
2026-01-12 08:45:21,937 - download.async_downloader - WARNING - 下载图片失败: cannot schedule new futures after shutdown
2026-01-12 08:45:21,961 - download.async_downloader - WARNING - 下载图片失败: cannot schedule new futures after shutdown
2026-01-12 08:45:21,994 - download.async_downloader - WARNING - 下载图片失败: cannot schedule new futures after shutdown
2026-01-12 08:45:22,022 - download.async_downloader - WARNING - 下载图片失败: cannot schedule new futures after shutdown
2026-01-12 08:45:22,053 - download.async_downloader - WARNING - 下载图片失败: cannot schedule new futures after shutdown
2026-01-12 08:45:22,084 - download.async_downloader - WARNING - 下载图片失败: cannot schedule new futures after shutdown
2026-01-12 08:45:22,115 - download.async_downloader - WARNING - 下载图片失败: cannot schedule new futures after shutdown
2026-01-12 08:45:22,145 - download.async_downloader - WARNING - 下载图片失败: cannot schedule new futures after shutdown
2026-01-12 08:45:22,176 - download.async_downloader - WARNING - 下载图片失败: cannot schedule new futures after shutdown
2026-01-12 08:45:22,202 - download.async_downloader - WARNING - 下载图片失败: cannot schedule new futures after shutdown
2026-01-12 08:45:22,233 - download.async_downloader - WARNING - 下载图片失败: cannot schedule new futures after shutdown
2026-01-12 08:45:22,263 - download.async_downloader - WARNING - 下载图片失败: cannot schedule new futures after shutdown
2026-01-12 08:45:22,295 - download.async_downloader - WARNING - 下载图片失败: cannot schedule new futures after shutdown
2026-01-12 08:45:22,326 - download.async_downloader - WARNING - 下载图片失败: cannot schedule new futures after shutdown
2026-01-12 08:45:22,348 - download.async_downloader - WARNING - 下载图片失败: cannot schedule new futures after shutdown
2026-01-12 08:45:22,378 - download.async_downloader - WARNING - 下载图片失败: cannot schedule new futures after shutdown
2026-01-12 08:45:22,401 - download.async_downloader - WARNING - 下载图片失败: cannot schedule new futures after shutdown
2026-01-12 08:45:22,417 - download.async_downloader - WARNING - 下载图片失败: cannot schedule new futures after shutdown
2026-01-12 08:45:22,433 - download.async_downloader - WARNING - 下载图片失败: cannot schedule new futures after shutdown
2026-01-12 08:45:22,464 - download.async_downloader - WARNING - 下载图片失败: cannot schedule new futures after shutdown
2026-01-12 08:45:22,479 - download.async_downloader - WARNING - 下载图片失败: cannot schedule new futures after shutdown
2026-01-12 08:45:22,503 - download.async_downloader - WARNING - 下载图片失败: cannot schedule new futures after shutdown
2026-01-12 08:45:22,525 - download.async_downloader - WARNING - 下载图片失败: cannot schedule new futures after shutdown
2026-01-12 08:45:22,538 - download.async_downloader - WARNING - 下载图片失败: cannot schedule new futures after shutdown
2026-01-12 08:45:22,561 - download.async_downloader - WARNING - 下载图片失败: cannot schedule new futures after shutdown
2026-01-12 08:45:22,586 - download.async_downloader - WARNING - 下载图片失败: cannot schedule new futures after shutdown
2026-01-12 08:45:22,608 - download.async_downloader - WARNING - 下载图片失败: cannot schedule new futures after shutdown
2026-01-12 08:45:22,636 - download.async_downloader - WARNING - 下载图片失败: cannot schedule new futures after shutdown
2026-01-12 08:45:22,657 - download.async_downloader - WARNING - 下载图片失败: cannot schedule new futures after shutdown
2026-01-12 08:45:22,679 - download.async_downloader - WARNING - 下载图片失败: cannot schedule new futures after shutdown
2026-01-12 08:45:22,707 - download.async_downloader - WARNING - 下载图片失败: cannot schedule new futures after shutdown
2026-01-12 08:45:22,728 - download.async_downloader - WARNING - 下载图片失败: cannot schedule new futures after shutdown
2026-01-12 08:45:22,748 - download.async_downloader - WARNING - 下载图片失败: cannot schedule new futures after shutdown
2026-01-12 08:45:22,771 - download.async_downloader - WARNING - 下载图片失败: cannot schedule new futures after shutdown
2026-01-12 08:45:22,800 - download.async_downloader - WARNING - 下载图片失败: cannot schedule new futures after shutdown
2026-01-12 08:45:22,836 - download.async_downloader - WARNING - 下载图片失败: cannot schedule new futures after shutdown
2026-01-12 08:45:22,870 - download.async_downloader - WARNING - 下载图片失败: cannot schedule new futures after shutdown
2026-01-12 08:45:22,883 - download.async_downloader - WARNING - 下载图片失败: cannot schedule new futures after shutdown
2026-01-12 08:45:22,906 - download.async_downloader - WARNING - 下载图片失败: cannot schedule new futures after shutdown
2026-01-12 08:45:22,977 - download.async_downloader - WARNING - 下载图片失败: cannot schedule new futures after shutdown
2026-01-12 08:45:23,025 - download.async_downloader - WARNING - 下载图片失败: cannot schedule new futures after shutdown
2026-01-12 08:45:23,052 - download.async_downloader - WARNING - 下载图片失败: cannot schedule new futures after shutdown
2026-01-12 08:45:23,079 - download.async_downloader - WARNING - 下载图片失败: cannot schedule new futures after shutdown
2026-01-12 08:45:23,110 - download.async_downloader - WARNING - 下载图片失败: cannot schedule new futures after shutdown
2026-01-12 08:45:23,122 - download.async_downloader - WARNING - 下载图片失败: cannot schedule new futures after shutdown
2026-01-12 08:45:23,155 - download.async_downloader - WARNING - 下载图片失败: cannot schedule new futures after shutdown
2026-01-12 08:45:23,186 - download.async_downloader - WARNING - 下载图片失败: cannot schedule new futures after shutdown
2026-01-12 08:45:23,215 - download.async_downloader - WARNING - 下载图片失败: cannot schedule new futures after shutdown
2026-01-12 08:45:23,260 - download.async_downloader - WARNING - 下载图片失败: cannot schedule new futures after shutdown
2026-01-12 08:45:23,278 - download.async_downloader - WARNING - 下载图片失败: cannot schedule new futures after shutdown
2026-01-12 08:45:23,307 - download.async_downloader - WARNING - 下载图片失败: cannot schedule new futures after shutdown
2026-01-12 08:45:23,322 - download.async_downloader - WARNING - 下载图片失败: cannot schedule new futures after shutdown
2026-01-12 08:45:23,337 - download.async_downloader - WARNING - 下载图片失败: cannot schedule new futures after shutdown
2026-01-12 08:45:23,369 - download.async_downloader - WARNING - 下载图片失败: cannot schedule new futures after shutdown
2026-01-12 08:45:23,400 - download.async_downloader - WARNING - 下载图片失败: cannot schedule new futures after shutdown
2026-01-12 08:45:23,440 - download.async_downloader - WARNING - 下载图片失败: cannot schedule new futures after shutdown
2026-01-12 08:45:23,473 - download.async_downloader - WARNING - 下载图片失败: cannot schedule new futures after shutdown
2026-01-12 08:45:23,503 - download.async_downloader - WARNING - 下载图片失败: cannot schedule new futures after shutdown
2026-01-12 08:45:23,526 - download.async_downloader - WARNING - 下载图片失败: cannot schedule new futures after shutdown
2026-01-12 08:45:23,532 - download.async_downloader - WARNING - 下载图片失败: cannot schedule new futures after shutdown
2026-01-12 08:45:23,557 - download.async_downloader - WARNING - 下载图片失败: cannot schedule new futures after shutdown
2026-01-12 08:45:23,573 - download.async_downloader - WARNING - 下载图片失败: cannot schedule new futures after shutdown
2026-01-12 08:45:23,597 - download.async_downloader - WARNING - 下载图片失败: cannot schedule new futures after shutdown
2026-01-12 08:45:23,637 - download.async_downloader - WARNING - 下载图片失败: cannot schedule new futures after shutdown
2026-01-12 08:45:23,665 - download.async_downloader - WARNING - 下载图片失败: cannot schedule new futures after shutdown
2026-01-12 08:45:23,701 - download.async_downloader - WARNING - 下载图片失败: cannot schedule new futures after shutdown
2026-01-12 08:45:23,733 - download.async_downloader - WARNING - 下载图片失败: cannot schedule new futures after shutdown
2026-01-12 08:45:23,764 - download.async_downloader - WARNING - 下载图片失败: cannot schedule new futures after shutdown
2026-01-12 08:45:23,796 - download.async_downloader - WARNING - 下载图片失败: cannot schedule new futures after shutdown
2026-01-12 08:45:23,826 - download.async_downloader - WARNING - 下载图片失败: cannot schedule new futures after shutdown
2026-01-12 08:45:23,857 - download.async_downloader - WARNING - 下载图片失败: cannot schedule new futures after shutdown
2026-01-12 08:45:23,888 - download.async_downloader - WARNING - 下载图片失败: cannot schedule new futures after shutdown
2026-01-12 08:45:23,919 - download.async_downloader - WARNING - 下载图片失败: cannot schedule new futures after shutdown
2026-01-12 08:45:23,949 - download.async_downloader - WARNING - 下载图片失败: cannot schedule new futures after shutdown
2026-01-12 08:45:23,971 - download.async_downloader - WARNING - 下载图片失败: cannot schedule new futures after shutdown
2026-01-12 08:45:24,002 - download.async_downloader - WARNING - 下载图片失败: cannot schedule new futures after shutdown
2026-01-12 08:45:24,034 - download.async_downloader - WARNING - 下载图片失败: cannot schedule new futures after shutdown
2026-01-12 08:45:24,065 - download.async_downloader - WARNING - 下载图片失败: cannot schedule new futures after shutdown
2026-01-12 08:45:24,095 - download.async_downloader - WARNING - 下载图片失败: cannot schedule new futures after shutdown
2026-01-12 08:45:24,123 - download.async_downloader - WARNING - 下载图片失败: cannot schedule new futures after shutdown
2026-01-12 08:45:24,157 - download.async_downloader - WARNING - 下载图片失败: cannot schedule new futures after shutdown
2026-01-12 08:45:24,188 - download.async_downloader - WARNING - 下载图片失败: cannot schedule new futures after shutdown
2026-01-12 08:45:24,215 - download.async_downloader - WARNING - 下载图片失败: cannot schedule new futures after shutdown
2026-01-12 08:45:24,247 - download.async_downloader - WARNING - 下载图片失败: cannot schedule new futures after shutdown
2026-01-12 08:45:24,278 - download.async_downloader - WARNING - 下载图片失败: cannot schedule new futures after shutdown
2026-01-12 08:45:24,309 - download.async_downloader - WARNING - 下载图片失败: cannot schedule new futures after shutdown
2026-01-12 08:45:24,340 - download.async_downloader - WARNING - 下载图片失败: cannot schedule new futures after shutdown
2026-01-12 08:45:24,372 - download.async_downloader - WARNING - 下载图片失败: cannot schedule new futures after shutdown
2026-01-12 08:45:24,402 - download.async_downloader - WARNING - 下载图片失败: cannot schedule new futures after shutdown
2026-01-12 08:45:24,433 - download.async_downloader - WARNING - 下载图片失败: cannot schedule new futures after shutdown
2026-01-12 08:45:24,464 - download.async_downloader - WARNING - 下载图片失败: cannot schedule new futures after shutdown
2026-01-12 08:45:24,480 - download.async_downloader - WARNING - 下载图片失败: cannot schedule new futures after shutdown
2026-01-12 08:45:24,511 - download.async_downloader - WARNING - 下载图片失败: cannot schedule new futures after shutdown
2026-01-12 08:45:24,526 - download.async_downloader - WARNING - 下载图片失败: cannot schedule new futures after shutdown
2026-01-12 08:45:24,541 - download.async_downloader - WARNING - 下载图片失败: cannot schedule new futures after shutdown
2026-01-12 08:45:24,572 - download.async_downloader - WARNING - 下载图片失败: cannot schedule new futures after shutdown
2026-01-12 08:45:24,603 - download.async_downloader - WARNING - 下载图片失败: cannot schedule new futures after shutdown
2026-01-12 08:45:24,634 - download.async_downloader - WARNING - 下载图片失败: cannot schedule new futures after shutdown
2026-01-12 08:45:24,664 - download.async_downloader - WARNING - 下载图片失败: cannot schedule new futures after shutdown
2026-01-12 08:45:24,695 - download.async_downloader - WARNING - 下载图片失败: cannot schedule new futures after shutdown
2026-01-12 08:45:24,726 - download.async_downloader - WARNING - 下载图片失败: cannot schedule new futures after shutdown
2026-01-12 08:45:24,757 - download.async_downloader - WARNING - 下载图片失败: cannot schedule new futures after shutdown
2026-01-12 08:45:24,788 - download.async_downloader - WARNING - 下载图片失败: cannot schedule new futures after shutdown
2026-01-12 08:45:24,819 - download.async_downloader - WARNING - 下载图片失败: cannot schedule new futures after shutdown
2026-01-12 08:45:24,850 - download.async_downloader - WARNING - 下载图片失败: cannot schedule new futures after shutdown
2026-01-12 08:45:24,880 - download.async_downloader - WARNING - 下载图片失败: cannot schedule new futures after shutdown
2026-01-12 08:45:24,902 - download.async_downloader - WARNING - 下载图片失败: cannot schedule new futures after shutdown
2026-01-12 08:45:24,928 - download.async_downloader - WARNING - 下载图片失败: cannot schedule new futures after shutdown
2026-01-12 08:45:24,958 - download.async_downloader - WARNING - 下载图片失败: cannot schedule new futures after shutdown
2026-01-12 08:45:24,990 - download.async_downloader - WARNING - 下载图片失败: cannot schedule new futures after shutdown
2026-01-12 08:45:25,021 - download.async_downloader - WARNING - 下载图片失败: cannot schedule new futures after shutdown
2026-01-12 08:45:25,052 - download.async_downloader - WARNING - 下载图片失败: cannot schedule new futures after shutdown
2026-01-12 08:45:25,083 - download.async_downloader - WARNING - 下载图片失败: cannot schedule new futures after shutdown
2026-01-12 08:45:25,114 - download.async_downloader - WARNING - 下载图片失败: cannot schedule new futures after shutdown
2026-01-12 08:45:25,145 - download.async_downloader - WARNING - 下载图片失败: cannot schedule new futures after shutdown
2026-01-12 08:45:25,176 - download.async_downloader - WARNING - 下载图片失败: cannot schedule new futures after shutdown
2026-01-12 08:45:25,208 - download.async_downloader - WARNING - 下载图片失败: cannot schedule new futures after shutdown
2026-01-12 08:47:54,391 - download.async_downloader - INFO - OSS连接成功
2026-01-12 09:35:27,267 - mysql.connector - INFO - package: mysql.connector.plugins
2026-01-12 09:35:27,284 - mysql.connector - INFO - plugin_name: mysql_native_password
2026-01-12 09:35:27,299 - mysql.connector - INFO - AUTHENTICATION_PLUGIN_CLASS: MySQLNativePasswordAuthPlugin
2026-01-12 09:35:56,750 - download.async_downloader - INFO - OSS连接成功
2026-01-12 09:35:56,779 - download.async_downloader - INFO - 数据表时间范围: 2026-01-01 00:00:00 到 2026-01-31 23:59:59
2026-01-12 09:35:56,783 - download.async_downloader - INFO - [10.0%] downloading: 1368 (1/1)
2026-01-12 09:35:57,323 - download.async_downloader - INFO - [100.0%] Download completed
2026-01-12 09:36:21,135 - download.async_downloader - INFO - OSS连接成功
2026-01-12 09:36:21,145 - download.async_downloader - INFO - 数据表时间范围: 2025-01-01 00:00:00 到 2025-01-31 23:59:59
2026-01-12 09:36:21,151 - download.async_downloader - INFO - [10.0%] downloading: 1368 (1/1)
2026-01-12 09:36:54,443 - download.async_downloader - INFO - [100.0%] Download completed
2026-01-12 09:37:20,166 - download.async_downloader - INFO - OSS连接成功
2026-01-12 09:37:20,182 - download.async_downloader - INFO - 数据表时间范围: 2025-01-01 00:00:00 到 2025-01-31 23:59:59
2026-01-12 09:37:20,194 - download.async_downloader - INFO - [10.0%] downloading: 1368 (1/1)
2026-01-12 09:37:48,839 - download.async_downloader - INFO - [100.0%] Download completed
2026-01-12 09:38:54,504 - download.async_downloader - INFO - OSS连接成功
2026-01-12 09:38:54,518 - download.async_downloader - INFO - 数据表时间范围: 2025-01-01 00:00:00 到 2025-02-28 23:59:59
2026-01-12 09:38:54,526 - download.async_downloader - INFO - [10.0%] downloading: 1368 (1/1)
2026-01-12 09:42:01,943 - download.async_downloader - INFO - [100.0%] Download completed
2026-01-12 09:42:44,514 - download.async_downloader - INFO - OSS连接成功
2026-01-12 09:42:59,693 - mysql.connector - INFO - package: mysql.connector.plugins
2026-01-12 09:42:59,693 - mysql.connector - INFO - plugin_name: mysql_native_password
2026-01-12 09:42:59,693 - mysql.connector - INFO - AUTHENTICATION_PLUGIN_CLASS: MySQLNativePasswordAuthPlugin
2026-01-12 09:43:03,337 - download.async_downloader - INFO - OSS连接成功
2026-01-12 09:43:03,357 - download.async_downloader - INFO - 数据表时间范围: 2025-01-01 00:00:00 到 2025-03-31 23:59:59
2026-01-12 09:43:03,361 - download.async_downloader - INFO - [10.0%] downloading: 1368 (1/1)
2026-01-12 09:49:52,240 - download.async_downloader - INFO - OSS连接成功
2026-01-12 09:50:06,373 - mysql.connector - INFO - package: mysql.connector.plugins
2026-01-12 09:50:06,373 - mysql.connector - INFO - plugin_name: mysql_native_password
2026-01-12 09:50:06,374 - mysql.connector - INFO - AUTHENTICATION_PLUGIN_CLASS: MySQLNativePasswordAuthPlugin
2026-01-12 09:50:22,569 - download.async_downloader - INFO - OSS连接成功
2026-01-12 09:50:37,293 - download.async_downloader - INFO - OSS连接成功
2026-01-12 09:50:37,296 - download.async_downloader - INFO - 数据表时间范围: 2025-01-01 00:00:00 到 2025-03-31 23:59:59
2026-01-12 09:50:37,300 - download.async_downloader - INFO - [10.0%] downloading: 1368 (1/1)
2026-01-12 09:51:06,735 - download.async_downloader - WARNING - 下载图片失败: cannot schedule new futures after shutdown
2026-01-12 09:51:06,763 - download.async_downloader - WARNING - 下载图片失败: cannot schedule new futures after shutdown
2026-01-12 09:51:06,794 - download.async_downloader - WARNING - 下载图片失败: cannot schedule new futures after shutdown
2026-01-12 09:51:06,825 - download.async_downloader - WARNING - 下载图片失败: cannot schedule new futures after shutdown
2026-01-12 09:51:06,855 - download.async_downloader - WARNING - 下载图片失败: cannot schedule new futures after shutdown
2026-01-12 09:51:06,881 - download.async_downloader - WARNING - 下载图片失败: cannot schedule new futures after shutdown
2026-01-12 09:51:06,913 - download.async_downloader - WARNING - 下载图片失败: cannot schedule new futures after shutdown
2026-01-12 09:51:06,944 - download.async_downloader - WARNING - 下载图片失败: cannot schedule new futures after shutdown
2026-01-12 09:51:06,975 - download.async_downloader - WARNING - 下载图片失败: cannot schedule new futures after shutdown
2026-01-12 09:51:07,006 - download.async_downloader - WARNING - 下载图片失败: cannot schedule new futures after shutdown
2026-01-12 09:51:07,037 - download.async_downloader - WARNING - 下载图片失败: cannot schedule new futures after shutdown
2026-01-12 09:51:07,068 - download.async_downloader - WARNING - 下载图片失败: cannot schedule new futures after shutdown
2026-01-12 09:51:07,101 - download.async_downloader - WARNING - 下载图片失败: cannot schedule new futures after shutdown
2026-01-12 09:51:07,131 - download.async_downloader - WARNING - 下载图片失败: cannot schedule new futures after shutdown
2026-01-12 09:51:07,163 - download.async_downloader - WARNING - 下载图片失败: cannot schedule new futures after shutdown
2026-01-12 09:51:07,194 - download.async_downloader - WARNING - 下载图片失败: cannot schedule new futures after shutdown
2026-01-12 09:51:07,225 - download.async_downloader - WARNING - 下载图片失败: cannot schedule new futures after shutdown
2026-01-12 09:51:07,257 - download.async_downloader - WARNING - 下载图片失败: cannot schedule new futures after shutdown
2026-01-12 09:51:07,288 - download.async_downloader - WARNING - 下载图片失败: cannot schedule new futures after shutdown
2026-01-12 09:51:07,319 - download.async_downloader - WARNING - 下载图片失败: cannot schedule new futures after shutdown
2026-01-12 09:51:07,350 - download.async_downloader - WARNING - 下载图片失败: cannot schedule new futures after shutdown
2026-01-12 09:51:07,372 - download.async_downloader - WARNING - 下载图片失败: cannot schedule new futures after shutdown
2026-01-12 09:51:07,403 - download.async_downloader - WARNING - 下载图片失败: cannot schedule new futures after shutdown
2026-01-12 09:51:07,434 - download.async_downloader - WARNING - 下载图片失败: cannot schedule new futures after shutdown
2026-01-12 09:51:07,462 - download.async_downloader - WARNING - 下载图片失败: cannot schedule new futures after shutdown
2026-01-12 09:51:07,492 - download.async_downloader - WARNING - 下载图片失败: cannot schedule new futures after shutdown
2026-01-12 09:51:07,523 - download.async_downloader - WARNING - 下载图片失败: cannot schedule new futures after shutdown
2026-01-12 09:51:07,554 - download.async_downloader - WARNING - 下载图片失败: cannot schedule new futures after shutdown
2026-01-12 09:51:07,585 - download.async_downloader - WARNING - 下载图片失败: cannot schedule new futures after shutdown
2026-01-12 09:51:07,616 - download.async_downloader - WARNING - 下载图片失败: cannot schedule new futures after shutdown
2026-01-12 09:51:07,647 - download.async_downloader - WARNING - 下载图片失败: cannot schedule new futures after shutdown
2026-01-12 09:51:07,678 - download.async_downloader - WARNING - 下载图片失败: cannot schedule new futures after shutdown
2026-01-12 09:51:07,712 - download.async_downloader - WARNING - 下载图片失败: cannot schedule new futures after shutdown
2026-01-12 09:51:07,742 - download.async_downloader - WARNING - 下载图片失败: cannot schedule new futures after shutdown
2026-01-12 09:51:07,778 - download.async_downloader - WARNING - 下载图片失败: cannot schedule new futures after shutdown
2026-01-12 09:51:07,803 - download.async_downloader - WARNING - 下载图片失败: cannot schedule new futures after shutdown
2026-01-12 09:51:07,829 - download.async_downloader - WARNING - 下载图片失败: cannot schedule new futures after shutdown
2026-01-12 09:51:07,854 - download.async_downloader - WARNING - 下载图片失败: cannot schedule new futures after shutdown
2026-01-12 09:51:07,855 - download.async_downloader - WARNING - 下载图片失败: cannot schedule new futures after shutdown
2026-01-12 09:51:07,881 - download.async_downloader - WARNING - 下载图片失败: cannot schedule new futures after shutdown
2026-01-12 09:51:07,919 - download.async_downloader - WARNING - 下载图片失败: cannot schedule new futures after shutdown
2026-01-12 09:51:07,945 - download.async_downloader - WARNING - 下载图片失败: cannot schedule new futures after shutdown
2026-01-12 09:51:07,968 - download.async_downloader - WARNING - 下载图片失败: cannot schedule new futures after shutdown
2026-01-12 09:51:08,004 - download.async_downloader - WARNING - 下载图片失败: cannot schedule new futures after shutdown
2026-01-12 09:51:08,031 - download.async_downloader - WARNING - 下载图片失败: cannot schedule new futures after shutdown
2026-01-12 09:51:08,054 - download.async_downloader - WARNING - 下载图片失败: cannot schedule new futures after shutdown
2026-01-12 09:51:08,091 - download.async_downloader - WARNING - 下载图片失败: cannot schedule new futures after shutdown
2026-01-12 09:51:08,118 - download.async_downloader - WARNING - 下载图片失败: cannot schedule new futures after shutdown
2026-01-12 09:51:08,142 - download.async_downloader - WARNING - 下载图片失败: cannot schedule new futures after shutdown
2026-01-12 09:51:08,179 - download.async_downloader - WARNING - 下载图片失败: cannot schedule new futures after shutdown
2026-01-12 09:51:08,206 - download.async_downloader - WARNING - 下载图片失败: cannot schedule new futures after shutdown
2026-01-12 09:51:08,229 - download.async_downloader - WARNING - 下载图片失败: cannot schedule new futures after shutdown
2026-01-12 09:51:08,231 - download.async_downloader - WARNING - 下载图片失败: cannot schedule new futures after shutdown
2026-01-12 09:51:08,267 - download.async_downloader - WARNING - 下载图片失败: cannot schedule new futures after shutdown
2026-01-12 09:51:08,293 - download.async_downloader - WARNING - 下载图片失败: cannot schedule new futures after shutdown
2026-01-12 09:51:08,329 - download.async_downloader - WARNING - 下载图片失败: cannot schedule new futures after shutdown
2026-01-12 09:51:08,373 - download.async_downloader - WARNING - 下载图片失败: cannot schedule new futures after shutdown
2026-01-12 09:51:08,403 - download.async_downloader - WARNING - 下载图片失败: cannot schedule new futures after shutdown
2026-01-12 09:51:08,442 - download.async_downloader - WARNING - 下载图片失败: cannot schedule new futures after shutdown
2026-01-12 09:51:08,470 - download.async_downloader - WARNING - 下载图片失败: cannot schedule new futures after shutdown
2026-01-12 09:51:08,509 - download.async_downloader - WARNING - 下载图片失败: cannot schedule new futures after shutdown
2026-01-12 09:51:08,537 - download.async_downloader - WARNING - 下载图片失败: cannot schedule new futures after shutdown
2026-01-12 09:51:08,551 - download.async_downloader - WARNING - 下载图片失败: cannot schedule new futures after shutdown
2026-01-12 09:51:08,586 - download.async_downloader - WARNING - 下载图片失败: cannot schedule new futures after shutdown
2026-01-12 09:51:08,604 - download.async_downloader - WARNING - 下载图片失败: cannot schedule new futures after shutdown
2026-01-12 09:51:08,631 - download.async_downloader - WARNING - 下载图片失败: cannot schedule new futures after shutdown
2026-01-12 09:51:08,657 - download.async_downloader - WARNING - 下载图片失败: cannot schedule new futures after shutdown
2026-01-12 09:51:08,680 - download.async_downloader - WARNING - 下载图片失败: cannot schedule new futures after shutdown
2026-01-12 09:51:08,708 - download.async_downloader - WARNING - 下载图片失败: cannot schedule new futures after shutdown
2026-01-12 09:51:08,739 - download.async_downloader - WARNING - 下载图片失败: cannot schedule new futures after shutdown
2026-01-12 09:51:08,768 - download.async_downloader - WARNING - 下载图片失败: cannot schedule new futures after shutdown
2026-01-12 09:51:08,802 - download.async_downloader - WARNING - 下载图片失败: cannot schedule new futures after shutdown
2026-01-12 09:51:08,826 - download.async_downloader - WARNING - 下载图片失败: cannot schedule new futures after shutdown
2026-01-12 09:51:08,873 - download.async_downloader - WARNING - 下载图片失败: cannot schedule new futures after shutdown
2026-01-12 09:51:08,895 - download.async_downloader - WARNING - 下载图片失败: cannot schedule new futures after shutdown
2026-01-12 09:51:08,910 - download.async_downloader - WARNING - 下载图片失败: cannot schedule new futures after shutdown
2026-01-12 09:51:08,941 - download.async_downloader - WARNING - 下载图片失败: cannot schedule new futures after shutdown
2026-01-12 09:51:08,971 - download.async_downloader - WARNING - 下载图片失败: cannot schedule new futures after shutdown
2026-01-12 09:51:09,003 - download.async_downloader - WARNING - 下载图片失败: cannot schedule new futures after shutdown
2026-01-12 09:51:09,031 - download.async_downloader - WARNING - 下载图片失败: cannot schedule new futures after shutdown
2026-01-12 09:51:09,063 - download.async_downloader - WARNING - 下载图片失败: cannot schedule new futures after shutdown
2026-01-12 09:51:09,097 - download.async_downloader - WARNING - 下载图片失败: cannot schedule new futures after shutdown
2026-01-12 09:51:09,124 - download.async_downloader - WARNING - 下载图片失败: cannot schedule new futures after shutdown
2026-01-12 09:51:09,152 - download.async_downloader - WARNING - 下载图片失败: cannot schedule new futures after shutdown
2026-01-12 09:51:09,182 - download.async_downloader - WARNING - 下载图片失败: cannot schedule new futures after shutdown
2026-01-12 09:51:09,197 - download.async_downloader - WARNING - 下载图片失败: cannot schedule new futures after shutdown
2026-01-12 09:51:09,216 - download.async_downloader - WARNING - 下载图片失败: cannot schedule new futures after shutdown
2026-01-12 09:51:09,242 - download.async_downloader - WARNING - 下载图片失败: cannot schedule new futures after shutdown
2026-01-12 09:51:09,258 - download.async_downloader - WARNING - 下载图片失败: cannot schedule new futures after shutdown
2026-01-12 09:51:09,273 - download.async_downloader - WARNING - 下载图片失败: cannot schedule new futures after shutdown
2026-01-12 09:51:09,304 - download.async_downloader - WARNING - 下载图片失败: cannot schedule new futures after shutdown
2026-01-12 09:51:09,334 - download.async_downloader - WARNING - 下载图片失败: cannot schedule new futures after shutdown
2026-01-12 09:51:09,364 - download.async_downloader - WARNING - 下载图片失败: cannot schedule new futures after shutdown
2026-01-12 09:51:09,395 - download.async_downloader - WARNING - 下载图片失败: cannot schedule new futures after shutdown
2026-01-12 09:51:09,426 - download.async_downloader - WARNING - 下载图片失败: cannot schedule new futures after shutdown
2026-01-12 09:51:09,456 - download.async_downloader - WARNING - 下载图片失败: cannot schedule new futures after shutdown
2026-01-12 09:51:09,488 - download.async_downloader - WARNING - 下载图片失败: cannot schedule new futures after shutdown
2026-01-12 09:51:09,518 - download.async_downloader - WARNING - 下载图片失败: cannot schedule new futures after shutdown
2026-01-12 09:51:09,548 - download.async_downloader - WARNING - 下载图片失败: cannot schedule new futures after shutdown
2026-01-12 09:51:09,579 - download.async_downloader - WARNING - 下载图片失败: cannot schedule new futures after shutdown
2026-01-12 09:51:09,609 - download.async_downloader - WARNING - 下载图片失败: cannot schedule new futures after shutdown
2026-01-12 09:51:09,640 - download.async_downloader - WARNING - 下载图片失败: cannot schedule new futures after shutdown
2026-01-12 09:51:09,671 - download.async_downloader - WARNING - 下载图片失败: cannot schedule new futures after shutdown
2026-01-12 09:51:09,701 - download.async_downloader - WARNING - 下载图片失败: cannot schedule new futures after shutdown
2026-01-12 09:51:09,731 - download.async_downloader - WARNING - 下载图片失败: cannot schedule new futures after shutdown
2026-01-12 09:51:09,761 - download.async_downloader - WARNING - 下载图片失败: cannot schedule new futures after shutdown
2026-01-12 09:51:09,792 - download.async_downloader - WARNING - 下载图片失败: cannot schedule new futures after shutdown
2026-01-12 09:51:09,807 - download.async_downloader - WARNING - 下载图片失败: cannot schedule new futures after shutdown
2026-01-12 09:51:09,823 - download.async_downloader - WARNING - 下载图片失败: cannot schedule new futures after shutdown
2026-01-12 09:51:09,838 - download.async_downloader - WARNING - 下载图片失败: cannot schedule new futures after shutdown
2026-01-12 09:51:09,869 - download.async_downloader - WARNING - 下载图片失败: cannot schedule new futures after shutdown
2026-01-12 09:51:09,898 - download.async_downloader - WARNING - 下载图片失败: cannot schedule new futures after shutdown
2026-01-12 09:51:09,929 - download.async_downloader - WARNING - 下载图片失败: cannot schedule new futures after shutdown
2026-01-12 09:51:09,959 - download.async_downloader - WARNING - 下载图片失败: cannot schedule new futures after shutdown
2026-01-12 09:51:09,989 - download.async_downloader - WARNING - 下载图片失败: cannot schedule new futures after shutdown
2026-01-12 09:51:10,020 - download.async_downloader - WARNING - 下载图片失败: cannot schedule new futures after shutdown
2026-01-12 09:51:10,051 - download.async_downloader - WARNING - 下载图片失败: cannot schedule new futures after shutdown
2026-01-12 09:51:10,082 - download.async_downloader - WARNING - 下载图片失败: cannot schedule new futures after shutdown
2026-01-12 09:51:10,112 - download.async_downloader - WARNING - 下载图片失败: cannot schedule new futures after shutdown
2026-01-12 09:51:10,142 - download.async_downloader - WARNING - 下载图片失败: cannot schedule new futures after shutdown
2026-01-12 09:51:10,173 - download.async_downloader - WARNING - 下载图片失败: cannot schedule new futures after shutdown
2026-01-12 09:51:10,203 - download.async_downloader - WARNING - 下载图片失败: cannot schedule new futures after shutdown
2026-01-12 09:51:10,232 - download.async_downloader - WARNING - 下载图片失败: cannot schedule new futures after shutdown
2026-01-12 09:51:10,263 - download.async_downloader - WARNING - 下载图片失败: cannot schedule new futures after shutdown
2026-01-12 09:51:10,294 - download.async_downloader - WARNING - 下载图片失败: cannot schedule new futures after shutdown
2026-01-12 09:51:10,324 - download.async_downloader - WARNING - 下载图片失败: cannot schedule new futures after shutdown
2026-01-12 09:51:10,355 - download.async_downloader - WARNING - 下载图片失败: cannot schedule new futures after shutdown
2026-01-12 09:51:10,386 - download.async_downloader - WARNING - 下载图片失败: cannot schedule new futures after shutdown
2026-01-12 09:51:10,416 - download.async_downloader - WARNING - 下载图片失败: cannot schedule new futures after shutdown
2026-01-12 09:51:10,432 - download.async_downloader - WARNING - 下载图片失败: cannot schedule new futures after shutdown
2026-01-12 09:51:10,463 - download.async_downloader - WARNING - 下载图片失败: cannot schedule new futures after shutdown
2026-01-12 09:51:10,478 - download.async_downloader - WARNING - 下载图片失败: cannot schedule new futures after shutdown
2026-01-12 09:51:10,509 - download.async_downloader - WARNING - 下载图片失败: cannot schedule new futures after shutdown
2026-01-12 09:51:10,539 - download.async_downloader - WARNING - 下载图片失败: cannot schedule new futures after shutdown
2026-01-12 09:51:10,570 - download.async_downloader - WARNING - 下载图片失败: cannot schedule new futures after shutdown
2026-01-12 09:51:10,600 - download.async_downloader - WARNING - 下载图片失败: cannot schedule new futures after shutdown
2026-01-12 09:51:10,629 - download.async_downloader - WARNING - 下载图片失败: cannot schedule new futures after shutdown
2026-01-12 09:51:10,660 - download.async_downloader - WARNING - 下载图片失败: cannot schedule new futures after shutdown
2026-01-12 09:51:10,690 - download.async_downloader - WARNING - 下载图片失败: cannot schedule new futures after shutdown
2026-01-12 09:51:10,720 - download.async_downloader - WARNING - 下载图片失败: cannot schedule new futures after shutdown
2026-01-12 09:51:10,751 - download.async_downloader - WARNING - 下载图片失败: cannot schedule new futures after shutdown
2026-01-12 09:51:10,781 - download.async_downloader - WARNING - 下载图片失败: cannot schedule new futures after shutdown
2026-01-12 09:51:10,811 - download.async_downloader - WARNING - 下载图片失败: cannot schedule new futures after shutdown
2026-01-12 09:51:10,841 - download.async_downloader - WARNING - 下载图片失败: cannot schedule new futures after shutdown
2026-01-12 09:51:10,872 - download.async_downloader - WARNING - 下载图片失败: cannot schedule new futures after shutdown
2026-01-12 09:51:10,917 - download.async_downloader - WARNING - 下载图片失败: cannot schedule new futures after shutdown
2026-01-12 09:51:10,932 - download.async_downloader - WARNING - 下载图片失败: cannot schedule new futures after shutdown
2026-01-12 09:51:10,948 - download.async_downloader - WARNING - 下载图片失败: cannot schedule new futures after shutdown
2026-01-12 09:51:10,963 - download.async_downloader - WARNING - 下载图片失败: cannot schedule new futures after shutdown
2026-01-12 09:51:10,994 - download.async_downloader - WARNING - 下载图片失败: cannot schedule new futures after shutdown
2026-01-12 09:51:11,025 - download.async_downloader - WARNING - 下载图片失败: cannot schedule new futures after shutdown
2026-01-12 09:51:11,055 - download.async_downloader - WARNING - 下载图片失败: cannot schedule new futures after shutdown
2026-01-12 09:51:11,086 - download.async_downloader - WARNING - 下载图片失败: cannot schedule new futures after shutdown
2026-01-12 09:51:11,117 - download.async_downloader - WARNING - 下载图片失败: cannot schedule new futures after shutdown
2026-01-12 09:51:11,146 - download.async_downloader - WARNING - 下载图片失败: cannot schedule new futures after shutdown
2026-01-12 09:51:11,176 - download.async_downloader - WARNING - 下载图片失败: cannot schedule new futures after shutdown
2026-01-12 09:51:11,207 - download.async_downloader - WARNING - 下载图片失败: cannot schedule new futures after shutdown
2026-01-12 09:51:11,238 - download.async_downloader - WARNING - 下载图片失败: cannot schedule new futures after shutdown
2026-01-12 09:51:11,268 - download.async_downloader - WARNING - 下载图片失败: cannot schedule new futures after shutdown
2026-01-12 09:51:11,300 - download.async_downloader - WARNING - 下载图片失败: cannot schedule new futures after shutdown
2026-01-12 09:51:11,330 - download.async_downloader - WARNING - 下载图片失败: cannot schedule new futures after shutdown
2026-01-12 09:51:11,360 - download.async_downloader - WARNING - 下载图片失败: cannot schedule new futures after shutdown
2026-01-12 09:51:11,392 - download.async_downloader - WARNING - 下载图片失败: cannot schedule new futures after shutdown
2026-01-12 09:51:11,420 - download.async_downloader - WARNING - 下载图片失败: cannot schedule new futures after shutdown
2026-01-12 09:51:11,450 - download.async_downloader - WARNING - 下载图片失败: cannot schedule new futures after shutdown
2026-01-12 09:51:11,481 - download.async_downloader - WARNING - 下载图片失败: cannot schedule new futures after shutdown
2026-01-12 09:51:11,512 - download.async_downloader - WARNING - 下载图片失败: cannot schedule new futures after shutdown
2026-01-12 09:51:11,543 - download.async_downloader - WARNING - 下载图片失败: cannot schedule new futures after shutdown
2026-01-12 09:51:11,573 - download.async_downloader - WARNING - 下载图片失败: cannot schedule new futures after shutdown
2026-01-12 09:51:11,588 - download.async_downloader - WARNING - 下载图片失败: cannot schedule new futures after shutdown
2026-01-12 09:51:11,604 - download.async_downloader - WARNING - 下载图片失败: cannot schedule new futures after shutdown
2026-01-12 09:51:11,620 - download.async_downloader - WARNING - 下载图片失败: cannot schedule new futures after shutdown
2026-01-12 09:51:11,635 - download.async_downloader - WARNING - 下载图片失败: cannot schedule new futures after shutdown
2026-01-12 09:51:11,651 - download.async_downloader - WARNING - 下载图片失败: cannot schedule new futures after shutdown
2026-01-12 09:51:11,667 - download.async_downloader - WARNING - 下载图片失败: cannot schedule new futures after shutdown
2026-01-12 09:51:11,681 - download.async_downloader - WARNING - 下载图片失败: cannot schedule new futures after shutdown
2026-01-12 09:51:11,712 - download.async_downloader - WARNING - 下载图片失败: cannot schedule new futures after shutdown
2026-01-12 09:51:11,743 - download.async_downloader - WARNING - 下载图片失败: cannot schedule new futures after shutdown
2026-01-12 09:51:11,772 - download.async_downloader - WARNING - 下载图片失败: cannot schedule new futures after shutdown
2026-01-12 09:51:11,803 - download.async_downloader - WARNING - 下载图片失败: cannot schedule new futures after shutdown
2026-01-12 09:51:11,834 - download.async_downloader - WARNING - 下载图片失败: cannot schedule new futures after shutdown
2026-01-12 09:51:11,864 - download.async_downloader - WARNING - 下载图片失败: cannot schedule new futures after shutdown
2026-01-12 09:51:11,896 - download.async_downloader - WARNING - 下载图片失败: cannot schedule new futures after shutdown
2026-01-12 09:51:11,927 - download.async_downloader - WARNING - 下载图片失败: cannot schedule new futures after shutdown
2026-01-12 09:51:11,957 - download.async_downloader - WARNING - 下载图片失败: cannot schedule new futures after shutdown
2026-01-12 09:51:11,988 - download.async_downloader - WARNING - 下载图片失败: cannot schedule new futures after shutdown
2026-01-12 09:51:12,018 - download.async_downloader - WARNING - 下载图片失败: cannot schedule new futures after shutdown
2026-01-12 09:51:12,049 - download.async_downloader - WARNING - 下载图片失败: cannot schedule new futures after shutdown
2026-01-12 09:51:12,079 - download.async_downloader - WARNING - 下载图片失败: cannot schedule new futures after shutdown
2026-01-12 09:51:12,110 - download.async_downloader - WARNING - 下载图片失败: cannot schedule new futures after shutdown
2026-01-12 09:51:12,141 - download.async_downloader - WARNING - 下载图片失败: cannot schedule new futures after shutdown
2026-01-12 09:51:12,171 - download.async_downloader - WARNING - 下载图片失败: cannot schedule new futures after shutdown
2026-01-12 09:51:12,202 - download.async_downloader - WARNING - 下载图片失败: cannot schedule new futures after shutdown
2026-01-12 09:51:12,235 - download.async_downloader - WARNING - 下载图片失败: cannot schedule new futures after shutdown
2026-01-12 09:51:12,263 - download.async_downloader - WARNING - 下载图片失败: cannot schedule new futures after shutdown
2026-01-12 09:51:12,293 - download.async_downloader - WARNING - 下载图片失败: cannot schedule new futures after shutdown
2026-01-12 09:51:12,323 - download.async_downloader - WARNING - 下载图片失败: cannot schedule new futures after shutdown
2026-01-12 09:51:12,339 - download.async_downloader - WARNING - 下载图片失败: cannot schedule new futures after shutdown
2026-01-12 09:51:12,353 - download.async_downloader - WARNING - 下载图片失败: cannot schedule new futures after shutdown
2026-01-12 09:51:12,384 - download.async_downloader - WARNING - 下载图片失败: cannot schedule new futures after shutdown
2026-01-12 09:51:12,414 - download.async_downloader - WARNING - 下载图片失败: cannot schedule new futures after shutdown
2026-01-12 09:51:12,445 - download.async_downloader - WARNING - 下载图片失败: cannot schedule new futures after shutdown
2026-01-12 09:51:12,476 - download.async_downloader - WARNING - 下载图片失败: cannot schedule new futures after shutdown
2026-01-12 09:51:12,508 - download.async_downloader - WARNING - 下载图片失败: cannot schedule new futures after shutdown
2026-01-12 09:51:12,537 - download.async_downloader - WARNING - 下载图片失败: cannot schedule new futures after shutdown
2026-01-12 09:51:12,568 - download.async_downloader - WARNING - 下载图片失败: cannot schedule new futures after shutdown
2026-01-12 09:51:12,599 - download.async_downloader - WARNING - 下载图片失败: cannot schedule new futures after shutdown
2026-01-12 09:51:12,629 - download.async_downloader - WARNING - 下载图片失败: cannot schedule new futures after shutdown
2026-01-12 09:51:12,661 - download.async_downloader - WARNING - 下载图片失败: cannot schedule new futures after shutdown
2026-01-12 09:51:12,690 - download.async_downloader - WARNING - 下载图片失败: cannot schedule new futures after shutdown
2026-01-12 09:51:12,720 - download.async_downloader - WARNING - 下载图片失败: cannot schedule new futures after shutdown
2026-01-12 09:51:12,750 - download.async_downloader - WARNING - 下载图片失败: cannot schedule new futures after shutdown
2026-01-12 09:51:12,780 - download.async_downloader - WARNING - 下载图片失败: cannot schedule new futures after shutdown
2026-01-12 09:51:12,811 - download.async_downloader - WARNING - 下载图片失败: cannot schedule new futures after shutdown
2026-01-12 09:51:12,841 - download.async_downloader - WARNING - 下载图片失败: cannot schedule new futures after shutdown
2026-01-12 09:51:12,872 - download.async_downloader - WARNING - 下载图片失败: cannot schedule new futures after shutdown
2026-01-12 09:51:12,897 - download.async_downloader - WARNING - 下载图片失败: cannot schedule new futures after shutdown
2026-01-12 09:51:12,927 - download.async_downloader - WARNING - 下载图片失败: cannot schedule new futures after shutdown
2026-01-12 09:51:12,958 - download.async_downloader - WARNING - 下载图片失败: cannot schedule new futures after shutdown
2026-01-12 09:51:12,993 - download.async_downloader - WARNING - 下载图片失败: cannot schedule new futures after shutdown
2026-01-12 09:51:13,024 - download.async_downloader - WARNING - 下载图片失败: cannot schedule new futures after shutdown
2026-01-12 09:51:13,056 - download.async_downloader - WARNING - 下载图片失败: cannot schedule new futures after shutdown
2026-01-12 09:51:13,072 - download.async_downloader - WARNING - 下载图片失败: cannot schedule new futures after shutdown
2026-01-12 09:51:13,103 - download.async_downloader - WARNING - 下载图片失败: cannot schedule new futures after shutdown
2026-01-12 09:51:13,134 - download.async_downloader - WARNING - 下载图片失败: cannot schedule new futures after shutdown
2026-01-12 09:51:13,165 - download.async_downloader - WARNING - 下载图片失败: cannot schedule new futures after shutdown
2026-01-12 09:51:13,197 - download.async_downloader - WARNING - 下载图片失败: cannot schedule new futures after shutdown
2026-01-12 09:51:13,211 - download.async_downloader - WARNING - 下载图片失败: cannot schedule new futures after shutdown
2026-01-12 09:51:13,242 - download.async_downloader - WARNING - 下载图片失败: cannot schedule new futures after shutdown
2026-01-12 09:51:13,273 - download.async_downloader - WARNING - 下载图片失败: cannot schedule new futures after shutdown
2026-01-12 09:51:13,305 - download.async_downloader - WARNING - 下载图片失败: cannot schedule new futures after shutdown
2026-01-12 09:51:13,336 - download.async_downloader - WARNING - 下载图片失败: cannot schedule new futures after shutdown
2026-01-12 09:51:13,366 - download.async_downloader - WARNING - 下载图片失败: cannot schedule new futures after shutdown
2026-01-12 09:51:13,398 - download.async_downloader - WARNING - 下载图片失败: cannot schedule new futures after shutdown
2026-01-12 09:51:13,429 - download.async_downloader - WARNING - 下载图片失败: cannot schedule new futures after shutdown
2026-01-12 09:51:13,460 - download.async_downloader - WARNING - 下载图片失败: cannot schedule new futures after shutdown
2026-01-12 09:51:13,490 - download.async_downloader - WARNING - 下载图片失败: cannot schedule new futures after shutdown
2026-01-12 09:51:13,520 - download.async_downloader - WARNING - 下载图片失败: cannot schedule new futures after shutdown
2026-01-12 09:51:13,544 - download.async_downloader - WARNING - 下载图片失败: cannot schedule new futures after shutdown
2026-01-12 09:51:13,575 - download.async_downloader - WARNING - 下载图片失败: cannot schedule new futures after shutdown
2026-01-12 09:51:13,606 - download.async_downloader - WARNING - 下载图片失败: cannot schedule new futures after shutdown
2026-01-12 09:51:13,638 - download.async_downloader - WARNING - 下载图片失败: cannot schedule new futures after shutdown
2026-01-12 09:51:13,669 - download.async_downloader - WARNING - 下载图片失败: cannot schedule new futures after shutdown
2026-01-12 09:51:13,701 - download.async_downloader - WARNING - 下载图片失败: cannot schedule new futures after shutdown
2026-01-12 09:51:13,732 - download.async_downloader - WARNING - 下载图片失败: cannot schedule new futures after shutdown
2026-01-12 09:51:13,763 - download.async_downloader - WARNING - 下载图片失败: cannot schedule new futures after shutdown
2026-01-12 09:51:13,794 - download.async_downloader - WARNING - 下载图片失败: cannot schedule new futures after shutdown
2026-01-12 09:51:13,825 - download.async_downloader - WARNING - 下载图片失败: cannot schedule new futures after shutdown
2026-01-12 09:51:13,856 - download.async_downloader - WARNING - 下载图片失败: cannot schedule new futures after shutdown
2026-01-12 09:51:13,887 - download.async_downloader - WARNING - 下载图片失败: cannot schedule new futures after shutdown
2026-01-12 09:51:13,918 - download.async_downloader - WARNING - 下载图片失败: cannot schedule new futures after shutdown
2026-01-12 09:51:13,950 - download.async_downloader - WARNING - 下载图片失败: cannot schedule new futures after shutdown
2026-01-12 09:51:13,981 - download.async_downloader - WARNING - 下载图片失败: cannot schedule new futures after shutdown
2026-01-12 09:51:14,011 - download.async_downloader - WARNING - 下载图片失败: cannot schedule new futures after shutdown
2026-01-12 09:51:14,043 - download.async_downloader - WARNING - 下载图片失败: cannot schedule new futures after shutdown
2026-01-12 09:51:14,067 - download.async_downloader - WARNING - 下载图片失败: cannot schedule new futures after shutdown
2026-01-12 09:51:14,097 - download.async_downloader - WARNING - 下载图片失败: cannot schedule new futures after shutdown
2026-01-12 09:51:14,129 - download.async_downloader - WARNING - 下载图片失败: cannot schedule new futures after shutdown
2026-01-12 09:51:14,160 - download.async_downloader - WARNING - 下载图片失败: cannot schedule new futures after shutdown
2026-01-12 09:51:14,190 - download.async_downloader - WARNING - 下载图片失败: cannot schedule new futures after shutdown
2026-01-12 09:51:14,222 - download.async_downloader - WARNING - 下载图片失败: cannot schedule new futures after shutdown
2026-01-12 09:51:14,252 - download.async_downloader - WARNING - 下载图片失败: cannot schedule new futures after shutdown
2026-01-12 09:51:14,283 - download.async_downloader - WARNING - 下载图片失败: cannot schedule new futures after shutdown
2026-01-12 09:51:14,314 - download.async_downloader - WARNING - 下载图片失败: cannot schedule new futures after shutdown
2026-01-12 09:51:14,330 - download.async_downloader - WARNING - 下载图片失败: cannot schedule new futures after shutdown
2026-01-12 09:51:14,360 - download.async_downloader - WARNING - 下载图片失败: cannot schedule new futures after shutdown
2026-01-12 09:51:14,392 - download.async_downloader - WARNING - 下载图片失败: cannot schedule new futures after shutdown
2026-01-12 09:51:14,422 - download.async_downloader - WARNING - 下载图片失败: cannot schedule new futures after shutdown
2026-01-12 09:51:14,453 - download.async_downloader - WARNING - 下载图片失败: cannot schedule new futures after shutdown
2026-01-12 09:51:46,837 - download.async_downloader - INFO - OSS连接成功
2026-01-12 09:51:58,593 - mysql.connector - INFO - package: mysql.connector.plugins
2026-01-12 09:51:58,593 - mysql.connector - INFO - plugin_name: mysql_native_password
2026-01-12 09:51:58,594 - mysql.connector - INFO - AUTHENTICATION_PLUGIN_CLASS: MySQLNativePasswordAuthPlugin
2026-01-12 09:52:02,946 - download.async_downloader - INFO - OSS连接成功
2026-01-12 09:52:02,949 - download.async_downloader - INFO - 数据表时间范围: 2025-01-01 00:00:00 到 2025-01-31 23:59:59
2026-01-12 09:52:02,956 - download.async_downloader - INFO - [10.0%] downloading: 1368 (1/1)
2026-01-12 09:52:30,446 - urllib3.connectionpool - WARNING - Connection pool is full, discarding connection: iot-datas.oss-cn-beijing.aliyuncs.com. Connection pool size: 10
2026-01-12 09:52:31,787 - urllib3.connectionpool - WARNING - Connection pool is full, discarding connection: iot-datas.oss-cn-beijing.aliyuncs.com. Connection pool size: 10
2026-01-12 09:52:31,790 - download.async_downloader - INFO - [100.0%] Download completed
2026-01-12 09:52:46,180 - download.async_downloader - INFO - OSS连接成功
2026-01-12 09:52:46,185 - download.async_downloader - INFO - 数据表时间范围: 2025-01-01 00:00:00 到 2025-01-31 23:59:59
2026-01-12 09:52:46,192 - download.async_downloader - INFO - [10.0%] downloading: 1368 (1/1)
2026-01-12 09:53:12,613 - urllib3.connectionpool - WARNING - Connection pool is full, discarding connection: iot-datas.oss-cn-beijing.aliyuncs.com. Connection pool size: 10
2026-01-12 09:53:20,544 - urllib3.connectionpool - WARNING - Connection pool is full, discarding connection: iot-datas.oss-cn-beijing.aliyuncs.com. Connection pool size: 10
2026-01-12 09:53:20,558 - download.async_downloader - INFO - [90.0%] 正在打包ZIP文件...
2026-01-12 09:53:20,860 - download.async_downloader - INFO - ZIP文件已创建: tmp\device_data_20260112_095320.zip
2026-01-12 09:53:20,862 - download.async_downloader - INFO - [100.0%] Download completed
2026-01-12 09:56:35,069 - download.async_downloader - INFO - OSS连接成功
2026-01-12 09:56:39,314 - mysql.connector - INFO - package: mysql.connector.plugins
2026-01-12 09:56:39,314 - mysql.connector - INFO - plugin_name: mysql_native_password
2026-01-12 09:56:39,315 - mysql.connector - INFO - AUTHENTICATION_PLUGIN_CLASS: MySQLNativePasswordAuthPlugin
2026-01-12 09:57:00,016 - download.async_downloader - INFO - OSS连接成功
2026-01-12 09:57:00,042 - download.async_downloader - INFO - 数据表时间范围: 2025-01-01 00:00:00 到 2025-01-31 23:59:59
2026-01-12 09:57:00,047 - download.async_downloader - INFO - [10.0%] downloading: 1368 (1/1)
2026-01-12 09:57:10,656 - download.async_downloader - INFO - [90.0%] 正在打包ZIP文件...
2026-01-12 09:57:10,722 - download.async_downloader - INFO - ZIP文件已创建: tmp\device_data_20260112_095710.zip
2026-01-12 09:57:10,722 - download.async_downloader - INFO - [100.0%] Download completed
2026-01-12 09:57:48,887 - download.async_downloader - INFO - OSS连接成功
2026-01-12 09:57:48,896 - download.async_downloader - INFO - 数据表时间范围: 2025-01-01 00:00:00 到 2025-02-28 23:59:59
2026-01-12 09:57:48,903 - download.async_downloader - INFO - [10.0%] downloading: 1368 (1/1)
2026-01-12 09:58:55,204 - download.async_downloader - INFO - [90.0%] 正在打包ZIP文件...
2026-01-12 09:58:55,554 - download.async_downloader - INFO - ZIP文件已创建: tmp\device_data_20260112_095855.zip
2026-01-12 09:58:55,555 - download.async_downloader - INFO - [100.0%] Download completed
2026-01-12 09:59:08,010 - download.async_downloader - INFO - OSS连接成功
2026-01-12 09:59:11,515 - mysql.connector - INFO - package: mysql.connector.plugins
2026-01-12 09:59:11,516 - mysql.connector - INFO - plugin_name: mysql_native_password
2026-01-12 09:59:11,517 - mysql.connector - INFO - AUTHENTICATION_PLUGIN_CLASS: MySQLNativePasswordAuthPlugin
2026-01-12 09:59:30,204 - download.async_downloader - INFO - OSS连接成功
2026-01-12 09:59:30,208 - download.async_downloader - INFO - 数据表时间范围: 2025-01-01 00:00:00 到 2026-03-31 23:59:59
2026-01-12 09:59:30,214 - download.async_downloader - INFO - [10.0%] downloading: 1368 (1/1)
2026-01-12 10:00:26,281 - download.async_downloader - WARNING - 下载图片失败: {'status': -2, 'x-oss-request-id': '', 'details': 'RequestError: HTTPSConnectionPool(host=\'iot-datas.oss-cn-beijing.aliyuncs.com\', port=443): Max retries exceeded with url: /1368%2F1738995127_1738995064_4.jpg?x-oss-process=style%2Fsmall (Caused by NameResolutionError("<urllib3.connection.HTTPSConnection object at 0x0000021EC8392E70>: Failed to resolve \'iot-datas.oss-cn-beijing.aliyuncs.com\' ([Errno 11001] getaddrinfo failed)"))'}
2026-01-12 10:00:26,310 - download.async_downloader - WARNING - 下载图片失败: {'status': -2, 'x-oss-request-id': '', 'details': 'RequestError: HTTPSConnectionPool(host=\'iot-datas.oss-cn-beijing.aliyuncs.com\', port=443): Max retries exceeded with url: /1368%2F1738995136_1738995076_5.jpg?x-oss-process=style%2Fsmall (Caused by NameResolutionError("<urllib3.connection.HTTPSConnection object at 0x0000021EC8393260>: Failed to resolve \'iot-datas.oss-cn-beijing.aliyuncs.com\' ([Errno 11001] getaddrinfo failed)"))'}
2026-01-12 10:00:27,833 - download.async_downloader - WARNING - 下载图片失败: {'status': -2, 'x-oss-request-id': '', 'details': 'RequestError: HTTPSConnectionPool(host=\'iot-datas.oss-cn-beijing.aliyuncs.com\', port=443): Max retries exceeded with url: /1368%2F1739002327_1739002264_4.jpg?x-oss-process=style%2Fsmall (Caused by NameResolutionError("<urllib3.connection.HTTPSConnection object at 0x0000021EC83CEBA0>: Failed to resolve \'iot-datas.oss-cn-beijing.aliyuncs.com\' ([Errno 11001] getaddrinfo failed)"))'}
2026-01-12 10:00:27,895 - download.async_downloader - WARNING - 下载图片失败: {'status': -2, 'x-oss-request-id': '', 'details': 'RequestError: HTTPSConnectionPool(host=\'iot-datas.oss-cn-beijing.aliyuncs.com\', port=443): Max retries exceeded with url: /1368%2F1739002335_1739002276_5.jpg?x-oss-process=style%2Fsmall (Caused by NameResolutionError("<urllib3.connection.HTTPSConnection object at 0x0000021EC8393F80>: Failed to resolve \'iot-datas.oss-cn-beijing.aliyuncs.com\' ([Errno 11001] getaddrinfo failed)"))'}
2026-01-12 10:00:29,377 - download.async_downloader - WARNING - 下载图片失败: {'status': -2, 'x-oss-request-id': '', 'details': 'RequestError: HTTPSConnectionPool(host=\'iot-datas.oss-cn-beijing.aliyuncs.com\', port=443): Max retries exceeded with url: /1368%2F1739167934_1739146264_4.jpg?x-oss-process=style%2Fsmall (Caused by NameResolutionError("<urllib3.connection.HTTPSConnection object at 0x0000021EC8392AB0>: Failed to resolve \'iot-datas.oss-cn-beijing.aliyuncs.com\' ([Errno 11001] getaddrinfo failed)"))'}
2026-01-12 10:00:29,455 - download.async_downloader - WARNING - 下载图片失败: {'status': -2, 'x-oss-request-id': '', 'details': 'RequestError: HTTPSConnectionPool(host=\'iot-datas.oss-cn-beijing.aliyuncs.com\', port=443): Max retries exceeded with url: /1368%2F1739167944_1739146276_5.jpg?x-oss-process=style%2Fsmall (Caused by NameResolutionError("<urllib3.connection.HTTPSConnection object at 0x0000021EC83922D0>: Failed to resolve \'iot-datas.oss-cn-beijing.aliyuncs.com\' ([Errno 11001] getaddrinfo failed)"))'}
2026-01-12 10:00:30,916 - download.async_downloader - WARNING - 下载图片失败: {'status': -2, 'x-oss-request-id': '', 'details': 'RequestError: HTTPSConnectionPool(host=\'iot-datas.oss-cn-beijing.aliyuncs.com\', port=443): Max retries exceeded with url: /1368%2F1739167980_1739153464_4.jpg?x-oss-process=style%2Fsmall (Caused by NameResolutionError("<urllib3.connection.HTTPSConnection object at 0x0000021EC8392BA0>: Failed to resolve \'iot-datas.oss-cn-beijing.aliyuncs.com\' ([Errno 11001] getaddrinfo failed)"))'}
2026-01-12 10:00:31,014 - download.async_downloader - WARNING - 下载图片失败: {'status': -2, 'x-oss-request-id': '', 'details': 'RequestError: HTTPSConnectionPool(host=\'iot-datas.oss-cn-beijing.aliyuncs.com\', port=443): Max retries exceeded with url: /1368%2F1739167989_1739153476_5.jpg?x-oss-process=style%2Fsmall (Caused by NameResolutionError("<urllib3.connection.HTTPSConnection object at 0x0000021EC83931A0>: Failed to resolve \'iot-datas.oss-cn-beijing.aliyuncs.com\' ([Errno 11001] getaddrinfo failed)"))'}
2026-01-12 10:00:32,478 - download.async_downloader - WARNING - 下载图片失败: {'status': -2, 'x-oss-request-id': '', 'details': 'RequestError: HTTPSConnectionPool(host=\'iot-datas.oss-cn-beijing.aliyuncs.com\', port=443): Max retries exceeded with url: /1368%2F1739168025_1739167864_4.jpg?x-oss-process=style%2Fsmall (Caused by NameResolutionError("<urllib3.connection.HTTPSConnection object at 0x0000021EC83AD700>: Failed to resolve \'iot-datas.oss-cn-beijing.aliyuncs.com\' ([Errno 11001] getaddrinfo failed)"))'}
2026-01-12 10:00:32,542 - download.async_downloader - WARNING - 下载图片失败: {'status': -2, 'x-oss-request-id': '', 'details': 'RequestError: HTTPSConnectionPool(host=\'iot-datas.oss-cn-beijing.aliyuncs.com\', port=443): Max retries exceeded with url: /1368%2F1739168035_1739167876_5.jpg?x-oss-process=style%2Fsmall (Caused by NameResolutionError("<urllib3.connection.HTTPSConnection object at 0x0000021EC83CFCE0>: Failed to resolve \'iot-datas.oss-cn-beijing.aliyuncs.com\' ([Errno 11001] getaddrinfo failed)"))'}
2026-01-12 10:00:34,027 - download.async_downloader - WARNING - 下载图片失败: {'status': -2, 'x-oss-request-id': '', 'details': 'RequestError: HTTPSConnectionPool(host=\'iot-datas.oss-cn-beijing.aliyuncs.com\', port=443): Max retries exceeded with url: /1368%2F1739175128_1739175064_4.jpg?x-oss-process=style%2Fsmall (Caused by NameResolutionError("<urllib3.connection.HTTPSConnection object at 0x0000021EC8393530>: Failed to resolve \'iot-datas.oss-cn-beijing.aliyuncs.com\' ([Errno 11001] getaddrinfo failed)"))'}
2026-01-12 10:00:34,075 - download.async_downloader - WARNING - 下载图片失败: {'status': -2, 'x-oss-request-id': '', 'details': 'RequestError: HTTPSConnectionPool(host=\'iot-datas.oss-cn-beijing.aliyuncs.com\', port=443): Max retries exceeded with url: /1368%2F1739175137_1739175076_5.jpg?x-oss-process=style%2Fsmall (Caused by NameResolutionError("<urllib3.connection.HTTPSConnection object at 0x0000021EC8392E40>: Failed to resolve \'iot-datas.oss-cn-beijing.aliyuncs.com\' ([Errno 11001] getaddrinfo failed)"))'}
2026-01-12 10:00:35,552 - download.async_downloader - WARNING - 下载图片失败: {'status': -2, 'x-oss-request-id': '', 'details': 'RequestError: HTTPSConnectionPool(host=\'iot-datas.oss-cn-beijing.aliyuncs.com\', port=443): Max retries exceeded with url: /1368%2F1739239845_1739239776_4.jpg?x-oss-process=style%2Fsmall (Caused by NameResolutionError("<urllib3.connection.HTTPSConnection object at 0x0000021EC83CFBF0>: Failed to resolve \'iot-datas.oss-cn-beijing.aliyuncs.com\' ([Errno 11001] getaddrinfo failed)"))'}
2026-01-12 10:00:35,614 - download.async_downloader - WARNING - 下载图片失败: {'status': -2, 'x-oss-request-id': '', 'details': 'RequestError: HTTPSConnectionPool(host=\'iot-datas.oss-cn-beijing.aliyuncs.com\', port=443): Max retries exceeded with url: /1368%2F1739239854_1739239788_5.jpg?x-oss-process=style%2Fsmall (Caused by NameResolutionError("<urllib3.connection.HTTPSConnection object at 0x0000021EC83CF140>: Failed to resolve \'iot-datas.oss-cn-beijing.aliyuncs.com\' ([Errno 11001] getaddrinfo failed)"))'}
2026-01-12 10:00:37,105 - download.async_downloader - WARNING - 下载图片失败: {'status': -2, 'x-oss-request-id': '', 'details': 'RequestError: HTTPSConnectionPool(host=\'iot-datas.oss-cn-beijing.aliyuncs.com\', port=443): Max retries exceeded with url: /1368%2F1739254328_1739254264_4.jpg?x-oss-process=style%2Fsmall (Caused by NameResolutionError("<urllib3.connection.HTTPSConnection object at 0x0000021EC8392930>: Failed to resolve \'iot-datas.oss-cn-beijing.aliyuncs.com\' ([Errno 11001] getaddrinfo failed)"))'}
2026-01-12 10:00:37,342 - download.async_downloader - WARNING - 下载图片失败: {'status': -2, 'x-oss-request-id': '', 'details': 'RequestError: HTTPSConnectionPool(host=\'iot-datas.oss-cn-beijing.aliyuncs.com\', port=443): Max retries exceeded with url: /1368%2F1739254336_1739254276_5.jpg?x-oss-process=style%2Fsmall (Caused by NameResolutionError("<urllib3.connection.HTTPSConnection object at 0x0000021EC8391B50>: Failed to resolve \'iot-datas.oss-cn-beijing.aliyuncs.com\' ([Errno 11001] getaddrinfo failed)"))'}
2026-01-12 10:00:50,660 - download.async_downloader - WARNING - 下载图片失败: {'status': -2, 'x-oss-request-id': '', 'details': 'RequestError: HTTPSConnectionPool(host=\'iot-datas.oss-cn-beijing.aliyuncs.com\', port=443): Max retries exceeded with url: /1368%2F1739261536_1739261464_4.jpg?x-oss-process=style%2Fsmall (Caused by NameResolutionError("<urllib3.connection.HTTPSConnection object at 0x0000021EC83920F0>: Failed to resolve \'iot-datas.oss-cn-beijing.aliyuncs.com\' ([Errno 11001] getaddrinfo failed)"))'}
2026-01-12 10:00:50,661 - download.async_downloader - WARNING - 下载图片失败: cannot schedule new futures after shutdown
2026-01-12 10:00:50,662 - download.async_downloader - WARNING - 下载图片失败: {'status': -2, 'x-oss-request-id': '', 'details': 'RequestError: HTTPSConnectionPool(host=\'iot-datas.oss-cn-beijing.aliyuncs.com\', port=443): Max retries exceeded with url: /1368%2F1739261546_1739261476_5.jpg?x-oss-process=style%2Fsmall (Caused by NameResolutionError("<urllib3.connection.HTTPSConnection object at 0x0000021EC8392DB0>: Failed to resolve \'iot-datas.oss-cn-beijing.aliyuncs.com\' ([Errno 11001] getaddrinfo failed)"))'}
2026-01-12 10:00:50,688 - download.async_downloader - WARNING - 下载图片失败: cannot schedule new futures after shutdown
2026-01-12 10:00:50,720 - download.async_downloader - WARNING - 下载图片失败: cannot schedule new futures after shutdown
2026-01-12 10:00:50,751 - download.async_downloader - WARNING - 下载图片失败: cannot schedule new futures after shutdown
2026-01-12 10:00:50,782 - download.async_downloader - WARNING - 下载图片失败: cannot schedule new futures after shutdown
2026-01-12 10:00:50,812 - download.async_downloader - WARNING - 下载图片失败: cannot schedule new futures after shutdown
2026-01-12 10:00:50,844 - download.async_downloader - WARNING - 下载图片失败: cannot schedule new futures after shutdown
2026-01-12 11:04:02,077 - download.async_downloader - INFO - OSS连接成功
2026-01-12 11:04:26,661 - mysql.connector - INFO - package: mysql.connector.plugins
2026-01-12 11:04:26,661 - mysql.connector - INFO - plugin_name: mysql_native_password
2026-01-12 11:04:26,667 - mysql.connector - INFO - AUTHENTICATION_PLUGIN_CLASS: MySQLNativePasswordAuthPlugin
2026-01-12 11:04:32,279 - download.async_downloader - INFO - OSS连接成功
2026-01-12 11:04:32,290 - download.async_downloader - INFO - 数据表时间范围: 2025-01-01 00:00:00 到 2025-02-28 23:59:59
2026-01-12 11:04:32,296 - download.async_downloader - INFO - [10.0%] downloading: 1368 (1/1)
2026-01-12 11:05:55,896 - download.async_downloader - INFO - 下载任务已取消
2026-01-12 11:05:55,896 - download.async_downloader - ERROR - [FATAL] 网络/OSS请求失败: {'status': -2, 'x-oss-request-id': '', 'details': 'RequestError: HTTPSConnectionPool(host=\'iot-datas.oss-cn-beijing.aliyuncs.com\', port=443): Max retries exceeded with url: /1368%2F1736151974_1736151851_5.jpg (Caused by NameResolutionError("<urllib3.connection.HTTPSConnection object at 0x0000018A9C7FCDA0>: Failed to resolve \'iot-datas.oss-cn-beijing.aliyuncs.com\' ([Errno 11001] getaddrinfo failed)"))'}
2026-01-12 11:05:56,220 - download.async_downloader - INFO - 下载任务已取消
2026-01-12 11:05:56,221 - download.async_downloader - ERROR - [FATAL] 网络/OSS请求失败: {'status': -2, 'x-oss-request-id': '', 'details': 'RequestError: HTTPSConnectionPool(host=\'iot-datas.oss-cn-beijing.aliyuncs.com\', port=443): Max retries exceeded with url: /1368%2F1738813062_1738813011_4.jpg (Caused by NameResolutionError("<urllib3.connection.HTTPSConnection object at 0x0000018A9C7FD280>: Failed to resolve \'iot-datas.oss-cn-beijing.aliyuncs.com\' ([Errno 11001] getaddrinfo failed)"))'}
2026-01-12 11:05:56,344 - download.async_downloader - INFO - 下载任务已取消
2026-01-12 11:05:56,345 - download.async_downloader - ERROR - [FATAL] 网络/OSS请求失败: {'status': -2, 'x-oss-request-id': '', 'details': 'RequestError: HTTPSConnectionPool(host=\'iot-datas.oss-cn-beijing.aliyuncs.com\', port=443): Max retries exceeded with url: /1368%2F1736057510_1736057464_4.jpg (Caused by NameResolutionError("<urllib3.connection.HTTPSConnection object at 0x0000018A9C7FD670>: Failed to resolve \'iot-datas.oss-cn-beijing.aliyuncs.com\' ([Errno 11001] getaddrinfo failed)"))'}
2026-01-12 11:05:56,419 - download.async_downloader - INFO - 下载任务已取消
2026-01-12 11:05:56,420 - download.async_downloader - ERROR - [FATAL] 网络/OSS请求失败: {'status': -2, 'x-oss-request-id': '', 'details': 'RequestError: HTTPSConnectionPool(host=\'iot-datas.oss-cn-beijing.aliyuncs.com\', port=443): Max retries exceeded with url: /1368%2F1736151962_1736151842_4.jpg (Caused by NameResolutionError("<urllib3.connection.HTTPSConnection object at 0x0000018A9C7FC2F0>: Failed to resolve \'iot-datas.oss-cn-beijing.aliyuncs.com\' ([Errno 11001] getaddrinfo failed)"))'}
2026-01-12 11:05:56,451 - download.async_downloader - INFO - 下载任务已取消
2026-01-12 11:05:56,451 - download.async_downloader - ERROR - [FATAL] 网络/OSS请求失败: {'status': -2, 'x-oss-request-id': '', 'details': 'RequestError: HTTPSConnectionPool(host=\'iot-datas.oss-cn-beijing.aliyuncs.com\', port=443): Max retries exceeded with url: /1368%2F1736043107_1736043063_4.jpg (Caused by NameResolutionError("<urllib3.connection.HTTPSConnection object at 0x0000018A9C7FC230>: Failed to resolve \'iot-datas.oss-cn-beijing.aliyuncs.com\' ([Errno 11001] getaddrinfo failed)"))'}
2026-01-12 11:05:56,482 - download.async_downloader - INFO - 下载任务已取消
2026-01-12 11:05:56,483 - download.async_downloader - ERROR - [FATAL] 网络/OSS请求失败: {'status': -2, 'x-oss-request-id': '', 'details': 'RequestError: HTTPSConnectionPool(host=\'iot-datas.oss-cn-beijing.aliyuncs.com\', port=443): Max retries exceeded with url: /1368%2F1736151931_1736151708_4.jpg (Caused by NameResolutionError("<urllib3.connection.HTTPSConnection object at 0x0000018A9C7FD850>: Failed to resolve \'iot-datas.oss-cn-beijing.aliyuncs.com\' ([Errno 11001] getaddrinfo failed)"))'}
2026-01-12 11:05:56,511 - download.async_downloader - INFO - 下载任务已取消
2026-01-12 11:05:56,511 - download.async_downloader - ERROR - [FATAL] 网络/OSS请求失败: {'status': -2, 'x-oss-request-id': '', 'details': 'RequestError: HTTPSConnectionPool(host=\'iot-datas.oss-cn-beijing.aliyuncs.com\', port=443): Max retries exceeded with url: /1368%2F1738812560_1738812487_5.jpg (Caused by NameResolutionError("<urllib3.connection.HTTPSConnection object at 0x0000018A9C8942F0>: Failed to resolve \'iot-datas.oss-cn-beijing.aliyuncs.com\' ([Errno 11001] getaddrinfo failed)"))'}
2026-01-12 11:05:56,550 - download.async_downloader - INFO - 下载任务已取消
2026-01-12 11:05:56,551 - download.async_downloader - ERROR - [FATAL] 网络/OSS请求失败: {'status': -2, 'x-oss-request-id': '', 'details': 'RequestError: HTTPSConnectionPool(host=\'iot-datas.oss-cn-beijing.aliyuncs.com\', port=443): Max retries exceeded with url: /1368%2F1736064713_1736064664_4.jpg (Caused by NameResolutionError("<urllib3.connection.HTTPSConnection object at 0x0000018A9C896060>: Failed to resolve \'iot-datas.oss-cn-beijing.aliyuncs.com\' ([Errno 11001] getaddrinfo failed)"))'}
2026-01-12 11:05:56,567 - download.async_downloader - INFO - 下载任务已取消
2026-01-12 11:05:56,567 - download.async_downloader - ERROR - [FATAL] 网络/OSS请求失败: {'status': -2, 'x-oss-request-id': '', 'details': 'RequestError: HTTPSConnectionPool(host=\'iot-datas.oss-cn-beijing.aliyuncs.com\', port=443): Max retries exceeded with url: /1368%2F1738812549_1738812475_4.jpg (Caused by NameResolutionError("<urllib3.connection.HTTPSConnection object at 0x0000018A9C896630>: Failed to resolve \'iot-datas.oss-cn-beijing.aliyuncs.com\' ([Errno 11001] getaddrinfo failed)"))'}
2026-01-12 11:05:56,570 - download.async_downloader - INFO - 下载任务已取消
2026-01-12 11:05:56,570 - download.async_downloader - ERROR - [FATAL] 网络/OSS请求失败: {'status': -2, 'x-oss-request-id': '', 'details': 'RequestError: HTTPSConnectionPool(host=\'iot-datas.oss-cn-beijing.aliyuncs.com\', port=443): Max retries exceeded with url: /1368%2F1736151942_1736151718_5.jpg (Caused by NameResolutionError("<urllib3.connection.HTTPSConnection object at 0x0000018A9C7FD9A0>: Failed to resolve \'iot-datas.oss-cn-beijing.aliyuncs.com\' ([Errno 11001] getaddrinfo failed)"))'}
2026-01-12 11:08:44,065 - download.async_downloader - INFO - OSS连接成功
2026-01-12 11:09:02,239 - mysql.connector - INFO - package: mysql.connector.plugins
2026-01-12 11:09:02,239 - mysql.connector - INFO - plugin_name: mysql_native_password
2026-01-12 11:09:02,240 - mysql.connector - INFO - AUTHENTICATION_PLUGIN_CLASS: MySQLNativePasswordAuthPlugin
2026-01-12 11:09:13,171 - download.async_downloader - INFO - OSS连接成功
2026-01-12 11:09:13,175 - download.async_downloader - INFO - 数据表时间范围: 2025-01-01 00:00:00 到 2025-02-28 23:59:59
2026-01-12 11:09:13,182 - download.async_downloader - INFO - [10.0%] downloading: 1368 (1/1)
2026-01-12 11:09:30,394 - download.async_downloader - WARNING - 下载图片失败(可忽略): RuntimeError: cannot schedule new futures after shutdown
2026-01-12 11:09:30,395 - download.async_downloader - WARNING - 下载图片失败(可忽略): RuntimeError: cannot schedule new futures after shutdown
2026-01-12 11:09:30,422 - download.async_downloader - WARNING - 下载图片失败(可忽略): RuntimeError: cannot schedule new futures after shutdown
2026-01-12 11:09:30,453 - download.async_downloader - WARNING - 下载图片失败(可忽略): RuntimeError: cannot schedule new futures after shutdown
2026-01-12 11:09:30,484 - download.async_downloader - WARNING - 下载图片失败(可忽略): RuntimeError: cannot schedule new futures after shutdown
2026-01-12 11:09:30,515 - download.async_downloader - WARNING - 下载图片失败(可忽略): RuntimeError: cannot schedule new futures after shutdown
2026-01-12 11:09:30,545 - download.async_downloader - WARNING - 下载图片失败(可忽略): RuntimeError: cannot schedule new futures after shutdown
2026-01-12 11:09:30,575 - download.async_downloader - WARNING - 下载图片失败(可忽略): RuntimeError: cannot schedule new futures after shutdown
2026-01-12 11:09:30,605 - download.async_downloader - WARNING - 下载图片失败(可忽略): RuntimeError: cannot schedule new futures after shutdown
2026-01-12 11:09:30,636 - download.async_downloader - WARNING - 下载图片失败(可忽略): RuntimeError: cannot schedule new futures after shutdown
2026-01-12 11:09:30,666 - download.async_downloader - WARNING - 下载图片失败(可忽略): RuntimeError: cannot schedule new futures after shutdown
2026-01-12 11:09:30,696 - download.async_downloader - WARNING - 下载图片失败(可忽略): RuntimeError: cannot schedule new futures after shutdown
2026-01-12 11:09:30,726 - download.async_downloader - WARNING - 下载图片失败(可忽略): RuntimeError: cannot schedule new futures after shutdown
2026-01-12 11:09:30,758 - download.async_downloader - WARNING - 下载图片失败(可忽略): RuntimeError: cannot schedule new futures after shutdown
2026-01-12 11:09:30,787 - download.async_downloader - WARNING - 下载图片失败(可忽略): RuntimeError: cannot schedule new futures after shutdown
2026-01-12 11:09:30,818 - download.async_downloader - WARNING - 下载图片失败(可忽略): RuntimeError: cannot schedule new futures after shutdown
2026-01-12 11:09:30,847 - download.async_downloader - WARNING - 下载图片失败(可忽略): RuntimeError: cannot schedule new futures after shutdown
2026-01-12 11:09:30,861 - download.async_downloader - WARNING - 下载图片失败(可忽略): RuntimeError: cannot schedule new futures after shutdown
2026-01-12 11:09:30,892 - download.async_downloader - WARNING - 下载图片失败(可忽略): RuntimeError: cannot schedule new futures after shutdown
2026-01-12 11:09:30,923 - download.async_downloader - WARNING - 下载图片失败(可忽略): RuntimeError: cannot schedule new futures after shutdown
2026-01-12 11:09:30,953 - download.async_downloader - WARNING - 下载图片失败(可忽略): RuntimeError: cannot schedule new futures after shutdown
2026-01-12 11:09:30,983 - download.async_downloader - WARNING - 下载图片失败(可忽略): RuntimeError: cannot schedule new futures after shutdown
2026-01-12 11:09:31,013 - download.async_downloader - WARNING - 下载图片失败(可忽略): RuntimeError: cannot schedule new futures after shutdown
2026-01-12 11:09:31,043 - download.async_downloader - WARNING - 下载图片失败(可忽略): RuntimeError: cannot schedule new futures after shutdown
2026-01-12 11:09:31,073 - download.async_downloader - WARNING - 下载图片失败(可忽略): RuntimeError: cannot schedule new futures after shutdown
2026-01-12 11:09:31,103 - download.async_downloader - WARNING - 下载图片失败(可忽略): RuntimeError: cannot schedule new futures after shutdown
2026-01-12 11:09:31,133 - download.async_downloader - WARNING - 下载图片失败(可忽略): RuntimeError: cannot schedule new futures after shutdown
2026-01-12 11:09:31,163 - download.async_downloader - WARNING - 下载图片失败(可忽略): RuntimeError: cannot schedule new futures after shutdown
2026-01-12 11:09:31,194 - download.async_downloader - WARNING - 下载图片失败(可忽略): RuntimeError: cannot schedule new futures after shutdown
2026-01-12 11:09:31,224 - download.async_downloader - WARNING - 下载图片失败(可忽略): RuntimeError: cannot schedule new futures after shutdown
2026-01-12 11:09:31,255 - download.async_downloader - WARNING - 下载图片失败(可忽略): RuntimeError: cannot schedule new futures after shutdown
2026-01-12 11:09:31,286 - download.async_downloader - WARNING - 下载图片失败(可忽略): RuntimeError: cannot schedule new futures after shutdown
2026-01-12 11:09:31,315 - download.async_downloader - WARNING - 下载图片失败(可忽略): RuntimeError: cannot schedule new futures after shutdown
2026-01-12 11:09:31,346 - download.async_downloader - WARNING - 下载图片失败(可忽略): RuntimeError: cannot schedule new futures after shutdown
2026-01-12 11:09:31,377 - download.async_downloader - WARNING - 下载图片失败(可忽略): RuntimeError: cannot schedule new futures after shutdown
2026-01-12 11:09:31,408 - download.async_downloader - WARNING - 下载图片失败(可忽略): RuntimeError: cannot schedule new futures after shutdown
2026-01-12 11:09:31,439 - download.async_downloader - WARNING - 下载图片失败(可忽略): RuntimeError: cannot schedule new futures after shutdown
2026-01-12 11:09:31,470 - download.async_downloader - WARNING - 下载图片失败(可忽略): RuntimeError: cannot schedule new futures after shutdown
2026-01-12 11:09:31,501 - download.async_downloader - WARNING - 下载图片失败(可忽略): RuntimeError: cannot schedule new futures after shutdown
2026-01-12 11:09:31,532 - download.async_downloader - WARNING - 下载图片失败(可忽略): RuntimeError: cannot schedule new futures after shutdown
2026-01-12 11:09:31,562 - download.async_downloader - WARNING - 下载图片失败(可忽略): RuntimeError: cannot schedule new futures after shutdown
2026-01-12 11:09:31,592 - download.async_downloader - WARNING - 下载图片失败(可忽略): RuntimeError: cannot schedule new futures after shutdown
2026-01-12 11:09:31,623 - download.async_downloader - WARNING - 下载图片失败(可忽略): RuntimeError: cannot schedule new futures after shutdown
2026-01-12 11:09:31,654 - download.async_downloader - WARNING - 下载图片失败(可忽略): RuntimeError: cannot schedule new futures after shutdown
2026-01-12 11:09:31,685 - download.async_downloader - WARNING - 下载图片失败(可忽略): RuntimeError: cannot schedule new futures after shutdown
2026-01-12 11:09:31,716 - download.async_downloader - WARNING - 下载图片失败(可忽略): RuntimeError: cannot schedule new futures after shutdown
2026-01-12 11:09:31,747 - download.async_downloader - WARNING - 下载图片失败(可忽略): RuntimeError: cannot schedule new futures after shutdown
2026-01-12 11:09:31,777 - download.async_downloader - WARNING - 下载图片失败(可忽略): RuntimeError: cannot schedule new futures after shutdown
2026-01-12 11:09:31,807 - download.async_downloader - WARNING - 下载图片失败(可忽略): RuntimeError: cannot schedule new futures after shutdown
2026-01-12 11:09:31,837 - download.async_downloader - WARNING - 下载图片失败(可忽略): RuntimeError: cannot schedule new futures after shutdown
2026-01-12 11:09:31,868 - download.async_downloader - WARNING - 下载图片失败(可忽略): RuntimeError: cannot schedule new futures after shutdown
2026-01-12 11:09:31,898 - download.async_downloader - WARNING - 下载图片失败(可忽略): RuntimeError: cannot schedule new futures after shutdown
2026-01-12 11:13:29,974 - download.async_downloader - INFO - OSS连接成功
2026-01-12 11:13:45,657 - mysql.connector - INFO - package: mysql.connector.plugins
2026-01-12 11:13:45,657 - mysql.connector - INFO - plugin_name: mysql_native_password
2026-01-12 11:13:45,659 - mysql.connector - INFO - AUTHENTICATION_PLUGIN_CLASS: MySQLNativePasswordAuthPlugin
2026-01-12 11:13:51,143 - download.async_downloader - INFO - OSS连接成功
2026-01-12 11:13:51,161 - download.async_downloader - INFO - 数据表时间范围: 2025-01-01 00:00:00 到 2025-02-28 23:59:59
2026-01-12 11:13:51,163 - download.async_downloader - INFO - [10.0%] downloading: 1368 (1/1)
2026-01-12 11:15:01,212 - download.async_downloader - INFO - 下载任务已取消
2026-01-12 11:15:01,213 - download.async_downloader - ERROR - [FATAL] 网络/OSS请求失败: {'status': -2, 'x-oss-request-id': '', 'details': 'RequestError: HTTPSConnectionPool(host=\'iot-datas.oss-cn-beijing.aliyuncs.com\', port=443): Max retries exceeded with url: /1368%2F1736043117_1736043071_5.jpg (Caused by NameResolutionError("<urllib3.connection.HTTPSConnection object at 0x000001F9536920C0>: Failed to resolve \'iot-datas.oss-cn-beijing.aliyuncs.com\' ([Errno 11001] getaddrinfo failed)"))'}
2026-01-12 11:15:01,217 - download.async_downloader - INFO - 下载任务已取消
2026-01-12 11:15:01,218 - download.async_downloader - ERROR - [FATAL] 网络/OSS请求失败: {'status': -2, 'x-oss-request-id': '', 'details': 'RequestError: HTTPSConnectionPool(host=\'iot-datas.oss-cn-beijing.aliyuncs.com\', port=443): Max retries exceeded with url: /1368%2F1736151931_1736151708_4.jpg (Caused by NameResolutionError("<urllib3.connection.HTTPSConnection object at 0x000001F9536841A0>: Failed to resolve \'iot-datas.oss-cn-beijing.aliyuncs.com\' ([Errno 11001] getaddrinfo failed)"))'}
2026-01-12 11:15:01,262 - download.async_downloader - INFO - 下载任务已取消
2026-01-12 11:15:01,262 - download.async_downloader - ERROR - [FATAL] 网络/OSS请求失败: {'status': -2, 'x-oss-request-id': '', 'details': 'RequestError: HTTPSConnectionPool(host=\'iot-datas.oss-cn-beijing.aliyuncs.com\', port=443): Max retries exceeded with url: /1368%2F1736035909_1736035863_4.jpg (Caused by NameResolutionError("<urllib3.connection.HTTPSConnection object at 0x000001F953684290>: Failed to resolve \'iot-datas.oss-cn-beijing.aliyuncs.com\' ([Errno 11001] getaddrinfo failed)"))'}
2026-01-12 11:15:01,304 - download.async_downloader - INFO - 下载任务已取消
2026-01-12 11:15:01,307 - download.async_downloader - ERROR - [FATAL] 网络/OSS请求失败: {'status': -2, 'x-oss-request-id': '', 'details': 'RequestError: HTTPSConnectionPool(host=\'iot-datas.oss-cn-beijing.aliyuncs.com\', port=443): Max retries exceeded with url: /1368%2F1736057521_1736057471_5.jpg (Caused by NameResolutionError("<urllib3.connection.HTTPSConnection object at 0x000001F9536848F0>: Failed to resolve \'iot-datas.oss-cn-beijing.aliyuncs.com\' ([Errno 11001] getaddrinfo failed)"))'}
2026-01-12 11:15:01,335 - download.async_downloader - INFO - 下载任务已取消
2026-01-12 11:15:01,336 - download.async_downloader - ERROR - [FATAL] 网络/OSS请求失败: {'status': -2, 'x-oss-request-id': '', 'details': 'RequestError: HTTPSConnectionPool(host=\'iot-datas.oss-cn-beijing.aliyuncs.com\', port=443): Max retries exceeded with url: /1368%2F1736064713_1736064664_4.jpg (Caused by NameResolutionError("<urllib3.connection.HTTPSConnection object at 0x000001F9535E9CD0>: Failed to resolve \'iot-datas.oss-cn-beijing.aliyuncs.com\' ([Errno 11001] getaddrinfo failed)"))'}
2026-01-12 11:15:01,364 - download.async_downloader - INFO - 下载任务已取消
2026-01-12 11:15:01,364 - download.async_downloader - ERROR - [FATAL] 网络/OSS请求失败: {'status': -2, 'x-oss-request-id': '', 'details': 'RequestError: HTTPSConnectionPool(host=\'iot-datas.oss-cn-beijing.aliyuncs.com\', port=443): Max retries exceeded with url: /1368%2F1736035921_1736035871_5.jpg (Caused by NameResolutionError("<urllib3.connection.HTTPSConnection object at 0x000001F9535EA0F0>: Failed to resolve \'iot-datas.oss-cn-beijing.aliyuncs.com\' ([Errno 11001] getaddrinfo failed)"))'}
2026-01-12 11:15:01,397 - download.async_downloader - INFO - 下载任务已取消
2026-01-12 11:15:01,398 - download.async_downloader - ERROR - [FATAL] 网络/OSS请求失败: {'status': -2, 'x-oss-request-id': '', 'details': 'RequestError: HTTPSConnectionPool(host=\'iot-datas.oss-cn-beijing.aliyuncs.com\', port=443): Max retries exceeded with url: /1368%2F1736043107_1736043063_4.jpg (Caused by NameResolutionError("<urllib3.connection.HTTPSConnection object at 0x000001F9535EA510>: Failed to resolve \'iot-datas.oss-cn-beijing.aliyuncs.com\' ([Errno 11001] getaddrinfo failed)"))'}
2026-01-12 11:15:01,429 - download.async_downloader - INFO - 下载任务已取消
2026-01-12 11:15:01,429 - download.async_downloader - ERROR - [FATAL] 网络/OSS请求失败: {'status': -2, 'x-oss-request-id': '', 'details': 'RequestError: HTTPSConnectionPool(host=\'iot-datas.oss-cn-beijing.aliyuncs.com\', port=443): Max retries exceeded with url: /1368%2F1736057510_1736057464_4.jpg (Caused by NameResolutionError("<urllib3.connection.HTTPSConnection object at 0x000001F9535EA990>: Failed to resolve \'iot-datas.oss-cn-beijing.aliyuncs.com\' ([Errno 11001] getaddrinfo failed)"))'}
2026-01-12 11:15:01,445 - download.async_downloader - INFO - 下载任务已取消
2026-01-12 11:15:01,445 - download.async_downloader - ERROR - [FATAL] 网络/OSS请求失败: {'status': -2, 'x-oss-request-id': '', 'details': 'RequestError: HTTPSConnectionPool(host=\'iot-datas.oss-cn-beijing.aliyuncs.com\', port=443): Max retries exceeded with url: /1368%2F1736151942_1736151718_5.jpg (Caused by NameResolutionError("<urllib3.connection.HTTPSConnection object at 0x000001F953684590>: Failed to resolve \'iot-datas.oss-cn-beijing.aliyuncs.com\' ([Errno 11001] getaddrinfo failed)"))'}
2026-01-12 11:15:01,862 - download.async_downloader - INFO - 下载任务已取消
2026-01-12 11:15:01,863 - download.async_downloader - ERROR - [FATAL] 网络/OSS请求失败: {'status': -2, 'x-oss-request-id': '', 'details': 'RequestError: HTTPSConnectionPool(host=\'iot-datas.oss-cn-beijing.aliyuncs.com\', port=443): Max retries exceeded with url: /1368%2F1736064726_1736064672_5.jpg (Caused by NameResolutionError("<urllib3.connection.HTTPSConnection object at 0x000001F953684200>: Failed to resolve \'iot-datas.oss-cn-beijing.aliyuncs.com\' ([Errno 11001] getaddrinfo failed)"))'}
2026-01-12 11:27:38,478 - download.async_downloader - INFO - OSS连接成功
2026-01-12 11:27:58,850 - mysql.connector - INFO - package: mysql.connector.plugins
2026-01-12 11:27:58,851 - mysql.connector - INFO - plugin_name: mysql_native_password
2026-01-12 11:27:58,857 - mysql.connector - INFO - AUTHENTICATION_PLUGIN_CLASS: MySQLNativePasswordAuthPlugin
2026-01-12 11:28:02,169 - download.async_downloader - INFO - OSS连接成功
2026-01-12 11:28:02,175 - download.async_downloader - INFO - 数据表时间范围: 2025-01-01 00:00:00 到 2025-02-28 23:59:59
2026-01-12 11:28:02,179 - download.async_downloader - INFO - [10.0%] downloading: 1368 (1/1)
2026-01-12 11:29:14,416 - download.async_downloader - INFO - 下载任务已取消
2026-01-12 11:29:14,416 - download.async_downloader - ERROR - [FATAL] 网络/OSS请求失败: {'status': -2, 'x-oss-request-id': '', 'details': 'RequestError: HTTPSConnectionPool(host=\'iot-datas.oss-cn-beijing.aliyuncs.com\', port=443): Max retries exceeded with url: /1368%2F1736151942_1736151718_5.jpg (Caused by NameResolutionError("<urllib3.connection.HTTPSConnection object at 0x000001B889FC6E70>: Failed to resolve \'iot-datas.oss-cn-beijing.aliyuncs.com\' ([Errno 11001] getaddrinfo failed)"))'}
2026-01-12 11:29:14,447 - download.async_downloader - ERROR - [FATAL] 网络/OSS请求失败: {'status': -2, 'x-oss-request-id': '', 'details': 'RequestError: HTTPSConnectionPool(host=\'iot-datas.oss-cn-beijing.aliyuncs.com\', port=443): Max retries exceeded with url: /1368%2F1736035909_1736035863_4.jpg (Caused by NameResolutionError("<urllib3.connection.HTTPSConnection object at 0x000001B889FC7410>: Failed to resolve \'iot-datas.oss-cn-beijing.aliyuncs.com\' ([Errno 11001] getaddrinfo failed)"))'}
2026-01-12 11:29:14,477 - download.async_downloader - ERROR - [FATAL] 网络/OSS请求失败: {'status': -2, 'x-oss-request-id': '', 'details': 'RequestError: HTTPSConnectionPool(host=\'iot-datas.oss-cn-beijing.aliyuncs.com\', port=443): Max retries exceeded with url: /1368%2F1736057521_1736057471_5.jpg (Caused by NameResolutionError("<urllib3.connection.HTTPSConnection object at 0x000001B889FC4B90>: Failed to resolve \'iot-datas.oss-cn-beijing.aliyuncs.com\' ([Errno 11001] getaddrinfo failed)"))'}
2026-01-12 11:29:14,515 - download.async_downloader - ERROR - [FATAL] 网络/OSS请求失败: {'status': -2, 'x-oss-request-id': '', 'details': 'RequestError: HTTPSConnectionPool(host=\'iot-datas.oss-cn-beijing.aliyuncs.com\', port=443): Max retries exceeded with url: /1368%2F1736151931_1736151708_4.jpg (Caused by NameResolutionError("<urllib3.connection.HTTPSConnection object at 0x000001B889FC4860>: Failed to resolve \'iot-datas.oss-cn-beijing.aliyuncs.com\' ([Errno 11001] getaddrinfo failed)"))'}
2026-01-12 11:29:14,582 - download.async_downloader - ERROR - [FATAL] 网络/OSS请求失败: {'status': -2, 'x-oss-request-id': '', 'details': 'RequestError: HTTPSConnectionPool(host=\'iot-datas.oss-cn-beijing.aliyuncs.com\', port=443): Max retries exceeded with url: /1368%2F1736064713_1736064664_4.jpg (Caused by NameResolutionError("<urllib3.connection.HTTPSConnection object at 0x000001B8805BE0F0>: Failed to resolve \'iot-datas.oss-cn-beijing.aliyuncs.com\' ([Errno 11001] getaddrinfo failed)"))'}
2026-01-12 11:29:14,630 - download.async_downloader - ERROR - [FATAL] 网络/OSS请求失败: {'status': -2, 'x-oss-request-id': '', 'details': 'RequestError: HTTPSConnectionPool(host=\'iot-datas.oss-cn-beijing.aliyuncs.com\', port=443): Max retries exceeded with url: /1368%2F1736057510_1736057464_4.jpg (Caused by NameResolutionError("<urllib3.connection.HTTPSConnection object at 0x000001B889FC4920>: Failed to resolve \'iot-datas.oss-cn-beijing.aliyuncs.com\' ([Errno 11001] getaddrinfo failed)"))'}
2026-01-12 11:29:14,646 - download.async_downloader - ERROR - [FATAL] 网络/OSS请求失败: {'status': -2, 'x-oss-request-id': '', 'details': 'RequestError: HTTPSConnectionPool(host=\'iot-datas.oss-cn-beijing.aliyuncs.com\', port=443): Max retries exceeded with url: /1368%2F1736043107_1736043063_4.jpg (Caused by NameResolutionError("<urllib3.connection.HTTPSConnection object at 0x000001B889FC7740>: Failed to resolve \'iot-datas.oss-cn-beijing.aliyuncs.com\' ([Errno 11001] getaddrinfo failed)"))'}
2026-01-12 11:29:14,676 - download.async_downloader - ERROR - [FATAL] 网络/OSS请求失败: {'status': -2, 'x-oss-request-id': '', 'details': 'RequestError: HTTPSConnectionPool(host=\'iot-datas.oss-cn-beijing.aliyuncs.com\', port=443): Max retries exceeded with url: /1368%2F1736043117_1736043071_5.jpg (Caused by NameResolutionError("<urllib3.connection.HTTPSConnection object at 0x000001B889FC73E0>: Failed to resolve \'iot-datas.oss-cn-beijing.aliyuncs.com\' ([Errno 11001] getaddrinfo failed)"))'}
2026-01-12 11:29:14,722 - download.async_downloader - ERROR - [FATAL] 网络/OSS请求失败: {'status': -2, 'x-oss-request-id': '', 'details': 'RequestError: HTTPSConnectionPool(host=\'iot-datas.oss-cn-beijing.aliyuncs.com\', port=443): Max retries exceeded with url: /1368%2F1736064726_1736064672_5.jpg (Caused by NameResolutionError("<urllib3.connection.HTTPSConnection object at 0x000001B889FC4CE0>: Failed to resolve \'iot-datas.oss-cn-beijing.aliyuncs.com\' ([Errno 11001] getaddrinfo failed)"))'}
2026-01-12 11:29:14,757 - download.async_downloader - ERROR - [FATAL] 网络/OSS请求失败: {'status': -2, 'x-oss-request-id': '', 'details': 'RequestError: HTTPSConnectionPool(host=\'iot-datas.oss-cn-beijing.aliyuncs.com\', port=443): Max retries exceeded with url: /1368%2F1736035921_1736035871_5.jpg (Caused by NameResolutionError("<urllib3.connection.HTTPSConnection object at 0x000001B889EF0FB0>: Failed to resolve \'iot-datas.oss-cn-beijing.aliyuncs.com\' ([Errno 11001] getaddrinfo failed)"))'}
2026-01-12 11:37:55,186 - download.async_downloader - INFO - OSS连接成功
2026-01-12 11:38:09,306 - mysql.connector - INFO - package: mysql.connector.plugins
2026-01-12 11:38:09,307 - mysql.connector - INFO - plugin_name: mysql_native_password
2026-01-12 11:38:09,308 - mysql.connector - INFO - AUTHENTICATION_PLUGIN_CLASS: MySQLNativePasswordAuthPlugin
2026-01-12 11:38:16,740 - download.async_downloader - INFO - OSS连接成功
2026-01-12 11:38:16,746 - download.async_downloader - INFO - 数据表时间范围: 2025-01-01 00:00:00 到 2025-03-31 23:59:59
2026-01-12 11:38:16,752 - download.async_downloader - INFO - [10.0%] downloading: 1368 (1/1)
2026-01-12 11:39:21,950 - download.async_downloader - INFO - 下载任务已取消
2026-01-12 11:39:21,951 - download.async_downloader - ERROR - [FATAL] 网络/OSS请求失败: {'status': -2, 'x-oss-request-id': '', 'details': 'RequestError: HTTPSConnectionPool(host=\'iot-datas.oss-cn-beijing.aliyuncs.com\', port=443): Max retries exceeded with url: /1368%2F1736064726_1736064672_5.jpg (Caused by NameResolutionError("<urllib3.connection.HTTPSConnection object at 0x000001720A7AAA80>: Failed to resolve \'iot-datas.oss-cn-beijing.aliyuncs.com\' ([Errno 11001] getaddrinfo failed)"))'}
2026-01-12 11:39:23,160 - download.async_downloader - ERROR - [FATAL] 网络/OSS请求失败: {'status': -2, 'x-oss-request-id': '', 'details': 'RequestError: HTTPSConnectionPool(host=\'iot-datas.oss-cn-beijing.aliyuncs.com\', port=443): Max retries exceeded with url: /1368%2F1736151931_1736151708_4.jpg (Caused by NameResolutionError("<urllib3.connection.HTTPSConnection object at 0x000001720A7C1B80>: Failed to resolve \'iot-datas.oss-cn-beijing.aliyuncs.com\' ([Errno 11001] getaddrinfo failed)"))'}
2026-01-12 11:39:23,207 - download.async_downloader - ERROR - [FATAL] 网络/OSS请求失败: {'status': -2, 'x-oss-request-id': '', 'details': 'RequestError: HTTPSConnectionPool(host=\'iot-datas.oss-cn-beijing.aliyuncs.com\', port=443): Max retries exceeded with url: /1368%2F1736043107_1736043063_4.jpg (Caused by NameResolutionError("<urllib3.connection.HTTPSConnection object at 0x000001720A7C1C70>: Failed to resolve \'iot-datas.oss-cn-beijing.aliyuncs.com\' ([Errno 11001] getaddrinfo failed)"))'}
2026-01-12 11:39:23,252 - download.async_downloader - ERROR - [FATAL] 网络/OSS请求失败: {'status': -2, 'x-oss-request-id': '', 'details': 'RequestError: HTTPSConnectionPool(host=\'iot-datas.oss-cn-beijing.aliyuncs.com\', port=443): Max retries exceeded with url: /1368%2F1736151942_1736151718_5.jpg (Caused by NameResolutionError("<urllib3.connection.HTTPSConnection object at 0x000001720A7C2210>: Failed to resolve \'iot-datas.oss-cn-beijing.aliyuncs.com\' ([Errno 11001] getaddrinfo failed)"))'}
2026-01-12 11:39:23,349 - download.async_downloader - ERROR - [FATAL] 网络/OSS请求失败: {'status': -2, 'x-oss-request-id': '', 'details': 'RequestError: HTTPSConnectionPool(host=\'iot-datas.oss-cn-beijing.aliyuncs.com\', port=443): Max retries exceeded with url: /1368%2F1736043117_1736043071_5.jpg (Caused by NameResolutionError("<urllib3.connection.HTTPSConnection object at 0x000001720A7C2660>: Failed to resolve \'iot-datas.oss-cn-beijing.aliyuncs.com\' ([Errno 11001] getaddrinfo failed)"))'}
2026-01-12 11:39:23,426 - download.async_downloader - ERROR - [FATAL] 网络/OSS请求失败: {'status': -2, 'x-oss-request-id': '', 'details': 'RequestError: HTTPSConnectionPool(host=\'iot-datas.oss-cn-beijing.aliyuncs.com\', port=443): Max retries exceeded with url: /1368%2F1736057510_1736057464_4.jpg (Caused by NameResolutionError("<urllib3.connection.HTTPSConnection object at 0x000001720A7C2B40>: Failed to resolve \'iot-datas.oss-cn-beijing.aliyuncs.com\' ([Errno 11001] getaddrinfo failed)"))'}
2026-01-12 11:39:23,535 - download.async_downloader - ERROR - [FATAL] 网络/OSS请求失败: {'status': -2, 'x-oss-request-id': '', 'details': 'RequestError: HTTPSConnectionPool(host=\'iot-datas.oss-cn-beijing.aliyuncs.com\', port=443): Max retries exceeded with url: /1368%2F1736057521_1736057471_5.jpg (Caused by NameResolutionError("<urllib3.connection.HTTPSConnection object at 0x000001720A7C2F90>: Failed to resolve \'iot-datas.oss-cn-beijing.aliyuncs.com\' ([Errno 11001] getaddrinfo failed)"))'}
2026-01-12 11:39:23,581 - download.async_downloader - ERROR - [FATAL] 网络/OSS请求失败: {'status': -2, 'x-oss-request-id': '', 'details': 'RequestError: HTTPSConnectionPool(host=\'iot-datas.oss-cn-beijing.aliyuncs.com\', port=443): Max retries exceeded with url: /1368%2F1736064713_1736064664_4.jpg (Caused by NameResolutionError("<urllib3.connection.HTTPSConnection object at 0x000001720A7C0260>: Failed to resolve \'iot-datas.oss-cn-beijing.aliyuncs.com\' ([Errno 11001] getaddrinfo failed)"))'}
2026-01-12 11:39:23,611 - download.async_downloader - ERROR - [FATAL] 网络/OSS请求失败: {'status': -2, 'x-oss-request-id': '', 'details': 'RequestError: HTTPSConnectionPool(host=\'iot-datas.oss-cn-beijing.aliyuncs.com\', port=443): Max retries exceeded with url: /1368%2F1736035909_1736035863_4.jpg (Caused by NameResolutionError("<urllib3.connection.HTTPSConnection object at 0x0000017200EE73B0>: Failed to resolve \'iot-datas.oss-cn-beijing.aliyuncs.com\' ([Errno 11001] getaddrinfo failed)"))'}
2026-01-12 11:39:23,643 - download.async_downloader - ERROR - [FATAL] 网络/OSS请求失败: {'status': -2, 'x-oss-request-id': '', 'details': 'RequestError: HTTPSConnectionPool(host=\'iot-datas.oss-cn-beijing.aliyuncs.com\', port=443): Max retries exceeded with url: /1368%2F1736035921_1736035871_5.jpg (Caused by NameResolutionError("<urllib3.connection.HTTPSConnection object at 0x0000017200EE5BB0>: Failed to resolve \'iot-datas.oss-cn-beijing.aliyuncs.com\' ([Errno 11001] getaddrinfo failed)"))'}
2026-01-12 11:51:37,760 - download.async_downloader - INFO - OSS连接成功
2026-01-12 11:51:53,399 - mysql.connector - INFO - package: mysql.connector.plugins
2026-01-12 11:51:53,400 - mysql.connector - INFO - plugin_name: mysql_native_password
2026-01-12 11:51:53,401 - mysql.connector - INFO - AUTHENTICATION_PLUGIN_CLASS: MySQLNativePasswordAuthPlugin
2026-01-12 11:51:56,796 - download.async_downloader - INFO - OSS连接成功
2026-01-12 11:51:56,812 - download.async_downloader - INFO - 数据表时间范围: 2025-01-01 00:00:00 到 2025-03-31 23:59:59
2026-01-12 11:51:56,816 - download.async_downloader - INFO - [10.0%] downloading: 1368 (1/1)
2026-01-12 11:53:44,183 - download.async_downloader - INFO - 下载任务已取消
2026-01-12 11:53:44,188 - download.async_downloader - ERROR - [FATAL] 网络/OSS请求失败: {'status': -2, 'x-oss-request-id': '', 'details': 'RequestError: HTTPSConnectionPool(host=\'iot-datas.oss-cn-beijing.aliyuncs.com\', port=443): Max retries exceeded with url: /1368%2F1736151931_1736151708_4.jpg (Caused by NameResolutionError("<urllib3.connection.HTTPSConnection object at 0x00000248CECAED50>: Failed to resolve \'iot-datas.oss-cn-beijing.aliyuncs.com\' ([Errno 11001] getaddrinfo failed)"))'}
2026-01-12 11:53:44,215 - download.async_downloader - ERROR - [FATAL] 网络/OSS请求失败: {'status': -2, 'x-oss-request-id': '', 'details': 'RequestError: HTTPSConnectionPool(host=\'iot-datas.oss-cn-beijing.aliyuncs.com\', port=443): Max retries exceeded with url: /1368%2F1738813062_1738813011_4.jpg (Caused by NameResolutionError("<urllib3.connection.HTTPSConnection object at 0x00000248CECAF170>: Failed to resolve \'iot-datas.oss-cn-beijing.aliyuncs.com\' ([Errno 11001] getaddrinfo failed)"))'}
2026-01-12 11:53:44,243 - download.async_downloader - ERROR - [FATAL] 网络/OSS请求失败: {'status': -2, 'x-oss-request-id': '', 'details': 'RequestError: HTTPSConnectionPool(host=\'iot-datas.oss-cn-beijing.aliyuncs.com\', port=443): Max retries exceeded with url: /1368%2F1738890346_1738890276_4.jpg (Caused by NameResolutionError("<urllib3.connection.HTTPSConnection object at 0x00000248CECAF560>: Failed to resolve \'iot-datas.oss-cn-beijing.aliyuncs.com\' ([Errno 11001] getaddrinfo failed)"))'}
2026-01-12 11:53:44,278 - download.async_downloader - ERROR - [FATAL] 网络/OSS请求失败: {'status': -2, 'x-oss-request-id': '', 'details': 'RequestError: HTTPSConnectionPool(host=\'iot-datas.oss-cn-beijing.aliyuncs.com\', port=443): Max retries exceeded with url: /1368%2F1738887579_1738887518_5.jpg (Caused by NameResolutionError("<urllib3.connection.HTTPSConnection object at 0x00000248CECAFA10>: Failed to resolve \'iot-datas.oss-cn-beijing.aliyuncs.com\' ([Errno 11001] getaddrinfo failed)"))'}
2026-01-12 11:53:44,323 - download.async_downloader - ERROR - [FATAL] 网络/OSS请求失败: {'status': -2, 'x-oss-request-id': '', 'details': 'RequestError: HTTPSConnectionPool(host=\'iot-datas.oss-cn-beijing.aliyuncs.com\', port=443): Max retries exceeded with url: /1368%2F1738887570_1738887505_4.jpg (Caused by NameResolutionError("<urllib3.connection.HTTPSConnection object at 0x00000248CECAFD10>: Failed to resolve \'iot-datas.oss-cn-beijing.aliyuncs.com\' ([Errno 11001] getaddrinfo failed)"))'}
2026-01-12 11:53:44,359 - download.async_downloader - ERROR - [FATAL] 网络/OSS请求失败: {'status': -2, 'x-oss-request-id': '', 'details': 'RequestError: HTTPSConnectionPool(host=\'iot-datas.oss-cn-beijing.aliyuncs.com\', port=443): Max retries exceeded with url: /1368%2F1738829539_1738829463_4.jpg (Caused by NameResolutionError("<urllib3.connection.HTTPSConnection object at 0x00000248CECACD40>: Failed to resolve \'iot-datas.oss-cn-beijing.aliyuncs.com\' ([Errno 11001] getaddrinfo failed)"))'}
2026-01-12 11:53:44,388 - download.async_downloader - ERROR - [FATAL] 网络/OSS请求失败: {'status': -2, 'x-oss-request-id': '', 'details': 'RequestError: HTTPSConnectionPool(host=\'iot-datas.oss-cn-beijing.aliyuncs.com\', port=443): Max retries exceeded with url: /1368%2F1738894335_1738894264_4.jpg (Caused by NameResolutionError("<urllib3.connection.HTTPSConnection object at 0x00000248CECAD190>: Failed to resolve \'iot-datas.oss-cn-beijing.aliyuncs.com\' ([Errno 11001] getaddrinfo failed)"))'}
2026-01-12 11:53:44,419 - download.async_downloader - ERROR - [FATAL] 网络/OSS请求失败: {'status': -2, 'x-oss-request-id': '', 'details': 'RequestError: HTTPSConnectionPool(host=\'iot-datas.oss-cn-beijing.aliyuncs.com\', port=443): Max retries exceeded with url: /1368%2F1738890359_1738890289_5.jpg (Caused by NameResolutionError("<urllib3.connection.HTTPSConnection object at 0x00000248CECAD460>: Failed to resolve \'iot-datas.oss-cn-beijing.aliyuncs.com\' ([Errno 11001] getaddrinfo failed)"))'}
2026-01-12 11:53:44,453 - download.async_downloader - ERROR - [FATAL] 网络/OSS请求失败: {'status': -2, 'x-oss-request-id': '', 'details': 'RequestError: HTTPSConnectionPool(host=\'iot-datas.oss-cn-beijing.aliyuncs.com\', port=443): Max retries exceeded with url: /1368%2F1738822333_1738822263_4.jpg (Caused by NameResolutionError("<urllib3.connection.HTTPSConnection object at 0x00000248CECAC4D0>: Failed to resolve \'iot-datas.oss-cn-beijing.aliyuncs.com\' ([Errno 11001] getaddrinfo failed)"))'}
2026-01-12 11:53:44,482 - download.async_downloader - ERROR - [FATAL] 网络/OSS请求失败: {'status': -2, 'x-oss-request-id': '', 'details': 'RequestError: HTTPSConnectionPool(host=\'iot-datas.oss-cn-beijing.aliyuncs.com\', port=443): Max retries exceeded with url: /1368%2F1738812549_1738812475_4.jpg (Caused by NameResolutionError("<urllib3.connection.HTTPSConnection object at 0x00000248CECAC980>: Failed to resolve \'iot-datas.oss-cn-beijing.aliyuncs.com\' ([Errno 11001] getaddrinfo failed)"))'}
2026-01-12 13:11:00,997 - download.async_downloader - INFO - OSS连接成功
2026-01-12 13:11:12,834 - mysql.connector - INFO - package: mysql.connector.plugins
2026-01-12 13:11:12,834 - mysql.connector - INFO - plugin_name: mysql_native_password
2026-01-12 13:11:12,835 - mysql.connector - INFO - AUTHENTICATION_PLUGIN_CLASS: MySQLNativePasswordAuthPlugin
2026-01-12 13:11:17,434 - download.async_downloader - INFO - OSS连接成功
2026-01-12 13:11:17,439 - download.async_downloader - INFO - 数据表时间范围: 2025-01-01 00:00:00 到 2025-03-31 23:59:59
2026-01-12 13:11:17,442 - download.async_downloader - INFO - [10.0%] downloading: 1368 (1/1)
2026-01-12 13:12:32,210 - download.async_downloader - WARNING - 下载图片失败(可忽略): RuntimeError: cannot schedule new futures after shutdown (object=1368/1736151942_1736151718_5.jpg)
2026-01-12 13:12:32,242 - download.async_downloader - WARNING - 下载图片失败(可忽略): RuntimeError: cannot schedule new futures after shutdown (object=1368/1736151974_1736151851_5.jpg)
2026-01-12 13:12:32,274 - download.async_downloader - WARNING - 下载图片失败(可忽略): RuntimeError: cannot schedule new futures after shutdown (object=1368/1738812549_1738812475_4.jpg)
2026-01-12 13:12:32,305 - download.async_downloader - WARNING - 下载图片失败(可忽略): RuntimeError: cannot schedule new futures after shutdown (object=1368/1738812560_1738812487_5.jpg)
2026-01-12 13:12:32,337 - download.async_downloader - WARNING - 下载图片失败(可忽略): RuntimeError: cannot schedule new futures after shutdown (object=1368/1738813062_1738813011_4.jpg)
2026-01-12 13:12:32,369 - download.async_downloader - WARNING - 下载图片失败(可忽略): RuntimeError: cannot schedule new futures after shutdown (object=1368/1738813071_1738813024_5.jpg)
2026-01-12 13:12:32,400 - download.async_downloader - WARNING - 下载图片失败(可忽略): RuntimeError: cannot schedule new futures after shutdown (object=1368/1738822333_1738822263_4.jpg)
2026-01-12 13:12:32,433 - download.async_downloader - WARNING - 下载图片失败(可忽略): RuntimeError: cannot schedule new futures after shutdown (object=1368/1738822345_1738822276_5.jpg)
2026-01-12 13:12:32,465 - download.async_downloader - WARNING - 下载图片失败(可忽略): RuntimeError: cannot schedule new futures after shutdown (object=1368/1738829539_1738829463_4.jpg)
2026-01-12 13:12:32,498 - download.async_downloader - WARNING - 下载图片失败(可忽略): RuntimeError: cannot schedule new futures after shutdown (object=1368/1738829550_1738829477_5.jpg)
2026-01-12 13:12:32,529 - download.async_downloader - WARNING - 下载图片失败(可忽略): RuntimeError: cannot schedule new futures after shutdown (object=1368/1738887570_1738887505_4.jpg)
2026-01-12 13:12:32,561 - download.async_downloader - WARNING - 下载图片失败(可忽略): RuntimeError: cannot schedule new futures after shutdown (object=1368/1738887579_1738887518_5.jpg)
2026-01-12 13:12:32,593 - download.async_downloader - WARNING - 下载图片失败(可忽略): RuntimeError: cannot schedule new futures after shutdown (object=1368/1738890346_1738890276_4.jpg)
2026-01-12 13:12:32,625 - download.async_downloader - WARNING - 下载图片失败(可忽略): RuntimeError: cannot schedule new futures after shutdown (object=1368/1738890359_1738890289_5.jpg)
2026-01-12 13:12:32,657 - download.async_downloader - WARNING - 下载图片失败(可忽略): RuntimeError: cannot schedule new futures after shutdown (object=1368/1738894335_1738894264_4.jpg)
2026-01-12 13:12:32,689 - download.async_downloader - WARNING - 下载图片失败(可忽略): RuntimeError: cannot schedule new futures after shutdown (object=1368/1738894346_1738894276_5.jpg)
2026-01-12 13:12:32,720 - download.async_downloader - WARNING - 下载图片失败(可忽略): RuntimeError: cannot schedule new futures after shutdown (object=1368/1738907268_1738907203_4.jpg)
2026-01-12 13:12:32,751 - download.async_downloader - WARNING - 下载图片失败(可忽略): RuntimeError: cannot schedule new futures after shutdown (object=1368/1738907277_1738907216_5.jpg)
2026-01-12 13:12:32,784 - download.async_downloader - WARNING - 下载图片失败(可忽略): RuntimeError: cannot schedule new futures after shutdown (object=1368/1738908734_1738908664_4.jpg)
2026-01-12 13:12:32,786 - download.async_downloader - WARNING - 下载图片失败(可忽略): RuntimeError: cannot schedule new futures after shutdown (object=1368/1738908746_1738908676_5.jpg)
2026-01-12 13:12:32,816 - download.async_downloader - WARNING - 下载图片失败(可忽略): RuntimeError: cannot schedule new futures after shutdown (object=1368/1738915928_1738915863_4.jpg)
2026-01-12 13:12:32,847 - download.async_downloader - WARNING - 下载图片失败(可忽略): RuntimeError: cannot schedule new futures after shutdown (object=1368/1738915938_1738915876_5.jpg)
2026-01-12 13:12:32,879 - download.async_downloader - WARNING - 下载图片失败(可忽略): RuntimeError: cannot schedule new futures after shutdown (object=1368/1738978162_1738978096_4.jpg)
2026-01-12 13:12:32,911 - download.async_downloader - WARNING - 下载图片失败(可忽略): RuntimeError: cannot schedule new futures after shutdown (object=1368/1738978172_1738978109_5.jpg)
2026-01-12 13:12:32,943 - download.async_downloader - WARNING - 下载图片失败(可忽略): RuntimeError: cannot schedule new futures after shutdown (object=1368/1738980734_1738980664_4.jpg)
2026-01-12 13:12:32,975 - download.async_downloader - WARNING - 下载图片失败(可忽略): RuntimeError: cannot schedule new futures after shutdown (object=1368/1738980745_1738980676_5.jpg)
2026-01-12 13:12:33,006 - download.async_downloader - WARNING - 下载图片失败(可忽略): RuntimeError: cannot schedule new futures after shutdown (object=1368/1738995127_1738995064_4.jpg)
2026-01-12 13:12:33,038 - download.async_downloader - WARNING - 下载图片失败(可忽略): RuntimeError: cannot schedule new futures after shutdown (object=1368/1738995136_1738995076_5.jpg)
2026-01-12 13:12:33,070 - download.async_downloader - WARNING - 下载图片失败(可忽略): RuntimeError: cannot schedule new futures after shutdown (object=1368/1739002327_1739002264_4.jpg)
2026-01-12 13:12:33,102 - download.async_downloader - WARNING - 下载图片失败(可忽略): RuntimeError: cannot schedule new futures after shutdown (object=1368/1739002335_1739002276_5.jpg)
2026-01-12 13:12:33,135 - download.async_downloader - WARNING - 下载图片失败(可忽略): RuntimeError: cannot schedule new futures after shutdown (object=1368/1739167934_1739146264_4.jpg)
2026-01-12 13:12:33,167 - download.async_downloader - WARNING - 下载图片失败(可忽略): RuntimeError: cannot schedule new futures after shutdown (object=1368/1739167944_1739146276_5.jpg)
2026-01-12 13:12:33,199 - download.async_downloader - WARNING - 下载图片失败(可忽略): RuntimeError: cannot schedule new futures after shutdown (object=1368/1739167980_1739153464_4.jpg)
2026-01-12 13:12:33,231 - download.async_downloader - WARNING - 下载图片失败(可忽略): RuntimeError: cannot schedule new futures after shutdown (object=1368/1739167989_1739153476_5.jpg)
2026-01-12 13:12:33,262 - download.async_downloader - WARNING - 下载图片失败(可忽略): RuntimeError: cannot schedule new futures after shutdown (object=1368/1739168025_1739167864_4.jpg)
2026-01-12 13:12:33,294 - download.async_downloader - WARNING - 下载图片失败(可忽略): RuntimeError: cannot schedule new futures after shutdown (object=1368/1739168035_1739167876_5.jpg)
2026-01-12 13:12:33,325 - download.async_downloader - WARNING - 下载图片失败(可忽略): RuntimeError: cannot schedule new futures after shutdown (object=1368/1739175128_1739175064_4.jpg)
2026-01-12 13:12:33,357 - download.async_downloader - WARNING - 下载图片失败(可忽略): RuntimeError: cannot schedule new futures after shutdown (object=1368/1739175137_1739175076_5.jpg)
2026-01-12 13:12:33,389 - download.async_downloader - WARNING - 下载图片失败(可忽略): RuntimeError: cannot schedule new futures after shutdown (object=1368/1739239845_1739239776_4.jpg)
2026-01-12 13:12:33,421 - download.async_downloader - WARNING - 下载图片失败(可忽略): RuntimeError: cannot schedule new futures after shutdown (object=1368/1739239854_1739239788_5.jpg)
2026-01-12 13:12:33,453 - download.async_downloader - WARNING - 下载图片失败(可忽略): RuntimeError: cannot schedule new futures after shutdown (object=1368/1739254328_1739254264_4.jpg)
2026-01-12 13:12:33,485 - download.async_downloader - WARNING - 下载图片失败(可忽略): RuntimeError: cannot schedule new futures after shutdown (object=1368/1739254336_1739254276_5.jpg)
2026-01-12 13:12:33,517 - download.async_downloader - WARNING - 下载图片失败(可忽略): RuntimeError: cannot schedule new futures after shutdown (object=1368/1736043117_1736043071_5.jpg)
2026-01-12 13:12:33,549 - download.async_downloader - WARNING - 下载图片失败(可忽略): RuntimeError: cannot schedule new futures after shutdown (object=1368/1739261536_1739261464_4.jpg)
2026-01-12 13:12:33,580 - download.async_downloader - WARNING - 下载图片失败(可忽略): RuntimeError: cannot schedule new futures after shutdown (object=1368/1739261546_1739261476_5.jpg)
2026-01-12 13:12:33,598 - download.async_downloader - WARNING - 下载图片失败(可忽略): RuntimeError: cannot schedule new futures after shutdown (object=1368/1739319128_1739319063_4.jpg)
2026-01-12 13:12:33,628 - download.async_downloader - WARNING - 下载图片失败(可忽略): RuntimeError: cannot schedule new futures after shutdown (object=1368/1739319136_1739319076_5.jpg)
2026-01-12 13:12:33,660 - download.async_downloader - WARNING - 下载图片失败(可忽略): RuntimeError: cannot schedule new futures after shutdown (object=1368/1739321023_1739320960_4.jpg)
2026-01-12 13:12:33,692 - download.async_downloader - WARNING - 下载图片失败(可忽略): RuntimeError: cannot schedule new futures after shutdown (object=1368/1739321032_1739320973_5.jpg)
2026-01-12 13:12:33,725 - download.async_downloader - WARNING - 下载图片失败(可忽略): RuntimeError: cannot schedule new futures after shutdown (object=1368/1739326327_1739326264_4.jpg)
2026-01-12 13:12:33,756 - download.async_downloader - WARNING - 下载图片失败(可忽略): RuntimeError: cannot schedule new futures after shutdown (object=1368/1739326336_1739326276_5.jpg)
2026-01-12 13:12:33,788 - download.async_downloader - WARNING - 下载图片失败(可忽略): RuntimeError: cannot schedule new futures after shutdown (object=1368/1739340731_1739340664_4.jpg)
2026-01-12 13:12:33,803 - download.async_downloader - WARNING - 下载图片失败(可忽略): RuntimeError: cannot schedule new futures after shutdown (object=1368/1739340745_1739340677_5.jpg)
2026-01-12 13:12:33,834 - download.async_downloader - WARNING - 下载图片失败(可忽略): RuntimeError: cannot schedule new futures after shutdown (object=1368/1739347930_1739347863_4.jpg)
2026-01-12 13:12:33,850 - download.async_downloader - WARNING - 下载图片失败(可忽略): RuntimeError: cannot schedule new futures after shutdown (object=1368/1739347944_1739347876_5.jpg)
2026-01-12 13:12:33,881 - download.async_downloader - WARNING - 下载图片失败(可忽略): RuntimeError: cannot schedule new futures after shutdown (object=1368/1739491929_1739491863_4.jpg)
2026-01-12 13:12:33,913 - download.async_downloader - WARNING - 下载图片失败(可忽略): RuntimeError: cannot schedule new futures after shutdown (object=1368/1739491941_1739491876_5.jpg)
2026-01-12 13:12:33,931 - download.async_downloader - WARNING - 下载图片失败(可忽略): RuntimeError: cannot schedule new futures after shutdown (object=1368/1739499135_1739499064_4.jpg)
2026-01-12 13:12:33,961 - download.async_downloader - WARNING - 下载图片失败(可忽略): RuntimeError: cannot schedule new futures after shutdown (object=1368/1739499149_1739499076_5.jpg)
2026-01-12 13:33:30,726 - download.async_downloader - INFO - OSS连接成功
2026-01-12 13:33:43,138 - mysql.connector - INFO - package: mysql.connector.plugins
2026-01-12 13:33:43,139 - mysql.connector - INFO - plugin_name: mysql_native_password
2026-01-12 13:33:43,145 - mysql.connector - INFO - AUTHENTICATION_PLUGIN_CLASS: MySQLNativePasswordAuthPlugin
2026-01-12 13:33:46,083 - download.async_downloader - INFO - OSS连接成功
2026-01-12 13:33:46,102 - download.async_downloader - INFO - 数据表时间范围: 2025-01-01 00:00:00 到 2025-03-31 23:59:59
2026-01-12 13:33:46,107 - download.async_downloader - INFO - [10.0%] downloading: 1368 (1/1)
2026-01-12 13:36:08,830 - download.async_downloader - INFO - 下载任务已取消
2026-01-12 13:36:08,833 - download.async_downloader - ERROR - [FATAL] 图片下载失败: /1368/1738980734_1738980664_4.jpg；原因: 网络/OSS请求失败: {'status': -2, 'x-oss-request-id': '', 'details': 'RequestError: HTTPSConnectionPool(host=\'iot-datas.oss-cn-beijing.aliyuncs.com\', port=443): Max retries exceeded with url: /1368%2F1738980734_1738980664_4.jpg (Caused by NameResolutionError("<urllib3.connection.HTTPSConnection object at 0x0000024EFFCF7020>: Failed to resolve \'iot-datas.oss-cn-beijing.aliyuncs.com\' ([Errno 11001] getaddrinfo failed)"))'} (object=1368/1738980734_1738980664_4.jpg)
2026-01-12 13:36:09,329 - download.async_downloader - ERROR - [FATAL] 图片下载失败: /1368/1738907268_1738907203_4.jpg；原因: 网络/OSS请求失败: {'status': -2, 'x-oss-request-id': '', 'details': 'RequestError: HTTPSConnectionPool(host=\'iot-datas.oss-cn-beijing.aliyuncs.com\', port=443): Max retries exceeded with url: /1368%2F1738907268_1738907203_4.jpg (Caused by NameResolutionError("<urllib3.connection.HTTPSConnection object at 0x0000024EFFD1A5D0>: Failed to resolve \'iot-datas.oss-cn-beijing.aliyuncs.com\' ([Errno 11001] getaddrinfo failed)"))'} (object=1368/1738907268_1738907203_4.jpg)
2026-01-12 13:36:09,996 - download.async_downloader - ERROR - [FATAL] 图片下载失败: /1368/1738908734_1738908664_4.jpg；原因: 网络/OSS请求失败: {'status': -2, 'x-oss-request-id': '', 'details': 'RequestError: HTTPSConnectionPool(host=\'iot-datas.oss-cn-beijing.aliyuncs.com\', port=443): Max retries exceeded with url: /1368%2F1738908734_1738908664_4.jpg (Caused by NameResolutionError("<urllib3.connection.HTTPSConnection object at 0x0000024EFFD24FE0>: Failed to resolve \'iot-datas.oss-cn-beijing.aliyuncs.com\' ([Errno 11001] getaddrinfo failed)"))'} (object=1368/1738908734_1738908664_4.jpg)
2026-01-12 13:36:10,290 - download.async_downloader - ERROR - [FATAL] 图片下载失败: /1368/1738887570_1738887505_4.jpg；原因: 网络/OSS请求失败: {'status': -2, 'x-oss-request-id': '', 'details': 'RequestError: HTTPSConnectionPool(host=\'iot-datas.oss-cn-beijing.aliyuncs.com\', port=443): Max retries exceeded with url: /1368%2F1738887570_1738887505_4.jpg (Caused by NameResolutionError("<urllib3.connection.HTTPSConnection object at 0x0000024EFFD25310>: Failed to resolve \'iot-datas.oss-cn-beijing.aliyuncs.com\' ([Errno 11001] getaddrinfo failed)"))'} (object=1368/1738887570_1738887505_4.jpg)
2026-01-12 13:36:10,368 - download.async_downloader - ERROR - [FATAL] 图片下载失败: /1368/1738915928_1738915863_4.jpg；原因: 网络/OSS请求失败: {'status': -2, 'x-oss-request-id': '', 'details': 'RequestError: HTTPSConnectionPool(host=\'iot-datas.oss-cn-beijing.aliyuncs.com\', port=443): Max retries exceeded with url: /1368%2F1738915928_1738915863_4.jpg (Caused by NameResolutionError("<urllib3.connection.HTTPSConnection object at 0x0000024EFFD249E0>: Failed to resolve \'iot-datas.oss-cn-beijing.aliyuncs.com\' ([Errno 11001] getaddrinfo failed)"))'} (object=1368/1738915928_1738915863_4.jpg)
2026-01-12 13:36:10,630 - download.async_downloader - ERROR - [FATAL] 图片下载失败: /1368/1738813062_1738813011_4.jpg；原因: 网络/OSS请求失败: {'status': -2, 'x-oss-request-id': '', 'details': 'RequestError: HTTPSConnectionPool(host=\'iot-datas.oss-cn-beijing.aliyuncs.com\', port=443): Max retries exceeded with url: /1368%2F1738813062_1738813011_4.jpg (Caused by NameResolutionError("<urllib3.connection.HTTPSConnection object at 0x0000024EFFD246E0>: Failed to resolve \'iot-datas.oss-cn-beijing.aliyuncs.com\' ([Errno 11001] getaddrinfo failed)"))'} (object=1368/1738813062_1738813011_4.jpg)
2026-01-12 13:36:10,692 - download.async_downloader - ERROR - [FATAL] 图片下载失败: /1368/1738978172_1738978109_5.jpg；原因: 网络/OSS请求失败: {'status': -2, 'x-oss-request-id': '', 'details': 'RequestError: HTTPSConnectionPool(host=\'iot-datas.oss-cn-beijing.aliyuncs.com\', port=443): Max retries exceeded with url: /1368%2F1738978172_1738978109_5.jpg (Caused by NameResolutionError("<urllib3.connection.HTTPSConnection object at 0x0000024EFFD26450>: Failed to resolve \'iot-datas.oss-cn-beijing.aliyuncs.com\' ([Errno 11001] getaddrinfo failed)"))'} (object=1368/1738978172_1738978109_5.jpg)
2026-01-12 13:36:10,877 - download.async_downloader - ERROR - [FATAL] 图片下载失败: /1368/1738890346_1738890276_4.jpg；原因: 网络/OSS请求失败: {'status': -2, 'x-oss-request-id': '', 'details': 'RequestError: HTTPSConnectionPool(host=\'iot-datas.oss-cn-beijing.aliyuncs.com\', port=443): Max retries exceeded with url: /1368%2F1738890346_1738890276_4.jpg (Caused by NameResolutionError("<urllib3.connection.HTTPSConnection object at 0x0000024EF53FECC0>: Failed to resolve \'iot-datas.oss-cn-beijing.aliyuncs.com\' ([Errno 11001] getaddrinfo failed)"))'} (object=1368/1738890346_1738890276_4.jpg)
2026-01-12 13:36:10,923 - download.async_downloader - ERROR - [FATAL] 图片下载失败: /1368/1738915938_1738915876_5.jpg；原因: 网络/OSS请求失败: {'status': -2, 'x-oss-request-id': '', 'details': 'RequestError: HTTPSConnectionPool(host=\'iot-datas.oss-cn-beijing.aliyuncs.com\', port=443): Max retries exceeded with url: /1368%2F1738915938_1738915876_5.jpg (Caused by NameResolutionError("<urllib3.connection.HTTPSConnection object at 0x0000024EF53FCAA0>: Failed to resolve \'iot-datas.oss-cn-beijing.aliyuncs.com\' ([Errno 11001] getaddrinfo failed)"))'} (object=1368/1738915938_1738915876_5.jpg)
2026-01-12 13:36:10,988 - download.async_downloader - ERROR - [FATAL] 图片下载失败: /1368/1738978162_1738978096_4.jpg；原因: 网络/OSS请求失败: {'status': -2, 'x-oss-request-id': '', 'details': 'RequestError: HTTPSConnectionPool(host=\'iot-datas.oss-cn-beijing.aliyuncs.com\', port=443): Max retries exceeded with url: /1368%2F1738978162_1738978096_4.jpg (Caused by NameResolutionError("<urllib3.connection.HTTPSConnection object at 0x0000024EF53FE930>: Failed to resolve \'iot-datas.oss-cn-beijing.aliyuncs.com\' ([Errno 11001] getaddrinfo failed)"))'} (object=1368/1738978162_1738978096_4.jpg)
2026-01-12 13:36:10,988 - download.async_downloader - ERROR - 致命错误，停止下载: 网络/OSS请求失败: {'status': -2, 'x-oss-request-id': '', 'details': 'RequestError: HTTPSConnectionPool(host=\'iot-datas.oss-cn-beijing.aliyuncs.com\', port=443): Max retries exceeded with url: /1368%2F1738980734_1738980664_4.jpg (Caused by NameResolutionError("<urllib3.connection.HTTPSConnection object at 0x0000024EFFCF7020>: Failed to resolve \'iot-datas.oss-cn-beijing.aliyuncs.com\' ([Errno 11001] getaddrinfo failed)"))'} (object=1368/1738980734_1738980664_4.jpg)
2026-01-12 13:46:08,235 - download.async_downloader - INFO - OSS连接成功
2026-01-12 14:17:46,079 - download.async_downloader - INFO - OSS连接成功
2026-01-12 14:18:04,036 - mysql.connector - INFO - package: mysql.connector.plugins
2026-01-12 14:18:04,037 - mysql.connector - INFO - plugin_name: mysql_native_password
2026-01-12 14:18:04,038 - mysql.connector - INFO - AUTHENTICATION_PLUGIN_CLASS: MySQLNativePasswordAuthPlugin
2026-01-12 14:18:06,814 - download.async_downloader - INFO - OSS连接成功
2026-01-12 14:18:06,819 - download.async_downloader - INFO - 数据表时间范围: 2025-01-01 00:00:00 到 2025-01-31 23:59:59
2026-01-12 14:18:06,825 - download.async_downloader - INFO - [10.0%] downloading: 1368 (1/1)
2026-01-12 14:18:17,088 - download.async_downloader - WARNING - 下载图片失败(可忽略): RuntimeError: cannot schedule new futures after shutdown (object=1368/1736151962_1736151842_4.jpg)
2026-01-12 14:18:17,124 - download.async_downloader - WARNING - 下载图片失败(可忽略): RuntimeError: cannot schedule new futures after shutdown (object=1368/1736151974_1736151851_5.jpg)
2026-01-12 14:36:09,169 - download.async_downloader - INFO - OSS连接成功
2026-01-12 14:36:13,008 - mysql.connector - INFO - package: mysql.connector.plugins
2026-01-12 14:36:13,008 - mysql.connector - INFO - plugin_name: mysql_native_password
2026-01-12 14:36:13,010 - mysql.connector - INFO - AUTHENTICATION_PLUGIN_CLASS: MySQLNativePasswordAuthPlugin
2026-01-12 14:36:35,318 - download.async_downloader - INFO - OSS连接成功
2026-01-12 14:36:35,329 - download.async_downloader - INFO - 数据表时间范围: 2025-01-01 00:00:00 到 2025-03-31 23:59:59
2026-01-12 14:36:35,334 - download.async_downloader - INFO - [10.0%] downloading: 1368 (1/1)
2026-01-12 14:37:50,241 - download.async_downloader - ERROR - [FATAL] 图片下载失败: /1368/1736151931_1736151708_4.jpg；原因: 网络/OSS请求失败: {'status': -2, 'x-oss-request-id': '', 'details': 'RequestError: HTTPSConnectionPool(host=\'iot-datas.oss-cn-beijing.aliyuncs.com\', port=443): Max retries exceeded with url: /1368%2F1736151931_1736151708_4.jpg (Caused by NameResolutionError("<urllib3.connection.HTTPSConnection object at 0x000001E8F1CB2000>: Failed to resolve \'iot-datas.oss-cn-beijing.aliyuncs.com\' ([Errno 11001] getaddrinfo failed)"))'} (object=1368/1736151931_1736151708_4.jpg)
2026-01-12 14:37:50,243 - download.async_downloader - ERROR - [FATAL] 已停止下载，跳过图片: /1368/1738812549_1738812475_4.jpg；原因: 网络/OSS请求失败: {'status': -2, 'x-oss-request-id': '', 'details': 'RequestError: HTTPSConnectionPool(host=\'iot-datas.oss-cn-beijing.aliyuncs.com\', port=443): Max retries exceeded with url: /1368%2F1736151931_1736151708_4.jpg (Caused by NameResolutionError("<urllib3.connection.HTTPSConnection object at 0x000001E8F1CB2000>: Failed to resolve \'iot-datas.oss-cn-beijing.aliyuncs.com\' ([Errno 11001] getaddrinfo failed)"))'} (object=1368/1736151931_1736151708_4.jpg)
2026-01-12 14:37:50,243 - download.async_downloader - ERROR - [FATAL] 已停止下载，跳过图片: /1368/1738812560_1738812487_5.jpg；原因: 网络/OSS请求失败: {'status': -2, 'x-oss-request-id': '', 'details': 'RequestError: HTTPSConnectionPool(host=\'iot-datas.oss-cn-beijing.aliyuncs.com\', port=443): Max retries exceeded with url: /1368%2F1736151931_1736151708_4.jpg (Caused by NameResolutionError("<urllib3.connection.HTTPSConnection object at 0x000001E8F1CB2000>: Failed to resolve \'iot-datas.oss-cn-beijing.aliyuncs.com\' ([Errno 11001] getaddrinfo failed)"))'} (object=1368/1736151931_1736151708_4.jpg)
2026-01-12 14:37:50,243 - download.async_downloader - ERROR - [FATAL] 已停止下载，跳过图片: /1368/1738813062_1738813011_4.jpg；原因: 网络/OSS请求失败: {'status': -2, 'x-oss-request-id': '', 'details': 'RequestError: HTTPSConnectionPool(host=\'iot-datas.oss-cn-beijing.aliyuncs.com\', port=443): Max retries exceeded with url: /1368%2F1736151931_1736151708_4.jpg (Caused by NameResolutionError("<urllib3.connection.HTTPSConnection object at 0x000001E8F1CB2000>: Failed to resolve \'iot-datas.oss-cn-beijing.aliyuncs.com\' ([Errno 11001] getaddrinfo failed)"))'} (object=1368/1736151931_1736151708_4.jpg)
2026-01-12 14:37:50,243 - download.async_downloader - ERROR - [FATAL] 已停止下载，跳过图片: /1368/1738813071_1738813024_5.jpg；原因: 网络/OSS请求失败: {'status': -2, 'x-oss-request-id': '', 'details': 'RequestError: HTTPSConnectionPool(host=\'iot-datas.oss-cn-beijing.aliyuncs.com\', port=443): Max retries exceeded with url: /1368%2F1736151931_1736151708_4.jpg (Caused by NameResolutionError("<urllib3.connection.HTTPSConnection object at 0x000001E8F1CB2000>: Failed to resolve \'iot-datas.oss-cn-beijing.aliyuncs.com\' ([Errno 11001] getaddrinfo failed)"))'} (object=1368/1736151931_1736151708_4.jpg)
2026-01-12 14:37:50,244 - download.async_downloader - ERROR - [FATAL] 已停止下载，跳过图片: /1368/1738822333_1738822263_4.jpg；原因: 网络/OSS请求失败: {'status': -2, 'x-oss-request-id': '', 'details': 'RequestError: HTTPSConnectionPool(host=\'iot-datas.oss-cn-beijing.aliyuncs.com\', port=443): Max retries exceeded with url: /1368%2F1736151931_1736151708_4.jpg (Caused by NameResolutionError("<urllib3.connection.HTTPSConnection object at 0x000001E8F1CB2000>: Failed to resolve \'iot-datas.oss-cn-beijing.aliyuncs.com\' ([Errno 11001] getaddrinfo failed)"))'} (object=1368/1736151931_1736151708_4.jpg)
2026-01-12 14:37:50,244 - download.async_downloader - ERROR - [FATAL] 已停止下载，跳过图片: /1368/1738822345_1738822276_5.jpg；原因: 网络/OSS请求失败: {'status': -2, 'x-oss-request-id': '', 'details': 'RequestError: HTTPSConnectionPool(host=\'iot-datas.oss-cn-beijing.aliyuncs.com\', port=443): Max retries exceeded with url: /1368%2F1736151931_1736151708_4.jpg (Caused by NameResolutionError("<urllib3.connection.HTTPSConnection object at 0x000001E8F1CB2000>: Failed to resolve \'iot-datas.oss-cn-beijing.aliyuncs.com\' ([Errno 11001] getaddrinfo failed)"))'} (object=1368/1736151931_1736151708_4.jpg)
2026-01-12 14:37:50,244 - download.async_downloader - ERROR - [FATAL] 已停止下载，跳过图片: /1368/1738829539_1738829463_4.jpg；原因: 网络/OSS请求失败: {'status': -2, 'x-oss-request-id': '', 'details': 'RequestError: HTTPSConnectionPool(host=\'iot-datas.oss-cn-beijing.aliyuncs.com\', port=443): Max retries exceeded with url: /1368%2F1736151931_1736151708_4.jpg (Caused by NameResolutionError("<urllib3.connection.HTTPSConnection object at 0x000001E8F1CB2000>: Failed to resolve \'iot-datas.oss-cn-beijing.aliyuncs.com\' ([Errno 11001] getaddrinfo failed)"))'} (object=1368/1736151931_1736151708_4.jpg)
2026-01-12 14:37:50,244 - download.async_downloader - ERROR - [FATAL] 已停止下载，跳过图片: /1368/1738829550_1738829477_5.jpg；原因: 网络/OSS请求失败: {'status': -2, 'x-oss-request-id': '', 'details': 'RequestError: HTTPSConnectionPool(host=\'iot-datas.oss-cn-beijing.aliyuncs.com\', port=443): Max retries exceeded with url: /1368%2F1736151931_1736151708_4.jpg (Caused by NameResolutionError("<urllib3.connection.HTTPSConnection object at 0x000001E8F1CB2000>: Failed to resolve \'iot-datas.oss-cn-beijing.aliyuncs.com\' ([Errno 11001] getaddrinfo failed)"))'} (object=1368/1736151931_1736151708_4.jpg)
2026-01-12 14:37:50,245 - download.async_downloader - ERROR - [FATAL] 已停止下载，跳过图片: /1368/1738887570_1738887505_4.jpg；原因: 网络/OSS请求失败: {'status': -2, 'x-oss-request-id': '', 'details': 'RequestError: HTTPSConnectionPool(host=\'iot-datas.oss-cn-beijing.aliyuncs.com\', port=443): Max retries exceeded with url: /1368%2F1736151931_1736151708_4.jpg (Caused by NameResolutionError("<urllib3.connection.HTTPSConnection object at 0x000001E8F1CB2000>: Failed to resolve \'iot-datas.oss-cn-beijing.aliyuncs.com\' ([Errno 11001] getaddrinfo failed)"))'} (object=1368/1736151931_1736151708_4.jpg)
2026-01-12 14:37:50,245 - download.async_downloader - ERROR - [FATAL] 已停止下载，跳过图片: /1368/1738887579_1738887518_5.jpg；原因: 网络/OSS请求失败: {'status': -2, 'x-oss-request-id': '', 'details': 'RequestError: HTTPSConnectionPool(host=\'iot-datas.oss-cn-beijing.aliyuncs.com\', port=443): Max retries exceeded with url: /1368%2F1736151931_1736151708_4.jpg (Caused by NameResolutionError("<urllib3.connection.HTTPSConnection object at 0x000001E8F1CB2000>: Failed to resolve \'iot-datas.oss-cn-beijing.aliyuncs.com\' ([Errno 11001] getaddrinfo failed)"))'} (object=1368/1736151931_1736151708_4.jpg)
2026-01-12 14:37:50,245 - download.async_downloader - ERROR - [FATAL] 已停止下载，跳过图片: /1368/1738890346_1738890276_4.jpg；原因: 网络/OSS请求失败: {'status': -2, 'x-oss-request-id': '', 'details': 'RequestError: HTTPSConnectionPool(host=\'iot-datas.oss-cn-beijing.aliyuncs.com\', port=443): Max retries exceeded with url: /1368%2F1736151931_1736151708_4.jpg (Caused by NameResolutionError("<urllib3.connection.HTTPSConnection object at 0x000001E8F1CB2000>: Failed to resolve \'iot-datas.oss-cn-beijing.aliyuncs.com\' ([Errno 11001] getaddrinfo failed)"))'} (object=1368/1736151931_1736151708_4.jpg)
2026-01-12 14:37:50,245 - download.async_downloader - ERROR - [FATAL] 已停止下载，跳过图片: /1368/1738890359_1738890289_5.jpg；原因: 网络/OSS请求失败: {'status': -2, 'x-oss-request-id': '', 'details': 'RequestError: HTTPSConnectionPool(host=\'iot-datas.oss-cn-beijing.aliyuncs.com\', port=443): Max retries exceeded with url: /1368%2F1736151931_1736151708_4.jpg (Caused by NameResolutionError("<urllib3.connection.HTTPSConnection object at 0x000001E8F1CB2000>: Failed to resolve \'iot-datas.oss-cn-beijing.aliyuncs.com\' ([Errno 11001] getaddrinfo failed)"))'} (object=1368/1736151931_1736151708_4.jpg)
2026-01-12 14:37:50,245 - download.async_downloader - ERROR - [FATAL] 已停止下载，跳过图片: /1368/1738894335_1738894264_4.jpg；原因: 网络/OSS请求失败: {'status': -2, 'x-oss-request-id': '', 'details': 'RequestError: HTTPSConnectionPool(host=\'iot-datas.oss-cn-beijing.aliyuncs.com\', port=443): Max retries exceeded with url: /1368%2F1736151931_1736151708_4.jpg (Caused by NameResolutionError("<urllib3.connection.HTTPSConnection object at 0x000001E8F1CB2000>: Failed to resolve \'iot-datas.oss-cn-beijing.aliyuncs.com\' ([Errno 11001] getaddrinfo failed)"))'} (object=1368/1736151931_1736151708_4.jpg)
2026-01-12 14:37:50,246 - download.async_downloader - ERROR - [FATAL] 已停止下载，跳过图片: /1368/1738894346_1738894276_5.jpg；原因: 网络/OSS请求失败: {'status': -2, 'x-oss-request-id': '', 'details': 'RequestError: HTTPSConnectionPool(host=\'iot-datas.oss-cn-beijing.aliyuncs.com\', port=443): Max retries exceeded with url: /1368%2F1736151931_1736151708_4.jpg (Caused by NameResolutionError("<urllib3.connection.HTTPSConnection object at 0x000001E8F1CB2000>: Failed to resolve \'iot-datas.oss-cn-beijing.aliyuncs.com\' ([Errno 11001] getaddrinfo failed)"))'} (object=1368/1736151931_1736151708_4.jpg)
2026-01-12 14:37:50,246 - download.async_downloader - ERROR - [FATAL] 已停止下载，跳过图片: /1368/1738907268_1738907203_4.jpg；原因: 网络/OSS请求失败: {'status': -2, 'x-oss-request-id': '', 'details': 'RequestError: HTTPSConnectionPool(host=\'iot-datas.oss-cn-beijing.aliyuncs.com\', port=443): Max retries exceeded with url: /1368%2F1736151931_1736151708_4.jpg (Caused by NameResolutionError("<urllib3.connection.HTTPSConnection object at 0x000001E8F1CB2000>: Failed to resolve \'iot-datas.oss-cn-beijing.aliyuncs.com\' ([Errno 11001] getaddrinfo failed)"))'} (object=1368/1736151931_1736151708_4.jpg)
2026-01-12 14:37:50,246 - download.async_downloader - ERROR - [FATAL] 已停止下载，跳过图片: /1368/1738907277_1738907216_5.jpg；原因: 网络/OSS请求失败: {'status': -2, 'x-oss-request-id': '', 'details': 'RequestError: HTTPSConnectionPool(host=\'iot-datas.oss-cn-beijing.aliyuncs.com\', port=443): Max retries exceeded with url: /1368%2F1736151931_1736151708_4.jpg (Caused by NameResolutionError("<urllib3.connection.HTTPSConnection object at 0x000001E8F1CB2000>: Failed to resolve \'iot-datas.oss-cn-beijing.aliyuncs.com\' ([Errno 11001] getaddrinfo failed)"))'} (object=1368/1736151931_1736151708_4.jpg)
2026-01-12 14:37:50,246 - download.async_downloader - ERROR - [FATAL] 已停止下载，跳过图片: /1368/1738908734_1738908664_4.jpg；原因: 网络/OSS请求失败: {'status': -2, 'x-oss-request-id': '', 'details': 'RequestError: HTTPSConnectionPool(host=\'iot-datas.oss-cn-beijing.aliyuncs.com\', port=443): Max retries exceeded with url: /1368%2F1736151931_1736151708_4.jpg (Caused by NameResolutionError("<urllib3.connection.HTTPSConnection object at 0x000001E8F1CB2000>: Failed to resolve \'iot-datas.oss-cn-beijing.aliyuncs.com\' ([Errno 11001] getaddrinfo failed)"))'} (object=1368/1736151931_1736151708_4.jpg)
2026-01-12 14:37:50,247 - download.async_downloader - ERROR - [FATAL] 已停止下载，跳过图片: /1368/1738908746_1738908676_5.jpg；原因: 网络/OSS请求失败: {'status': -2, 'x-oss-request-id': '', 'details': 'RequestError: HTTPSConnectionPool(host=\'iot-datas.oss-cn-beijing.aliyuncs.com\', port=443): Max retries exceeded with url: /1368%2F1736151931_1736151708_4.jpg (Caused by NameResolutionError("<urllib3.connection.HTTPSConnection object at 0x000001E8F1CB2000>: Failed to resolve \'iot-datas.oss-cn-beijing.aliyuncs.com\' ([Errno 11001] getaddrinfo failed)"))'} (object=1368/1736151931_1736151708_4.jpg)
2026-01-12 14:37:50,247 - download.async_downloader - ERROR - [FATAL] 已停止下载，跳过图片: /1368/1738915928_1738915863_4.jpg；原因: 网络/OSS请求失败: {'status': -2, 'x-oss-request-id': '', 'details': 'RequestError: HTTPSConnectionPool(host=\'iot-datas.oss-cn-beijing.aliyuncs.com\', port=443): Max retries exceeded with url: /1368%2F1736151931_1736151708_4.jpg (Caused by NameResolutionError("<urllib3.connection.HTTPSConnection object at 0x000001E8F1CB2000>: Failed to resolve \'iot-datas.oss-cn-beijing.aliyuncs.com\' ([Errno 11001] getaddrinfo failed)"))'} (object=1368/1736151931_1736151708_4.jpg)
2026-01-12 14:37:50,247 - download.async_downloader - ERROR - [FATAL] 已停止下载，跳过图片: /1368/1738915938_1738915876_5.jpg；原因: 网络/OSS请求失败: {'status': -2, 'x-oss-request-id': '', 'details': 'RequestError: HTTPSConnectionPool(host=\'iot-datas.oss-cn-beijing.aliyuncs.com\', port=443): Max retries exceeded with url: /1368%2F1736151931_1736151708_4.jpg (Caused by NameResolutionError("<urllib3.connection.HTTPSConnection object at 0x000001E8F1CB2000>: Failed to resolve \'iot-datas.oss-cn-beijing.aliyuncs.com\' ([Errno 11001] getaddrinfo failed)"))'} (object=1368/1736151931_1736151708_4.jpg)
2026-01-12 14:37:50,247 - download.async_downloader - ERROR - [FATAL] 已停止下载，跳过图片: /1368/1738978162_1738978096_4.jpg；原因: 网络/OSS请求失败: {'status': -2, 'x-oss-request-id': '', 'details': 'RequestError: HTTPSConnectionPool(host=\'iot-datas.oss-cn-beijing.aliyuncs.com\', port=443): Max retries exceeded with url: /1368%2F1736151931_1736151708_4.jpg (Caused by NameResolutionError("<urllib3.connection.HTTPSConnection object at 0x000001E8F1CB2000>: Failed to resolve \'iot-datas.oss-cn-beijing.aliyuncs.com\' ([Errno 11001] getaddrinfo failed)"))'} (object=1368/1736151931_1736151708_4.jpg)
2026-01-12 14:37:50,247 - download.async_downloader - ERROR - [FATAL] 已停止下载，跳过图片: /1368/1738978172_1738978109_5.jpg；原因: 网络/OSS请求失败: {'status': -2, 'x-oss-request-id': '', 'details': 'RequestError: HTTPSConnectionPool(host=\'iot-datas.oss-cn-beijing.aliyuncs.com\', port=443): Max retries exceeded with url: /1368%2F1736151931_1736151708_4.jpg (Caused by NameResolutionError("<urllib3.connection.HTTPSConnection object at 0x000001E8F1CB2000>: Failed to resolve \'iot-datas.oss-cn-beijing.aliyuncs.com\' ([Errno 11001] getaddrinfo failed)"))'} (object=1368/1736151931_1736151708_4.jpg)
2026-01-12 14:37:50,248 - download.async_downloader - ERROR - [FATAL] 已停止下载，跳过图片: /1368/1738980734_1738980664_4.jpg；原因: 网络/OSS请求失败: {'status': -2, 'x-oss-request-id': '', 'details': 'RequestError: HTTPSConnectionPool(host=\'iot-datas.oss-cn-beijing.aliyuncs.com\', port=443): Max retries exceeded with url: /1368%2F1736151931_1736151708_4.jpg (Caused by NameResolutionError("<urllib3.connection.HTTPSConnection object at 0x000001E8F1CB2000>: Failed to resolve \'iot-datas.oss-cn-beijing.aliyuncs.com\' ([Errno 11001] getaddrinfo failed)"))'} (object=1368/1736151931_1736151708_4.jpg)
2026-01-12 14:37:50,248 - download.async_downloader - ERROR - [FATAL] 已停止下载，跳过图片: /1368/1738980745_1738980676_5.jpg；原因: 网络/OSS请求失败: {'status': -2, 'x-oss-request-id': '', 'details': 'RequestError: HTTPSConnectionPool(host=\'iot-datas.oss-cn-beijing.aliyuncs.com\', port=443): Max retries exceeded with url: /1368%2F1736151931_1736151708_4.jpg (Caused by NameResolutionError("<urllib3.connection.HTTPSConnection object at 0x000001E8F1CB2000>: Failed to resolve \'iot-datas.oss-cn-beijing.aliyuncs.com\' ([Errno 11001] getaddrinfo failed)"))'} (object=1368/1736151931_1736151708_4.jpg)
2026-01-12 14:37:50,248 - download.async_downloader - ERROR - [FATAL] 已停止下载，跳过图片: /1368/1738995127_1738995064_4.jpg；原因: 网络/OSS请求失败: {'status': -2, 'x-oss-request-id': '', 'details': 'RequestError: HTTPSConnectionPool(host=\'iot-datas.oss-cn-beijing.aliyuncs.com\', port=443): Max retries exceeded with url: /1368%2F1736151931_1736151708_4.jpg (Caused by NameResolutionError("<urllib3.connection.HTTPSConnection object at 0x000001E8F1CB2000>: Failed to resolve \'iot-datas.oss-cn-beijing.aliyuncs.com\' ([Errno 11001] getaddrinfo failed)"))'} (object=1368/1736151931_1736151708_4.jpg)
2026-01-12 14:37:50,248 - download.async_downloader - ERROR - [FATAL] 已停止下载，跳过图片: /1368/1738995136_1738995076_5.jpg；原因: 网络/OSS请求失败: {'status': -2, 'x-oss-request-id': '', 'details': 'RequestError: HTTPSConnectionPool(host=\'iot-datas.oss-cn-beijing.aliyuncs.com\', port=443): Max retries exceeded with url: /1368%2F1736151931_1736151708_4.jpg (Caused by NameResolutionError("<urllib3.connection.HTTPSConnection object at 0x000001E8F1CB2000>: Failed to resolve \'iot-datas.oss-cn-beijing.aliyuncs.com\' ([Errno 11001] getaddrinfo failed)"))'} (object=1368/1736151931_1736151708_4.jpg)
2026-01-12 14:37:50,248 - download.async_downloader - ERROR - [FATAL] 已停止下载，跳过图片: /1368/1739002327_1739002264_4.jpg；原因: 网络/OSS请求失败: {'status': -2, 'x-oss-request-id': '', 'details': 'RequestError: HTTPSConnectionPool(host=\'iot-datas.oss-cn-beijing.aliyuncs.com\', port=443): Max retries exceeded with url: /1368%2F1736151931_1736151708_4.jpg (Caused by NameResolutionError("<urllib3.connection.HTTPSConnection object at 0x000001E8F1CB2000>: Failed to resolve \'iot-datas.oss-cn-beijing.aliyuncs.com\' ([Errno 11001] getaddrinfo failed)"))'} (object=1368/1736151931_1736151708_4.jpg)
2026-01-12 14:37:50,249 - download.async_downloader - ERROR - [FATAL] 已停止下载，跳过图片: /1368/1739002335_1739002276_5.jpg；原因: 网络/OSS请求失败: {'status': -2, 'x-oss-request-id': '', 'details': 'RequestError: HTTPSConnectionPool(host=\'iot-datas.oss-cn-beijing.aliyuncs.com\', port=443): Max retries exceeded with url: /1368%2F1736151931_1736151708_4.jpg (Caused by NameResolutionError("<urllib3.connection.HTTPSConnection object at 0x000001E8F1CB2000>: Failed to resolve \'iot-datas.oss-cn-beijing.aliyuncs.com\' ([Errno 11001] getaddrinfo failed)"))'} (object=1368/1736151931_1736151708_4.jpg)
2026-01-12 14:37:50,249 - download.async_downloader - ERROR - [FATAL] 已停止下载，跳过图片: /1368/1739167934_1739146264_4.jpg；原因: 网络/OSS请求失败: {'status': -2, 'x-oss-request-id': '', 'details': 'RequestError: HTTPSConnectionPool(host=\'iot-datas.oss-cn-beijing.aliyuncs.com\', port=443): Max retries exceeded with url: /1368%2F1736151931_1736151708_4.jpg (Caused by NameResolutionError("<urllib3.connection.HTTPSConnection object at 0x000001E8F1CB2000>: Failed to resolve \'iot-datas.oss-cn-beijing.aliyuncs.com\' ([Errno 11001] getaddrinfo failed)"))'} (object=1368/1736151931_1736151708_4.jpg)
2026-01-12 14:37:50,249 - download.async_downloader - ERROR - [FATAL] 已停止下载，跳过图片: /1368/1739167944_1739146276_5.jpg；原因: 网络/OSS请求失败: {'status': -2, 'x-oss-request-id': '', 'details': 'RequestError: HTTPSConnectionPool(host=\'iot-datas.oss-cn-beijing.aliyuncs.com\', port=443): Max retries exceeded with url: /1368%2F1736151931_1736151708_4.jpg (Caused by NameResolutionError("<urllib3.connection.HTTPSConnection object at 0x000001E8F1CB2000>: Failed to resolve \'iot-datas.oss-cn-beijing.aliyuncs.com\' ([Errno 11001] getaddrinfo failed)"))'} (object=1368/1736151931_1736151708_4.jpg)
2026-01-12 14:37:50,249 - download.async_downloader - ERROR - [FATAL] 已停止下载，跳过图片: /1368/1739167980_1739153464_4.jpg；原因: 网络/OSS请求失败: {'status': -2, 'x-oss-request-id': '', 'details': 'RequestError: HTTPSConnectionPool(host=\'iot-datas.oss-cn-beijing.aliyuncs.com\', port=443): Max retries exceeded with url: /1368%2F1736151931_1736151708_4.jpg (Caused by NameResolutionError("<urllib3.connection.HTTPSConnection object at 0x000001E8F1CB2000>: Failed to resolve \'iot-datas.oss-cn-beijing.aliyuncs.com\' ([Errno 11001] getaddrinfo failed)"))'} (object=1368/1736151931_1736151708_4.jpg)
2026-01-12 14:37:50,249 - download.async_downloader - ERROR - [FATAL] 已停止下载，跳过图片: /1368/1739167989_1739153476_5.jpg；原因: 网络/OSS请求失败: {'status': -2, 'x-oss-request-id': '', 'details': 'RequestError: HTTPSConnectionPool(host=\'iot-datas.oss-cn-beijing.aliyuncs.com\', port=443): Max retries exceeded with url: /1368%2F1736151931_1736151708_4.jpg (Caused by NameResolutionError("<urllib3.connection.HTTPSConnection object at 0x000001E8F1CB2000>: Failed to resolve \'iot-datas.oss-cn-beijing.aliyuncs.com\' ([Errno 11001] getaddrinfo failed)"))'} (object=1368/1736151931_1736151708_4.jpg)
2026-01-12 14:37:50,251 - download.async_downloader - ERROR - [FATAL] 已停止下载，跳过图片: /1368/1739168025_1739167864_4.jpg；原因: 网络/OSS请求失败: {'status': -2, 'x-oss-request-id': '', 'details': 'RequestError: HTTPSConnectionPool(host=\'iot-datas.oss-cn-beijing.aliyuncs.com\', port=443): Max retries exceeded with url: /1368%2F1736151931_1736151708_4.jpg (Caused by NameResolutionError("<urllib3.connection.HTTPSConnection object at 0x000001E8F1CB2000>: Failed to resolve \'iot-datas.oss-cn-beijing.aliyuncs.com\' ([Errno 11001] getaddrinfo failed)"))'} (object=1368/1736151931_1736151708_4.jpg)
2026-01-12 14:37:50,251 - download.async_downloader - ERROR - [FATAL] 已停止下载，跳过图片: /1368/1739168035_1739167876_5.jpg；原因: 网络/OSS请求失败: {'status': -2, 'x-oss-request-id': '', 'details': 'RequestError: HTTPSConnectionPool(host=\'iot-datas.oss-cn-beijing.aliyuncs.com\', port=443): Max retries exceeded with url: /1368%2F1736151931_1736151708_4.jpg (Caused by NameResolutionError("<urllib3.connection.HTTPSConnection object at 0x000001E8F1CB2000>: Failed to resolve \'iot-datas.oss-cn-beijing.aliyuncs.com\' ([Errno 11001] getaddrinfo failed)"))'} (object=1368/1736151931_1736151708_4.jpg)
2026-01-12 14:37:50,251 - download.async_downloader - ERROR - [FATAL] 已停止下载，跳过图片: /1368/1739175128_1739175064_4.jpg；原因: 网络/OSS请求失败: {'status': -2, 'x-oss-request-id': '', 'details': 'RequestError: HTTPSConnectionPool(host=\'iot-datas.oss-cn-beijing.aliyuncs.com\', port=443): Max retries exceeded with url: /1368%2F1736151931_1736151708_4.jpg (Caused by NameResolutionError("<urllib3.connection.HTTPSConnection object at 0x000001E8F1CB2000>: Failed to resolve \'iot-datas.oss-cn-beijing.aliyuncs.com\' ([Errno 11001] getaddrinfo failed)"))'} (object=1368/1736151931_1736151708_4.jpg)
2026-01-12 14:37:50,251 - download.async_downloader - ERROR - [FATAL] 已停止下载，跳过图片: /1368/1739175137_1739175076_5.jpg；原因: 网络/OSS请求失败: {'status': -2, 'x-oss-request-id': '', 'details': 'RequestError: HTTPSConnectionPool(host=\'iot-datas.oss-cn-beijing.aliyuncs.com\', port=443): Max retries exceeded with url: /1368%2F1736151931_1736151708_4.jpg (Caused by NameResolutionError("<urllib3.connection.HTTPSConnection object at 0x000001E8F1CB2000>: Failed to resolve \'iot-datas.oss-cn-beijing.aliyuncs.com\' ([Errno 11001] getaddrinfo failed)"))'} (object=1368/1736151931_1736151708_4.jpg)
2026-01-12 14:37:50,251 - download.async_downloader - ERROR - [FATAL] 已停止下载，跳过图片: /1368/1739239845_1739239776_4.jpg；原因: 网络/OSS请求失败: {'status': -2, 'x-oss-request-id': '', 'details': 'RequestError: HTTPSConnectionPool(host=\'iot-datas.oss-cn-beijing.aliyuncs.com\', port=443): Max retries exceeded with url: /1368%2F1736151931_1736151708_4.jpg (Caused by NameResolutionError("<urllib3.connection.HTTPSConnection object at 0x000001E8F1CB2000>: Failed to resolve \'iot-datas.oss-cn-beijing.aliyuncs.com\' ([Errno 11001] getaddrinfo failed)"))'} (object=1368/1736151931_1736151708_4.jpg)
2026-01-12 14:37:50,252 - download.async_downloader - ERROR - [FATAL] 已停止下载，跳过图片: /1368/1739239854_1739239788_5.jpg；原因: 网络/OSS请求失败: {'status': -2, 'x-oss-request-id': '', 'details': 'RequestError: HTTPSConnectionPool(host=\'iot-datas.oss-cn-beijing.aliyuncs.com\', port=443): Max retries exceeded with url: /1368%2F1736151931_1736151708_4.jpg (Caused by NameResolutionError("<urllib3.connection.HTTPSConnection object at 0x000001E8F1CB2000>: Failed to resolve \'iot-datas.oss-cn-beijing.aliyuncs.com\' ([Errno 11001] getaddrinfo failed)"))'} (object=1368/1736151931_1736151708_4.jpg)
2026-01-12 14:37:50,253 - download.async_downloader - ERROR - [FATAL] 已停止下载，跳过图片: /1368/1739254328_1739254264_4.jpg；原因: 网络/OSS请求失败: {'status': -2, 'x-oss-request-id': '', 'details': 'RequestError: HTTPSConnectionPool(host=\'iot-datas.oss-cn-beijing.aliyuncs.com\', port=443): Max retries exceeded with url: /1368%2F1736151931_1736151708_4.jpg (Caused by NameResolutionError("<urllib3.connection.HTTPSConnection object at 0x000001E8F1CB2000>: Failed to resolve \'iot-datas.oss-cn-beijing.aliyuncs.com\' ([Errno 11001] getaddrinfo failed)"))'} (object=1368/1736151931_1736151708_4.jpg)
2026-01-12 14:37:50,253 - download.async_downloader - ERROR - [FATAL] 已停止下载，跳过图片: /1368/1739254336_1739254276_5.jpg；原因: 网络/OSS请求失败: {'status': -2, 'x-oss-request-id': '', 'details': 'RequestError: HTTPSConnectionPool(host=\'iot-datas.oss-cn-beijing.aliyuncs.com\', port=443): Max retries exceeded with url: /1368%2F1736151931_1736151708_4.jpg (Caused by NameResolutionError("<urllib3.connection.HTTPSConnection object at 0x000001E8F1CB2000>: Failed to resolve \'iot-datas.oss-cn-beijing.aliyuncs.com\' ([Errno 11001] getaddrinfo failed)"))'} (object=1368/1736151931_1736151708_4.jpg)
2026-01-12 14:37:50,253 - download.async_downloader - ERROR - [FATAL] 已停止下载，跳过图片: /1368/1739261536_1739261464_4.jpg；原因: 网络/OSS请求失败: {'status': -2, 'x-oss-request-id': '', 'details': 'RequestError: HTTPSConnectionPool(host=\'iot-datas.oss-cn-beijing.aliyuncs.com\', port=443): Max retries exceeded with url: /1368%2F1736151931_1736151708_4.jpg (Caused by NameResolutionError("<urllib3.connection.HTTPSConnection object at 0x000001E8F1CB2000>: Failed to resolve \'iot-datas.oss-cn-beijing.aliyuncs.com\' ([Errno 11001] getaddrinfo failed)"))'} (object=1368/1736151931_1736151708_4.jpg)
2026-01-12 14:37:50,254 - download.async_downloader - ERROR - [FATAL] 已停止下载，跳过图片: /1368/1739261546_1739261476_5.jpg；原因: 网络/OSS请求失败: {'status': -2, 'x-oss-request-id': '', 'details': 'RequestError: HTTPSConnectionPool(host=\'iot-datas.oss-cn-beijing.aliyuncs.com\', port=443): Max retries exceeded with url: /1368%2F1736151931_1736151708_4.jpg (Caused by NameResolutionError("<urllib3.connection.HTTPSConnection object at 0x000001E8F1CB2000>: Failed to resolve \'iot-datas.oss-cn-beijing.aliyuncs.com\' ([Errno 11001] getaddrinfo failed)"))'} (object=1368/1736151931_1736151708_4.jpg)
2026-01-12 14:37:50,254 - download.async_downloader - ERROR - [FATAL] 已停止下载，跳过图片: /1368/1739319128_1739319063_4.jpg；原因: 网络/OSS请求失败: {'status': -2, 'x-oss-request-id': '', 'details': 'RequestError: HTTPSConnectionPool(host=\'iot-datas.oss-cn-beijing.aliyuncs.com\', port=443): Max retries exceeded with url: /1368%2F1736151931_1736151708_4.jpg (Caused by NameResolutionError("<urllib3.connection.HTTPSConnection object at 0x000001E8F1CB2000>: Failed to resolve \'iot-datas.oss-cn-beijing.aliyuncs.com\' ([Errno 11001] getaddrinfo failed)"))'} (object=1368/1736151931_1736151708_4.jpg)
2026-01-12 14:37:50,254 - download.async_downloader - ERROR - [FATAL] 已停止下载，跳过图片: /1368/1739319136_1739319076_5.jpg；原因: 网络/OSS请求失败: {'status': -2, 'x-oss-request-id': '', 'details': 'RequestError: HTTPSConnectionPool(host=\'iot-datas.oss-cn-beijing.aliyuncs.com\', port=443): Max retries exceeded with url: /1368%2F1736151931_1736151708_4.jpg (Caused by NameResolutionError("<urllib3.connection.HTTPSConnection object at 0x000001E8F1CB2000>: Failed to resolve \'iot-datas.oss-cn-beijing.aliyuncs.com\' ([Errno 11001] getaddrinfo failed)"))'} (object=1368/1736151931_1736151708_4.jpg)
2026-01-12 14:37:50,254 - download.async_downloader - ERROR - [FATAL] 已停止下载，跳过图片: /1368/1739321023_1739320960_4.jpg；原因: 网络/OSS请求失败: {'status': -2, 'x-oss-request-id': '', 'details': 'RequestError: HTTPSConnectionPool(host=\'iot-datas.oss-cn-beijing.aliyuncs.com\', port=443): Max retries exceeded with url: /1368%2F1736151931_1736151708_4.jpg (Caused by NameResolutionError("<urllib3.connection.HTTPSConnection object at 0x000001E8F1CB2000>: Failed to resolve \'iot-datas.oss-cn-beijing.aliyuncs.com\' ([Errno 11001] getaddrinfo failed)"))'} (object=1368/1736151931_1736151708_4.jpg)
2026-01-12 14:37:50,256 - download.async_downloader - ERROR - [FATAL] 已停止下载，跳过图片: /1368/1739321032_1739320973_5.jpg；原因: 网络/OSS请求失败: {'status': -2, 'x-oss-request-id': '', 'details': 'RequestError: HTTPSConnectionPool(host=\'iot-datas.oss-cn-beijing.aliyuncs.com\', port=443): Max retries exceeded with url: /1368%2F1736151931_1736151708_4.jpg (Caused by NameResolutionError("<urllib3.connection.HTTPSConnection object at 0x000001E8F1CB2000>: Failed to resolve \'iot-datas.oss-cn-beijing.aliyuncs.com\' ([Errno 11001] getaddrinfo failed)"))'} (object=1368/1736151931_1736151708_4.jpg)
2026-01-12 14:37:50,257 - download.async_downloader - ERROR - [FATAL] 已停止下载，跳过图片: /1368/1739326327_1739326264_4.jpg；原因: 网络/OSS请求失败: {'status': -2, 'x-oss-request-id': '', 'details': 'RequestError: HTTPSConnectionPool(host=\'iot-datas.oss-cn-beijing.aliyuncs.com\', port=443): Max retries exceeded with url: /1368%2F1736151931_1736151708_4.jpg (Caused by NameResolutionError("<urllib3.connection.HTTPSConnection object at 0x000001E8F1CB2000>: Failed to resolve \'iot-datas.oss-cn-beijing.aliyuncs.com\' ([Errno 11001] getaddrinfo failed)"))'} (object=1368/1736151931_1736151708_4.jpg)
2026-01-12 14:37:50,257 - download.async_downloader - ERROR - [FATAL] 已停止下载，跳过图片: /1368/1739326336_1739326276_5.jpg；原因: 网络/OSS请求失败: {'status': -2, 'x-oss-request-id': '', 'details': 'RequestError: HTTPSConnectionPool(host=\'iot-datas.oss-cn-beijing.aliyuncs.com\', port=443): Max retries exceeded with url: /1368%2F1736151931_1736151708_4.jpg (Caused by NameResolutionError("<urllib3.connection.HTTPSConnection object at 0x000001E8F1CB2000>: Failed to resolve \'iot-datas.oss-cn-beijing.aliyuncs.com\' ([Errno 11001] getaddrinfo failed)"))'} (object=1368/1736151931_1736151708_4.jpg)
2026-01-12 14:37:50,257 - download.async_downloader - ERROR - [FATAL] 已停止下载，跳过图片: /1368/1739340731_1739340664_4.jpg；原因: 网络/OSS请求失败: {'status': -2, 'x-oss-request-id': '', 'details': 'RequestError: HTTPSConnectionPool(host=\'iot-datas.oss-cn-beijing.aliyuncs.com\', port=443): Max retries exceeded with url: /1368%2F1736151931_1736151708_4.jpg (Caused by NameResolutionError("<urllib3.connection.HTTPSConnection object at 0x000001E8F1CB2000>: Failed to resolve \'iot-datas.oss-cn-beijing.aliyuncs.com\' ([Errno 11001] getaddrinfo failed)"))'} (object=1368/1736151931_1736151708_4.jpg)
2026-01-12 14:37:50,257 - download.async_downloader - ERROR - [FATAL] 已停止下载，跳过图片: /1368/1739340745_1739340677_5.jpg；原因: 网络/OSS请求失败: {'status': -2, 'x-oss-request-id': '', 'details': 'RequestError: HTTPSConnectionPool(host=\'iot-datas.oss-cn-beijing.aliyuncs.com\', port=443): Max retries exceeded with url: /1368%2F1736151931_1736151708_4.jpg (Caused by NameResolutionError("<urllib3.connection.HTTPSConnection object at 0x000001E8F1CB2000>: Failed to resolve \'iot-datas.oss-cn-beijing.aliyuncs.com\' ([Errno 11001] getaddrinfo failed)"))'} (object=1368/1736151931_1736151708_4.jpg)
2026-01-12 14:37:50,258 - download.async_downloader - ERROR - [FATAL] 已停止下载，跳过图片: /1368/1739347930_1739347863_4.jpg；原因: 网络/OSS请求失败: {'status': -2, 'x-oss-request-id': '', 'details': 'RequestError: HTTPSConnectionPool(host=\'iot-datas.oss-cn-beijing.aliyuncs.com\', port=443): Max retries exceeded with url: /1368%2F1736151931_1736151708_4.jpg (Caused by NameResolutionError("<urllib3.connection.HTTPSConnection object at 0x000001E8F1CB2000>: Failed to resolve \'iot-datas.oss-cn-beijing.aliyuncs.com\' ([Errno 11001] getaddrinfo failed)"))'} (object=1368/1736151931_1736151708_4.jpg)
2026-01-12 14:37:51,389 - download.async_downloader - ERROR - [FATAL] 图片下载失败: /1368/1736064713_1736064664_4.jpg；原因: 网络/OSS请求失败: {'status': -2, 'x-oss-request-id': '', 'details': 'RequestError: HTTPSConnectionPool(host=\'iot-datas.oss-cn-beijing.aliyuncs.com\', port=443): Max retries exceeded with url: /1368%2F1736064713_1736064664_4.jpg (Caused by NameResolutionError("<urllib3.connection.HTTPSConnection object at 0x000001E8F1CCA690>: Failed to resolve \'iot-datas.oss-cn-beijing.aliyuncs.com\' ([Errno 11001] getaddrinfo failed)"))'} (object=1368/1736064713_1736064664_4.jpg)
2026-01-12 14:37:51,496 - download.async_downloader - ERROR - [FATAL] 图片下载失败: /1368/1736151962_1736151842_4.jpg；原因: 网络/OSS请求失败: {'status': -2, 'x-oss-request-id': '', 'details': 'RequestError: HTTPSConnectionPool(host=\'iot-datas.oss-cn-beijing.aliyuncs.com\', port=443): Max retries exceeded with url: /1368%2F1736151962_1736151842_4.jpg (Caused by NameResolutionError("<urllib3.connection.HTTPSConnection object at 0x000001E8F1CCAAE0>: Failed to resolve \'iot-datas.oss-cn-beijing.aliyuncs.com\' ([Errno 11001] getaddrinfo failed)"))'} (object=1368/1736151962_1736151842_4.jpg)
2026-01-12 14:37:51,528 - download.async_downloader - ERROR - [FATAL] 图片下载失败: /1368/1736151974_1736151851_5.jpg；原因: 网络/OSS请求失败: {'status': -2, 'x-oss-request-id': '', 'details': 'RequestError: HTTPSConnectionPool(host=\'iot-datas.oss-cn-beijing.aliyuncs.com\', port=443): Max retries exceeded with url: /1368%2F1736151974_1736151851_5.jpg (Caused by NameResolutionError("<urllib3.connection.HTTPSConnection object at 0x000001E8F1CCB050>: Failed to resolve \'iot-datas.oss-cn-beijing.aliyuncs.com\' ([Errno 11001] getaddrinfo failed)"))'} (object=1368/1736151974_1736151851_5.jpg)
2026-01-12 14:37:51,653 - download.async_downloader - ERROR - [FATAL] 图片下载失败: /1368/1736043107_1736043063_4.jpg；原因: 网络/OSS请求失败: {'status': -2, 'x-oss-request-id': '', 'details': 'RequestError: HTTPSConnectionPool(host=\'iot-datas.oss-cn-beijing.aliyuncs.com\', port=443): Max retries exceeded with url: /1368%2F1736043107_1736043063_4.jpg (Caused by NameResolutionError("<urllib3.connection.HTTPSConnection object at 0x000001E8F1CCB4D0>: Failed to resolve \'iot-datas.oss-cn-beijing.aliyuncs.com\' ([Errno 11001] getaddrinfo failed)"))'} (object=1368/1736043107_1736043063_4.jpg)
2026-01-12 14:37:51,729 - download.async_downloader - ERROR - [FATAL] 图片下载失败: /1368/1736043117_1736043071_5.jpg；原因: 网络/OSS请求失败: {'status': -2, 'x-oss-request-id': '', 'details': 'RequestError: HTTPSConnectionPool(host=\'iot-datas.oss-cn-beijing.aliyuncs.com\', port=443): Max retries exceeded with url: /1368%2F1736043117_1736043071_5.jpg (Caused by NameResolutionError("<urllib3.connection.HTTPSConnection object at 0x000001E8F1CCB7D0>: Failed to resolve \'iot-datas.oss-cn-beijing.aliyuncs.com\' ([Errno 11001] getaddrinfo failed)"))'} (object=1368/1736043117_1736043071_5.jpg)
2026-01-12 14:37:51,793 - download.async_downloader - ERROR - [FATAL] 图片下载失败: /1368/1736035921_1736035871_5.jpg；原因: 网络/OSS请求失败: {'status': -2, 'x-oss-request-id': '', 'details': 'RequestError: HTTPSConnectionPool(host=\'iot-datas.oss-cn-beijing.aliyuncs.com\', port=443): Max retries exceeded with url: /1368%2F1736035921_1736035871_5.jpg (Caused by NameResolutionError("<urllib3.connection.HTTPSConnection object at 0x000001E8F1CC8BC0>: Failed to resolve \'iot-datas.oss-cn-beijing.aliyuncs.com\' ([Errno 11001] getaddrinfo failed)"))'} (object=1368/1736035921_1736035871_5.jpg)
2026-01-12 14:37:51,825 - download.async_downloader - ERROR - [FATAL] 图片下载失败: /1368/1736151942_1736151718_5.jpg；原因: 网络/OSS请求失败: {'status': -2, 'x-oss-request-id': '', 'details': 'RequestError: HTTPSConnectionPool(host=\'iot-datas.oss-cn-beijing.aliyuncs.com\', port=443): Max retries exceeded with url: /1368%2F1736151942_1736151718_5.jpg (Caused by NameResolutionError("<urllib3.connection.HTTPSConnection object at 0x000001E8F17780E0>: Failed to resolve \'iot-datas.oss-cn-beijing.aliyuncs.com\' ([Errno 11001] getaddrinfo failed)"))'} (object=1368/1736151942_1736151718_5.jpg)
2026-01-12 14:37:51,888 - download.async_downloader - ERROR - [FATAL] 图片下载失败: /1368/1736057521_1736057471_5.jpg；原因: 网络/OSS请求失败: {'status': -2, 'x-oss-request-id': '', 'details': 'RequestError: HTTPSConnectionPool(host=\'iot-datas.oss-cn-beijing.aliyuncs.com\', port=443): Max retries exceeded with url: /1368%2F1736057521_1736057471_5.jpg (Caused by NameResolutionError("<urllib3.connection.HTTPSConnection object at 0x000001E8F1CD3950>: Failed to resolve \'iot-datas.oss-cn-beijing.aliyuncs.com\' ([Errno 11001] getaddrinfo failed)"))'} (object=1368/1736057521_1736057471_5.jpg)
2026-01-12 14:37:51,965 - download.async_downloader - ERROR - [FATAL] 图片下载失败: /1368/1736057510_1736057464_4.jpg；原因: 网络/OSS请求失败: {'status': -2, 'x-oss-request-id': '', 'details': 'RequestError: HTTPSConnectionPool(host=\'iot-datas.oss-cn-beijing.aliyuncs.com\', port=443): Max retries exceeded with url: /1368%2F1736057510_1736057464_4.jpg (Caused by NameResolutionError("<urllib3.connection.HTTPSConnection object at 0x000001E8F1CD3DA0>: Failed to resolve \'iot-datas.oss-cn-beijing.aliyuncs.com\' ([Errno 11001] getaddrinfo failed)"))'} (object=1368/1736057510_1736057464_4.jpg)
2026-01-12 14:37:51,967 - download.async_downloader - ERROR - 致命错误，停止下载: 网络/OSS请求失败: {'status': -2, 'x-oss-request-id': '', 'details': 'RequestError: HTTPSConnectionPool(host=\'iot-datas.oss-cn-beijing.aliyuncs.com\', port=443): Max retries exceeded with url: /1368%2F1736151931_1736151708_4.jpg (Caused by NameResolutionError("<urllib3.connection.HTTPSConnection object at 0x000001E8F1CB2000>: Failed to resolve \'iot-datas.oss-cn-beijing.aliyuncs.com\' ([Errno 11001] getaddrinfo failed)"))'} (object=1368/1736151931_1736151708_4.jpg)
2026-01-12 14:37:51,968 - download.async_downloader - INFO - [100.0%] Download completed
2026-01-12 14:42:21,816 - download.async_downloader - INFO - OSS连接成功
2026-01-12 14:42:21,841 - download.async_downloader - INFO - 数据表时间范围: 2025-01-01 00:00:00 到 2025-03-31 23:59:59
2026-01-12 14:42:21,850 - download.async_downloader - INFO - [10.0%] downloading: 1368 (1/1)
2026-01-12 14:57:43,104 - download.async_downloader - INFO - [100.0%] Download completed
2026-01-12 15:03:08,797 - download.async_downloader - INFO - OSS连接成功
2026-01-12 15:03:08,834 - download.async_downloader - INFO - 数据表时间范围: 2025-01-01 00:00:00 到 2025-03-31 23:59:59
2026-01-12 15:03:08,845 - download.async_downloader - INFO - [10.0%] downloading: 2435 (1/1)
2026-01-12 15:04:08,659 - download.async_downloader - WARNING - 下载图片失败(可忽略): RuntimeError: cannot schedule new futures after shutdown (object=2435/1740644700_1740644131_730.jpg)
2026-01-12 15:04:08,661 - download.async_downloader - WARNING - 下载图片失败(可忽略): RuntimeError: cannot schedule new futures after shutdown (object=2435/1740701876_1740701463_4.jpg)
2026-01-12 15:04:08,685 - download.async_downloader - WARNING - 下载图片失败(可忽略): RuntimeError: cannot schedule new futures after shutdown (object=2435/1740701994_1740701498_5.jpg)
2026-01-12 15:04:08,716 - download.async_downloader - WARNING - 下载图片失败(可忽略): RuntimeError: cannot schedule new futures after shutdown (object=2435/1740702050_1740701566_610.jpg)
2026-01-12 15:04:08,747 - download.async_downloader - WARNING - 下载图片失败(可忽略): RuntimeError: cannot schedule new futures after shutdown (object=2435/1740702094_1740701616_630.jpg)
2026-01-12 15:04:08,777 - download.async_downloader - WARNING - 下载图片失败(可忽略): RuntimeError: cannot schedule new futures after shutdown (object=2435/1740702176_1740701664_710.jpg)
2026-01-12 15:04:08,807 - download.async_downloader - WARNING - 下载图片失败(可忽略): RuntimeError: cannot schedule new futures after shutdown (object=2435/1740702237_1740701718_730.jpg)
2026-01-12 15:04:08,838 - download.async_downloader - WARNING - 下载图片失败(可忽略): RuntimeError: cannot schedule new futures after shutdown (object=2435/1740709049_1740708663_4.jpg)
2026-01-12 15:04:08,868 - download.async_downloader - WARNING - 下载图片失败(可忽略): RuntimeError: cannot schedule new futures after shutdown (object=2435/1740709204_1740708699_5.jpg)
2026-01-12 15:04:08,899 - download.async_downloader - WARNING - 下载图片失败(可忽略): RuntimeError: cannot schedule new futures after shutdown (object=2435/1740709247_1740708765_610.jpg)
2026-01-12 15:04:08,930 - download.async_downloader - WARNING - 下载图片失败(可忽略): RuntimeError: cannot schedule new futures after shutdown (object=2435/1740709322_1740708816_630.jpg)
2026-01-12 15:04:08,960 - download.async_downloader - WARNING - 下载图片失败(可忽略): RuntimeError: cannot schedule new futures after shutdown (object=2435/1740709388_1740708861_710.jpg)
2026-01-12 15:04:08,991 - download.async_downloader - WARNING - 下载图片失败(可忽略): RuntimeError: cannot schedule new futures after shutdown (object=2435/1740709508_1740708919_730.jpg)
2026-01-12 15:04:09,022 - download.async_downloader - WARNING - 下载图片失败(可忽略): RuntimeError: cannot schedule new futures after shutdown (object=2435/1740723480_1740723063_4.jpg)
2026-01-12 15:04:09,052 - download.async_downloader - WARNING - 下载图片失败(可忽略): RuntimeError: cannot schedule new futures after shutdown (object=2435/1740723567_1740723101_5.jpg)
2026-01-12 15:04:09,083 - download.async_downloader - WARNING - 下载图片失败(可忽略): RuntimeError: cannot schedule new futures after shutdown (object=2435/1740723619_1740723166_610.jpg)
2026-01-12 15:04:09,113 - download.async_downloader - WARNING - 下载图片失败(可忽略): RuntimeError: cannot schedule new futures after shutdown (object=2435/1740723655_1740723230_630.jpg)
2026-01-12 15:04:09,114 - download.async_downloader - WARNING - 下载图片失败(可忽略): RuntimeError: cannot schedule new futures after shutdown (object=2435/1740723734_1740723278_710.jpg)
2026-01-12 15:04:09,144 - download.async_downloader - WARNING - 下载图片失败(可忽略): RuntimeError: cannot schedule new futures after shutdown (object=2435/1740723796_1740723340_730.jpg)
2026-01-12 15:04:09,145 - download.async_downloader - WARNING - 下载图片失败(可忽略): RuntimeError: cannot schedule new futures after shutdown (object=2435/1740730702_1740730263_4.jpg)
2026-01-12 15:04:09,175 - download.async_downloader - WARNING - 下载图片失败(可忽略): RuntimeError: cannot schedule new futures after shutdown (object=2435/1740730815_1740730303_5.jpg)
2026-01-12 15:04:09,205 - download.async_downloader - WARNING - 下载图片失败(可忽略): RuntimeError: cannot schedule new futures after shutdown (object=2435/1740730878_1740730370_610.jpg)
2026-01-12 15:04:09,236 - download.async_downloader - WARNING - 下载图片失败(可忽略): RuntimeError: cannot schedule new futures after shutdown (object=2435/1740730924_1740730423_630.jpg)
2026-01-12 15:04:09,267 - download.async_downloader - WARNING - 下载图片失败(可忽略): RuntimeError: cannot schedule new futures after shutdown (object=2435/1740730990_1740730471_710.jpg)
2026-01-12 15:04:09,298 - download.async_downloader - WARNING - 下载图片失败(可忽略): RuntimeError: cannot schedule new futures after shutdown (object=2435/1740731073_1740730524_730.jpg)
2026-01-12 15:04:09,328 - download.async_downloader - WARNING - 下载图片失败(可忽略): RuntimeError: cannot schedule new futures after shutdown (object=2435/1740788211_1740787863_4.jpg)
2026-01-12 15:04:09,359 - download.async_downloader - WARNING - 下载图片失败(可忽略): RuntimeError: cannot schedule new futures after shutdown (object=2435/1740788280_1740787893_5.jpg)
2026-01-12 15:04:09,389 - download.async_downloader - WARNING - 下载图片失败(可忽略): RuntimeError: cannot schedule new futures after shutdown (object=2435/1740788319_1740787953_610.jpg)
2026-01-12 15:04:09,419 - download.async_downloader - WARNING - 下载图片失败(可忽略): RuntimeError: cannot schedule new futures after shutdown (object=2435/1740788350_1740788002_630.jpg)
2026-01-12 15:04:09,450 - download.async_downloader - WARNING - 下载图片失败(可忽略): RuntimeError: cannot schedule new futures after shutdown (object=2435/1740788397_1740788049_710.jpg)
2026-01-12 15:04:09,480 - download.async_downloader - WARNING - 下载图片失败(可忽略): RuntimeError: cannot schedule new futures after shutdown (object=2435/1740788444_1740788099_730.jpg)
2026-01-12 15:04:09,510 - download.async_downloader - WARNING - 下载图片失败(可忽略): RuntimeError: cannot schedule new futures after shutdown (object=2435/1740795403_1740795063_4.jpg)
2026-01-12 15:04:09,541 - download.async_downloader - WARNING - 下载图片失败(可忽略): RuntimeError: cannot schedule new futures after shutdown (object=2435/1740795473_1740795094_5.jpg)
2026-01-12 15:04:09,571 - download.async_downloader - WARNING - 下载图片失败(可忽略): RuntimeError: cannot schedule new futures after shutdown (object=2435/1740795512_1740795154_610.jpg)
2026-01-12 15:04:09,603 - download.async_downloader - WARNING - 下载图片失败(可忽略): RuntimeError: cannot schedule new futures after shutdown (object=2435/1740795538_1740795204_630.jpg)
2026-01-12 15:04:09,633 - download.async_downloader - WARNING - 下载图片失败(可忽略): RuntimeError: cannot schedule new futures after shutdown (object=2435/1740795572_1740795249_710.jpg)
2026-01-12 15:04:09,663 - download.async_downloader - WARNING - 下载图片失败(可忽略): RuntimeError: cannot schedule new futures after shutdown (object=2435/1740795581_1740795296_730.jpg)
2026-01-12 15:04:09,694 - download.async_downloader - WARNING - 下载图片失败(可忽略): RuntimeError: cannot schedule new futures after shutdown (object=2435/1740809849_1740809463_4.jpg)
2026-01-12 15:04:09,725 - download.async_downloader - WARNING - 下载图片失败(可忽略): RuntimeError: cannot schedule new futures after shutdown (object=2435/1740809946_1740809499_5.jpg)
2026-01-12 15:04:09,756 - download.async_downloader - WARNING - 下载图片失败(可忽略): RuntimeError: cannot schedule new futures after shutdown (object=2435/1740810011_1740809557_610.jpg)
2026-01-12 15:04:09,787 - download.async_downloader - WARNING - 下载图片失败(可忽略): RuntimeError: cannot schedule new futures after shutdown (object=2435/1740810054_1740809609_630.jpg)
2026-01-12 15:04:09,817 - download.async_downloader - WARNING - 下载图片失败(可忽略): RuntimeError: cannot schedule new futures after shutdown (object=2435/1740810103_1740809656_710.jpg)
2026-01-12 15:04:09,847 - download.async_downloader - WARNING - 下载图片失败(可忽略): RuntimeError: cannot schedule new futures after shutdown (object=2435/1740810113_1740809706_730.jpg)
2026-01-12 15:04:09,851 - download.async_downloader - WARNING - 下载图片失败(可忽略): RuntimeError: cannot schedule new futures after shutdown (object=2435/1740817105_1740816663_4.jpg)
2026-01-12 15:04:09,878 - download.async_downloader - WARNING - 下载图片失败(可忽略): RuntimeError: cannot schedule new futures after shutdown (object=2435/1740817178_1740816696_5.jpg)
2026-01-12 15:04:09,908 - download.async_downloader - WARNING - 下载图片失败(可忽略): RuntimeError: cannot schedule new futures after shutdown (object=2435/1740817280_1740816757_610.jpg)
2026-01-12 15:04:09,938 - download.async_downloader - WARNING - 下载图片失败(可忽略): RuntimeError: cannot schedule new futures after shutdown (object=2435/1740817312_1740816808_630.jpg)
2026-01-12 15:04:09,968 - download.async_downloader - WARNING - 下载图片失败(可忽略): RuntimeError: cannot schedule new futures after shutdown (object=2435/1740817393_1740816853_710.jpg)
2026-01-12 15:04:09,999 - download.async_downloader - WARNING - 下载图片失败(可忽略): RuntimeError: cannot schedule new futures after shutdown (object=2435/1740817402_1740816900_730.jpg)
2026-01-12 15:04:10,029 - download.async_downloader - WARNING - 下载图片失败(可忽略): RuntimeError: cannot schedule new futures after shutdown (object=2435/1740874609_1740874263_4.jpg)
2026-01-12 15:04:10,060 - download.async_downloader - WARNING - 下载图片失败(可忽略): RuntimeError: cannot schedule new futures after shutdown (object=2435/1740874693_1740874293_5.jpg)
2026-01-12 15:04:10,091 - download.async_downloader - WARNING - 下载图片失败(可忽略): RuntimeError: cannot schedule new futures after shutdown (object=2435/1740874743_1740874353_610.jpg)
2026-01-12 15:04:10,121 - download.async_downloader - WARNING - 下载图片失败(可忽略): RuntimeError: cannot schedule new futures after shutdown (object=2435/1740874774_1740874400_630.jpg)
2026-01-12 15:04:10,152 - download.async_downloader - WARNING - 下载图片失败(可忽略): RuntimeError: cannot schedule new futures after shutdown (object=2435/1740874815_1740874445_710.jpg)
2026-01-12 15:04:10,183 - download.async_downloader - WARNING - 下载图片失败(可忽略): RuntimeError: cannot schedule new futures after shutdown (object=2435/1740874825_1740874492_730.jpg)
2026-01-12 15:04:10,213 - download.async_downloader - WARNING - 下载图片失败(可忽略): RuntimeError: cannot schedule new futures after shutdown (object=2435/1740896229_1740881463_4.jpg)
2026-01-12 15:04:10,244 - download.async_downloader - WARNING - 下载图片失败(可忽略): RuntimeError: cannot schedule new futures after shutdown (object=2435/1740896320_1740881493_5.jpg)
2026-01-12 15:04:10,274 - download.async_downloader - WARNING - 下载图片失败(可忽略): RuntimeError: cannot schedule new futures after shutdown (object=2435/1740896377_1740881554_610.jpg)
2026-01-12 15:04:10,305 - download.async_downloader - WARNING - 下载图片失败(可忽略): RuntimeError: cannot schedule new futures after shutdown (object=2435/1740896412_1740881601_630.jpg)
2026-01-12 15:04:10,335 - download.async_downloader - WARNING - 下载图片失败(可忽略): RuntimeError: cannot schedule new futures after shutdown (object=2435/1740896457_1740881646_710.jpg)
2026-01-12 15:04:10,365 - download.async_downloader - WARNING - 下载图片失败(可忽略): RuntimeError: cannot schedule new futures after shutdown (object=2435/1740896467_1740881693_730.jpg)
2026-01-12 15:04:10,396 - download.async_downloader - WARNING - 下载图片失败(可忽略): RuntimeError: cannot schedule new futures after shutdown (object=2435/1740896582_1740895863_4.jpg)
2026-01-12 15:04:10,426 - download.async_downloader - WARNING - 下载图片失败(可忽略): RuntimeError: cannot schedule new futures after shutdown (object=2435/1740896681_1740895897_5.jpg)
2026-01-12 15:04:10,456 - download.async_downloader - WARNING - 下载图片失败(可忽略): RuntimeError: cannot schedule new futures after shutdown (object=2435/1740896742_1740895959_610.jpg)
2026-01-12 15:04:10,487 - download.async_downloader - WARNING - 下载图片失败(可忽略): RuntimeError: cannot schedule new futures after shutdown (object=2435/1740896781_1740896010_630.jpg)
2026-01-12 15:04:10,488 - download.async_downloader - WARNING - 下载图片失败(可忽略): RuntimeError: cannot schedule new futures after shutdown (object=2435/1740896828_1740896056_710.jpg)
2026-01-12 15:04:10,518 - download.async_downloader - WARNING - 下载图片失败(可忽略): RuntimeError: cannot schedule new futures after shutdown (object=2435/1740896839_1740896104_730.jpg)
2026-01-12 15:04:10,520 - download.async_downloader - WARNING - 下载图片失败(可忽略): RuntimeError: cannot schedule new futures after shutdown (object=2435/1740903588_1740903063_4.jpg)
2026-01-12 15:04:10,548 - download.async_downloader - WARNING - 下载图片失败(可忽略): RuntimeError: cannot schedule new futures after shutdown (object=2435/1740903675_1740903098_5.jpg)
2026-01-12 15:04:10,578 - download.async_downloader - WARNING - 下载图片失败(可忽略): RuntimeError: cannot schedule new futures after shutdown (object=2435/1740903799_1740903162_610.jpg)
2026-01-12 15:04:10,609 - download.async_downloader - WARNING - 下载图片失败(可忽略): RuntimeError: cannot schedule new futures after shutdown (object=2435/1740903833_1740903214_630.jpg)
2026-01-12 15:04:10,639 - download.async_downloader - WARNING - 下载图片失败(可忽略): RuntimeError: cannot schedule new futures after shutdown (object=2435/1740903919_1740903270_710.jpg)
2026-01-12 15:04:10,669 - download.async_downloader - WARNING - 下载图片失败(可忽略): RuntimeError: cannot schedule new futures after shutdown (object=2435/1740903928_1740903317_730.jpg)
2026-01-12 15:04:10,699 - download.async_downloader - WARNING - 下载图片失败(可忽略): RuntimeError: cannot schedule new futures after shutdown (object=2435/1740961113_1740960663_4.jpg)
2026-01-12 15:04:10,729 - download.async_downloader - WARNING - 下载图片失败(可忽略): RuntimeError: cannot schedule new futures after shutdown (object=2435/1740961182_1740960692_5.jpg)
2026-01-12 15:04:10,761 - download.async_downloader - WARNING - 下载图片失败(可忽略): RuntimeError: cannot schedule new futures after shutdown (object=2435/1740961268_1740960752_610.jpg)
2026-01-12 15:04:10,790 - download.async_downloader - WARNING - 下载图片失败(可忽略): RuntimeError: cannot schedule new futures after shutdown (object=2435/1740961301_1740960802_630.jpg)
2026-01-12 15:04:10,821 - download.async_downloader - WARNING - 下载图片失败(可忽略): RuntimeError: cannot schedule new futures after shutdown (object=2435/1740961402_1740960849_710.jpg)
2026-01-12 15:04:10,851 - download.async_downloader - WARNING - 下载图片失败(可忽略): RuntimeError: cannot schedule new futures after shutdown (object=2435/1740961411_1740960896_730.jpg)
2026-01-12 15:04:10,882 - download.async_downloader - WARNING - 下载图片失败(可忽略): RuntimeError: cannot schedule new futures after shutdown (object=2435/1740968210_1740967863_4.jpg)
2026-01-12 15:04:10,912 - download.async_downloader - WARNING - 下载图片失败(可忽略): RuntimeError: cannot schedule new futures after shutdown (object=2435/1740968288_1740967895_5.jpg)
2026-01-12 15:04:10,942 - download.async_downloader - WARNING - 下载图片失败(可忽略): RuntimeError: cannot schedule new futures after shutdown (object=2435/1740968332_1740967957_610.jpg)
2026-01-12 15:04:10,973 - download.async_downloader - WARNING - 下载图片失败(可忽略): RuntimeError: cannot schedule new futures after shutdown (object=2435/1740968360_1740968007_630.jpg)
2026-01-12 15:04:11,002 - download.async_downloader - WARNING - 下载图片失败(可忽略): RuntimeError: cannot schedule new futures after shutdown (object=2435/1740968400_1740968051_710.jpg)
2026-01-12 15:04:11,032 - download.async_downloader - WARNING - 下载图片失败(可忽略): RuntimeError: cannot schedule new futures after shutdown (object=2435/1740968409_1740968100_730.jpg)
2026-01-12 15:04:11,062 - download.async_downloader - WARNING - 下载图片失败(可忽略): RuntimeError: cannot schedule new futures after shutdown (object=2435/1740982588_1740982263_4.jpg)
2026-01-12 15:04:11,092 - download.async_downloader - WARNING - 下载图片失败(可忽略): RuntimeError: cannot schedule new futures after shutdown (object=2435/1740982642_1740982291_5.jpg)
2026-01-12 15:04:11,122 - download.async_downloader - WARNING - 下载图片失败(可忽略): RuntimeError: cannot schedule new futures after shutdown (object=2435/1740982681_1740982347_610.jpg)
2026-01-12 15:04:11,152 - download.async_downloader - WARNING - 下载图片失败(可忽略): RuntimeError: cannot schedule new futures after shutdown (object=2435/1740982709_1740982395_630.jpg)
2026-01-12 15:04:11,182 - download.async_downloader - WARNING - 下载图片失败(可忽略): RuntimeError: cannot schedule new futures after shutdown (object=2435/1740982740_1740982451_710.jpg)
2026-01-12 15:04:11,213 - download.async_downloader - WARNING - 下载图片失败(可忽略): RuntimeError: cannot schedule new futures after shutdown (object=2435/1740982748_1740982496_730.jpg)
2026-01-12 15:04:11,243 - download.async_downloader - WARNING - 下载图片失败(可忽略): RuntimeError: cannot schedule new futures after shutdown (object=2435/1740989793_1740989463_4.jpg)
2026-01-12 15:04:11,273 - download.async_downloader - WARNING - 下载图片失败(可忽略): RuntimeError: cannot schedule new futures after shutdown (object=2435/1740989869_1740989489_5.jpg)
2026-01-12 15:04:11,304 - download.async_downloader - WARNING - 下载图片失败(可忽略): RuntimeError: cannot schedule new futures after shutdown (object=2435/1740989920_1740989545_610.jpg)
2026-01-12 15:04:11,334 - download.async_downloader - WARNING - 下载图片失败(可忽略): RuntimeError: cannot schedule new futures after shutdown (object=2435/1740989957_1740989594_630.jpg)
2026-01-12 15:04:11,364 - download.async_downloader - WARNING - 下载图片失败(可忽略): RuntimeError: cannot schedule new futures after shutdown (object=2435/1740990001_1740989639_710.jpg)
2026-01-12 15:04:11,395 - download.async_downloader - WARNING - 下载图片失败(可忽略): RuntimeError: cannot schedule new futures after shutdown (object=2435/1740990012_1740989686_730.jpg)
2026-01-12 15:04:11,424 - download.async_downloader - WARNING - 下载图片失败(可忽略): RuntimeError: cannot schedule new futures after shutdown (object=2435/1741047377_1741047063_4.jpg)
2026-01-12 15:04:11,454 - download.async_downloader - WARNING - 下载图片失败(可忽略): RuntimeError: cannot schedule new futures after shutdown (object=2435/1741047440_1741047090_5.jpg)
2026-01-12 15:04:11,485 - download.async_downloader - WARNING - 下载图片失败(可忽略): RuntimeError: cannot schedule new futures after shutdown (object=2435/1741047476_1741047148_610.jpg)
2026-01-12 15:04:11,490 - download.async_downloader - WARNING - 下载图片失败(可忽略): RuntimeError: cannot schedule new futures after shutdown (object=2435/1741047506_1741047196_630.jpg)
2026-01-12 15:04:11,516 - download.async_downloader - WARNING - 下载图片失败(可忽略): RuntimeError: cannot schedule new futures after shutdown (object=2435/1741047540_1741047240_710.jpg)
2026-01-12 15:04:11,546 - download.async_downloader - WARNING - 下载图片失败(可忽略): RuntimeError: cannot schedule new futures after shutdown (object=2435/1741047548_1741047287_730.jpg)
2026-01-12 15:04:11,577 - download.async_downloader - WARNING - 下载图片失败(可忽略): RuntimeError: cannot schedule new futures after shutdown (object=2435/1741054619_1741054263_4.jpg)
2026-01-12 15:04:11,608 - download.async_downloader - WARNING - 下载图片失败(可忽略): RuntimeError: cannot schedule new futures after shutdown (object=2435/1741054700_1741054292_5.jpg)
2026-01-12 15:04:11,638 - download.async_downloader - WARNING - 下载图片失败(可忽略): RuntimeError: cannot schedule new futures after shutdown (object=2435/1741054749_1741054346_610.jpg)
2026-01-12 15:04:11,667 - download.async_downloader - WARNING - 下载图片失败(可忽略): RuntimeError: cannot schedule new futures after shutdown (object=2435/1741054784_1741054396_630.jpg)
2026-01-12 15:04:11,698 - download.async_downloader - WARNING - 下载图片失败(可忽略): RuntimeError: cannot schedule new futures after shutdown (object=2435/1741054843_1741054442_710.jpg)
2026-01-12 15:04:11,728 - download.async_downloader - WARNING - 下载图片失败(可忽略): RuntimeError: cannot schedule new futures after shutdown (object=2435/1741054902_1741054494_730.jpg)
2026-01-12 15:04:11,759 - download.async_downloader - WARNING - 下载图片失败(可忽略): RuntimeError: cannot schedule new futures after shutdown (object=2435/1741069028_1741068663_4.jpg)
2026-01-12 15:04:11,790 - download.async_downloader - WARNING - 下载图片失败(可忽略): RuntimeError: cannot schedule new futures after shutdown (object=2435/1741069101_1741068695_5.jpg)
2026-01-12 15:04:11,819 - download.async_downloader - WARNING - 下载图片失败(可忽略): RuntimeError: cannot schedule new futures after shutdown (object=2435/1741069148_1741068757_610.jpg)
2026-01-12 15:04:11,850 - download.async_downloader - WARNING - 下载图片失败(可忽略): RuntimeError: cannot schedule new futures after shutdown (object=2435/1741069180_1741068806_630.jpg)
2026-01-12 15:04:11,881 - download.async_downloader - WARNING - 下载图片失败(可忽略): RuntimeError: cannot schedule new futures after shutdown (object=2435/1741069231_1741068852_710.jpg)
2026-01-12 15:04:11,910 - download.async_downloader - WARNING - 下载图片失败(可忽略): RuntimeError: cannot schedule new futures after shutdown (object=2435/1741069286_1741068906_730.jpg)
2026-01-12 15:04:11,940 - download.async_downloader - WARNING - 下载图片失败(可忽略): RuntimeError: cannot schedule new futures after shutdown (object=2435/1741076250_1741075863_4.jpg)
2026-01-12 15:04:11,970 - download.async_downloader - WARNING - 下载图片失败(可忽略): RuntimeError: cannot schedule new futures after shutdown (object=2435/1741076490_1741075900_5.jpg)
2026-01-12 15:04:12,001 - download.async_downloader - WARNING - 下载图片失败(可忽略): RuntimeError: cannot schedule new futures after shutdown (object=2435/1741076541_1741075966_610.jpg)
2026-01-12 15:04:12,031 - download.async_downloader - WARNING - 下载图片失败(可忽略): RuntimeError: cannot schedule new futures after shutdown (object=2435/1741076631_1741076016_630.jpg)
2026-01-12 15:04:12,061 - download.async_downloader - WARNING - 下载图片失败(可忽略): RuntimeError: cannot schedule new futures after shutdown (object=2435/1741076676_1741076064_710.jpg)
2026-01-12 15:04:12,093 - download.async_downloader - WARNING - 下载图片失败(可忽略): RuntimeError: cannot schedule new futures after shutdown (object=2435/1741076819_1741076116_730.jpg)
2026-01-12 15:04:12,122 - download.async_downloader - WARNING - 下载图片失败(可忽略): RuntimeError: cannot schedule new futures after shutdown (object=2435/1741133825_1741133463_4.jpg)
2026-01-12 15:04:12,152 - download.async_downloader - WARNING - 下载图片失败(可忽略): RuntimeError: cannot schedule new futures after shutdown (object=2435/1741133909_1741133492_5.jpg)
2026-01-12 15:04:12,182 - download.async_downloader - WARNING - 下载图片失败(可忽略): RuntimeError: cannot schedule new futures after shutdown (object=2435/1741133961_1741133551_610.jpg)
2026-01-12 15:04:12,213 - download.async_downloader - WARNING - 下载图片失败(可忽略): RuntimeError: cannot schedule new futures after shutdown (object=2435/1741134003_1741133599_630.jpg)
2026-01-12 15:04:12,244 - download.async_downloader - WARNING - 下载图片失败(可忽略): RuntimeError: cannot schedule new futures after shutdown (object=2435/1741134061_1741133645_710.jpg)
2026-01-12 15:04:12,274 - download.async_downloader - WARNING - 下载图片失败(可忽略): RuntimeError: cannot schedule new futures after shutdown (object=2435/1741134113_1741133697_730.jpg)
2026-01-12 15:04:12,304 - download.async_downloader - WARNING - 下载图片失败(可忽略): RuntimeError: cannot schedule new futures after shutdown (object=2435/1741141041_1741140663_4.jpg)
2026-01-12 15:04:12,335 - download.async_downloader - WARNING - 下载图片失败(可忽略): RuntimeError: cannot schedule new futures after shutdown (object=2435/1741141119_1741140696_5.jpg)
2026-01-12 15:04:12,365 - download.async_downloader - WARNING - 下载图片失败(可忽略): RuntimeError: cannot schedule new futures after shutdown (object=2435/1741141165_1741140759_610.jpg)
2026-01-12 15:04:12,395 - download.async_downloader - WARNING - 下载图片失败(可忽略): RuntimeError: cannot schedule new futures after shutdown (object=2435/1741141196_1741140820_630.jpg)
2026-01-12 15:04:12,426 - download.async_downloader - WARNING - 下载图片失败(可忽略): RuntimeError: cannot schedule new futures after shutdown (object=2435/1741141238_1741140865_710.jpg)
2026-01-12 15:04:12,426 - download.async_downloader - WARNING - 下载图片失败(可忽略): RuntimeError: cannot schedule new futures after shutdown (object=2435/1741141288_1741140915_730.jpg)
2026-01-12 15:04:12,456 - download.async_downloader - WARNING - 下载图片失败(可忽略): RuntimeError: cannot schedule new futures after shutdown (object=2435/1741155432_1741155063_4.jpg)
2026-01-12 15:04:12,457 - download.async_downloader - WARNING - 下载图片失败(可忽略): RuntimeError: cannot schedule new futures after shutdown (object=2435/1741155497_1741155096_5.jpg)
2026-01-12 15:04:12,486 - download.async_downloader - WARNING - 下载图片失败(可忽略): RuntimeError: cannot schedule new futures after shutdown (object=2435/1741155542_1741155156_610.jpg)
2026-01-12 15:04:12,517 - download.async_downloader - WARNING - 下载图片失败(可忽略): RuntimeError: cannot schedule new futures after shutdown (object=2435/1741155576_1741155208_630.jpg)
2026-01-12 15:04:12,548 - download.async_downloader - WARNING - 下载图片失败(可忽略): RuntimeError: cannot schedule new futures after shutdown (object=2435/1741155629_1741155255_710.jpg)
2026-01-12 15:04:12,578 - download.async_downloader - WARNING - 下载图片失败(可忽略): RuntimeError: cannot schedule new futures after shutdown (object=2435/1741155686_1741155310_730.jpg)
2026-01-12 15:04:12,609 - download.async_downloader - WARNING - 下载图片失败(可忽略): RuntimeError: cannot schedule new futures after shutdown (object=2435/1741162667_1741162263_4.jpg)
2026-01-12 15:04:12,640 - download.async_downloader - WARNING - 下载图片失败(可忽略): RuntimeError: cannot schedule new futures after shutdown (object=2435/1741162764_1741162301_5.jpg)
2026-01-12 15:04:12,670 - download.async_downloader - WARNING - 下载图片失败(可忽略): RuntimeError: cannot schedule new futures after shutdown (object=2435/1741162818_1741162369_610.jpg)
2026-01-12 15:04:12,700 - download.async_downloader - WARNING - 下载图片失败(可忽略): RuntimeError: cannot schedule new futures after shutdown (object=2435/1741162855_1741162422_630.jpg)
2026-01-12 15:04:12,731 - download.async_downloader - WARNING - 下载图片失败(可忽略): RuntimeError: cannot schedule new futures after shutdown (object=2435/1741162902_1741162470_710.jpg)
2026-01-12 15:04:12,762 - download.async_downloader - WARNING - 下载图片失败(可忽略): RuntimeError: cannot schedule new futures after shutdown (object=2435/1741162965_1741162522_730.jpg)
2026-01-12 15:04:12,793 - download.async_downloader - WARNING - 下载图片失败(可忽略): RuntimeError: cannot schedule new futures after shutdown (object=2435/1741220263_1741219863_4.jpg)
2026-01-12 15:04:12,819 - download.async_downloader - WARNING - 下载图片失败(可忽略): RuntimeError: cannot schedule new futures after shutdown (object=2435/1741220364_1741219901_5.jpg)
2026-01-12 15:04:12,851 - download.async_downloader - WARNING - 下载图片失败(可忽略): RuntimeError: cannot schedule new futures after shutdown (object=2435/1741220414_1741219970_610.jpg)
2026-01-12 15:04:12,883 - download.async_downloader - WARNING - 下载图片失败(可忽略): RuntimeError: cannot schedule new futures after shutdown (object=2435/1741220455_1741220022_630.jpg)
2026-01-12 15:04:12,915 - download.async_downloader - WARNING - 下载图片失败(可忽略): RuntimeError: cannot schedule new futures after shutdown (object=2435/1741220507_1741220071_710.jpg)
2026-01-12 15:04:12,947 - download.async_downloader - WARNING - 下载图片失败(可忽略): RuntimeError: cannot schedule new futures after shutdown (object=2435/1741220559_1741220121_730.jpg)
2026-01-12 15:04:12,978 - download.async_downloader - WARNING - 下载图片失败(可忽略): RuntimeError: cannot schedule new futures after shutdown (object=2435/1741227460_1741227063_4.jpg)
2026-01-12 15:04:13,009 - download.async_downloader - WARNING - 下载图片失败(可忽略): RuntimeError: cannot schedule new futures after shutdown (object=2435/1741227552_1741227098_5.jpg)
2026-01-12 15:04:13,041 - download.async_downloader - WARNING - 下载图片失败(可忽略): RuntimeError: cannot schedule new futures after shutdown (object=2435/1741227600_1741227165_610.jpg)
2026-01-12 15:04:13,072 - download.async_downloader - WARNING - 下载图片失败(可忽略): RuntimeError: cannot schedule new futures after shutdown (object=2435/1741227631_1741227226_630.jpg)
2026-01-12 15:04:13,104 - download.async_downloader - WARNING - 下载图片失败(可忽略): RuntimeError: cannot schedule new futures after shutdown (object=2435/1741227688_1741227270_710.jpg)
2026-01-12 15:04:13,136 - download.async_downloader - WARNING - 下载图片失败(可忽略): RuntimeError: cannot schedule new futures after shutdown (object=2435/1741227744_1741227325_730.jpg)
2026-01-12 15:04:13,167 - download.async_downloader - WARNING - 下载图片失败(可忽略): RuntimeError: cannot schedule new futures after shutdown (object=2435/1741241850_1741241463_4.jpg)
2026-01-12 15:04:13,198 - download.async_downloader - WARNING - 下载图片失败(可忽略): RuntimeError: cannot schedule new futures after shutdown (object=2435/1741241930_1741241498_5.jpg)
2026-01-12 15:04:13,229 - download.async_downloader - WARNING - 下载图片失败(可忽略): RuntimeError: cannot schedule new futures after shutdown (object=2435/1741241982_1741241562_610.jpg)
2026-01-12 15:04:13,261 - download.async_downloader - WARNING - 下载图片失败(可忽略): RuntimeError: cannot schedule new futures after shutdown (object=2435/1741242017_1741241616_630.jpg)
2026-01-12 15:04:13,293 - download.async_downloader - WARNING - 下载图片失败(可忽略): RuntimeError: cannot schedule new futures after shutdown (object=2435/1741242076_1741241664_710.jpg)
2026-01-12 15:04:13,324 - download.async_downloader - WARNING - 下载图片失败(可忽略): RuntimeError: cannot schedule new futures after shutdown (object=2435/1741242140_1741241717_730.jpg)
2026-01-12 15:04:13,355 - download.async_downloader - WARNING - 下载图片失败(可忽略): RuntimeError: cannot schedule new futures after shutdown (object=2435/1741249223_1741248663_4.jpg)
2026-01-12 15:04:13,385 - download.async_downloader - WARNING - 下载图片失败(可忽略): RuntimeError: cannot schedule new futures after shutdown (object=2435/1741249320_1741248701_5.jpg)
2026-01-12 15:04:13,417 - download.async_downloader - WARNING - 下载图片失败(可忽略): RuntimeError: cannot schedule new futures after shutdown (object=2435/1741249431_1741248769_610.jpg)
2026-01-12 15:04:13,448 - download.async_downloader - WARNING - 下载图片失败(可忽略): RuntimeError: cannot schedule new futures after shutdown (object=2435/1741249470_1741248823_630.jpg)
2026-01-12 15:04:13,479 - download.async_downloader - WARNING - 下载图片失败(可忽略): RuntimeError: cannot schedule new futures after shutdown (object=2435/1741249626_1741248872_710.jpg)
2026-01-12 15:04:13,511 - download.async_downloader - WARNING - 下载图片失败(可忽略): RuntimeError: cannot schedule new futures after shutdown (object=2435/1741249692_1741248926_730.jpg)
2026-01-12 15:04:13,542 - download.async_downloader - WARNING - 下载图片失败(可忽略): RuntimeError: cannot schedule new futures after shutdown (object=2435/1741306602_1741306263_4.jpg)
2026-01-12 15:04:13,573 - download.async_downloader - WARNING - 下载图片失败(可忽略): RuntimeError: cannot schedule new futures after shutdown (object=2435/1741306663_1741306287_5.jpg)
2026-01-12 15:04:13,604 - download.async_downloader - WARNING - 下载图片失败(可忽略): RuntimeError: cannot schedule new futures after shutdown (object=2435/1741306703_1741306346_610.jpg)
2026-01-12 15:04:13,635 - download.async_downloader - WARNING - 下载图片失败(可忽略): RuntimeError: cannot schedule new futures after shutdown (object=2435/1741306733_1741306396_630.jpg)
2026-01-12 15:04:13,666 - download.async_downloader - WARNING - 下载图片失败(可忽略): RuntimeError: cannot schedule new futures after shutdown (object=2435/1741306779_1741306442_710.jpg)
2026-01-12 15:04:13,698 - download.async_downloader - WARNING - 下载图片失败(可忽略): RuntimeError: cannot schedule new futures after shutdown (object=2435/1741306826_1741306494_730.jpg)
2026-01-12 15:04:13,729 - download.async_downloader - WARNING - 下载图片失败(可忽略): RuntimeError: cannot schedule new futures after shutdown (object=2435/1741313941_1741313463_4.jpg)
2026-01-12 15:04:13,761 - download.async_downloader - WARNING - 下载图片失败(可忽略): RuntimeError: cannot schedule new futures after shutdown (object=2435/1741314011_1741313492_5.jpg)
2026-01-12 15:04:13,792 - download.async_downloader - WARNING - 下载图片失败(可忽略): RuntimeError: cannot schedule new futures after shutdown (object=2435/1741314133_1741313550_610.jpg)
2026-01-12 15:04:13,823 - download.async_downloader - WARNING - 下载图片失败(可忽略): RuntimeError: cannot schedule new futures after shutdown (object=2435/1741314166_1741313600_630.jpg)
2026-01-12 15:04:13,855 - download.async_downloader - WARNING - 下载图片失败(可忽略): RuntimeError: cannot schedule new futures after shutdown (object=2435/1741314333_1741313647_710.jpg)
2026-01-12 15:04:13,886 - download.async_downloader - WARNING - 下载图片失败(可忽略): RuntimeError: cannot schedule new futures after shutdown (object=2435/1741314388_1741313699_730.jpg)
2026-01-12 15:04:13,917 - download.async_downloader - WARNING - 下载图片失败(可忽略): RuntimeError: cannot schedule new futures after shutdown (object=2435/1741328225_1741327863_4.jpg)
2026-01-12 15:04:13,948 - download.async_downloader - WARNING - 下载图片失败(可忽略): RuntimeError: cannot schedule new futures after shutdown (object=2435/1741328308_1741327888_5.jpg)
2026-01-12 15:04:13,981 - download.async_downloader - WARNING - 下载图片失败(可忽略): RuntimeError: cannot schedule new futures after shutdown (object=2435/1741328361_1741327947_610.jpg)
2026-01-12 15:04:14,012 - download.async_downloader - WARNING - 下载图片失败(可忽略): RuntimeError: cannot schedule new futures after shutdown (object=2435/1741328399_1741327997_630.jpg)
2026-01-12 15:04:14,042 - download.async_downloader - WARNING - 下载图片失败(可忽略): RuntimeError: cannot schedule new futures after shutdown (object=2435/1741328458_1741328043_710.jpg)
2026-01-12 15:04:14,074 - download.async_downloader - WARNING - 下载图片失败(可忽略): RuntimeError: cannot schedule new futures after shutdown (object=2435/1741328520_1741328096_730.jpg)
2026-01-12 15:04:14,106 - download.async_downloader - WARNING - 下载图片失败(可忽略): RuntimeError: cannot schedule new futures after shutdown (object=2435/1741335409_1741335063_4.jpg)
2026-01-12 15:04:14,137 - download.async_downloader - WARNING - 下载图片失败(可忽略): RuntimeError: cannot schedule new futures after shutdown (object=2435/1741335476_1741335092_5.jpg)
2026-01-12 15:04:14,168 - download.async_downloader - WARNING - 下载图片失败(可忽略): RuntimeError: cannot schedule new futures after shutdown (object=2435/1741335521_1741335151_610.jpg)
2026-01-12 15:04:14,199 - download.async_downloader - WARNING - 下载图片失败(可忽略): RuntimeError: cannot schedule new futures after shutdown (object=2435/1741335553_1741335199_630.jpg)
2026-01-12 15:04:14,230 - download.async_downloader - WARNING - 下载图片失败(可忽略): RuntimeError: cannot schedule new futures after shutdown (object=2435/1741335602_1741335245_710.jpg)
2026-01-12 15:04:14,262 - download.async_downloader - WARNING - 下载图片失败(可忽略): RuntimeError: cannot schedule new futures after shutdown (object=2435/1741335654_1741335297_730.jpg)
2026-01-12 15:04:14,293 - download.async_downloader - WARNING - 下载图片失败(可忽略): RuntimeError: cannot schedule new futures after shutdown (object=2435/1741392897_1741392663_4.jpg)
2026-01-12 15:04:14,324 - download.async_downloader - WARNING - 下载图片失败(可忽略): RuntimeError: cannot schedule new futures after shutdown (object=2435/1741392934_1741392678_5.jpg)
2026-01-12 15:04:14,356 - download.async_downloader - WARNING - 下载图片失败(可忽略): RuntimeError: cannot schedule new futures after shutdown (object=2435/1741392943_1741392727_610.jpg)
2026-01-12 15:04:14,387 - download.async_downloader - WARNING - 下载图片失败(可忽略): RuntimeError: cannot schedule new futures after shutdown (object=2435/1741392950_1741392765_630.jpg)
2026-01-12 15:04:14,419 - download.async_downloader - WARNING - 下载图片失败(可忽略): RuntimeError: cannot schedule new futures after shutdown (object=2435/1741392958_1741392803_710.jpg)
2026-01-12 15:04:14,450 - download.async_downloader - WARNING - 下载图片失败(可忽略): RuntimeError: cannot schedule new futures after shutdown (object=2435/1741392966_1741392841_730.jpg)
2026-01-12 15:04:14,482 - download.async_downloader - WARNING - 下载图片失败(可忽略): RuntimeError: cannot schedule new futures after shutdown (object=2435/1741400248_1741399863_4.jpg)
2026-01-12 15:04:14,513 - download.async_downloader - WARNING - 下载图片失败(可忽略): RuntimeError: cannot schedule new futures after shutdown (object=2435/1741400347_1741399897_5.jpg)
2026-01-12 15:04:14,545 - download.async_downloader - WARNING - 下载图片失败(可忽略): RuntimeError: cannot schedule new futures after shutdown (object=2435/1741400398_1741399961_610.jpg)
2026-01-12 15:04:14,576 - download.async_downloader - WARNING - 下载图片失败(可忽略): RuntimeError: cannot schedule new futures after shutdown (object=2435/1741400429_1741400011_630.jpg)
2026-01-12 15:04:14,608 - download.async_downloader - WARNING - 下载图片失败(可忽略): RuntimeError: cannot schedule new futures after shutdown (object=2435/1741400488_1741400055_710.jpg)
2026-01-12 15:04:14,640 - download.async_downloader - WARNING - 下载图片失败(可忽略): RuntimeError: cannot schedule new futures after shutdown (object=2435/1741400547_1741400107_730.jpg)
2026-01-12 15:04:14,670 - download.async_downloader - WARNING - 下载图片失败(可忽略): RuntimeError: cannot schedule new futures after shutdown (object=2435/1741414678_1741414263_4.jpg)
2026-01-12 15:04:14,702 - download.async_downloader - WARNING - 下载图片失败(可忽略): RuntimeError: cannot schedule new futures after shutdown (object=2435/1741414786_1741414300_5.jpg)
2026-01-12 15:04:14,734 - download.async_downloader - WARNING - 下载图片失败(可忽略): RuntimeError: cannot schedule new futures after shutdown (object=2435/1741414852_1741414365_610.jpg)
2026-01-12 15:04:14,765 - download.async_downloader - WARNING - 下载图片失败(可忽略): RuntimeError: cannot schedule new futures after shutdown (object=2435/1741414897_1741414415_630.jpg)
2026-01-12 15:04:14,797 - download.async_downloader - WARNING - 下载图片失败(可忽略): RuntimeError: cannot schedule new futures after shutdown (object=2435/1741414970_1741414463_710.jpg)
2026-01-12 15:04:14,804 - download.async_downloader - WARNING - 下载图片失败(可忽略): RuntimeError: cannot schedule new futures after shutdown (object=2435/1741415046_1741414518_730.jpg)
2026-01-12 15:04:14,828 - download.async_downloader - WARNING - 下载图片失败(可忽略): RuntimeError: cannot schedule new futures after shutdown (object=2435/1741421894_1741421463_4.jpg)
2026-01-12 15:04:14,858 - download.async_downloader - WARNING - 下载图片失败(可忽略): RuntimeError: cannot schedule new futures after shutdown (object=2435/1741422012_1741421502_5.jpg)
2026-01-12 15:04:14,888 - download.async_downloader - WARNING - 下载图片失败(可忽略): RuntimeError: cannot schedule new futures after shutdown (object=2435/1741422076_1741421570_610.jpg)
2026-01-12 15:04:14,918 - download.async_downloader - WARNING - 下载图片失败(可忽略): RuntimeError: cannot schedule new futures after shutdown (object=2435/1741422124_1741421620_630.jpg)
2026-01-12 15:04:14,948 - download.async_downloader - WARNING - 下载图片失败(可忽略): RuntimeError: cannot schedule new futures after shutdown (object=2435/1741422184_1741421668_710.jpg)
2026-01-12 15:04:14,978 - download.async_downloader - WARNING - 下载图片失败(可忽略): RuntimeError: cannot schedule new futures after shutdown (object=2435/1741422258_1741421720_730.jpg)
2026-01-12 15:04:15,009 - download.async_downloader - WARNING - 下载图片失败(可忽略): RuntimeError: cannot schedule new futures after shutdown (object=2435/1741479430_1741479063_4.jpg)
2026-01-12 15:04:15,039 - download.async_downloader - WARNING - 下载图片失败(可忽略): RuntimeError: cannot schedule new futures after shutdown (object=2435/1741479514_1741479097_5.jpg)
2026-01-12 15:04:15,070 - download.async_downloader - WARNING - 下载图片失败(可忽略): RuntimeError: cannot schedule new futures after shutdown (object=2435/1741479555_1741479161_610.jpg)
2026-01-12 15:04:15,100 - download.async_downloader - WARNING - 下载图片失败(可忽略): RuntimeError: cannot schedule new futures after shutdown (object=2435/1741479587_1741479211_630.jpg)
2026-01-12 15:04:15,130 - download.async_downloader - WARNING - 下载图片失败(可忽略): RuntimeError: cannot schedule new futures after shutdown (object=2435/1741479630_1741479258_710.jpg)
2026-01-12 15:04:15,160 - download.async_downloader - WARNING - 下载图片失败(可忽略): RuntimeError: cannot schedule new futures after shutdown (object=2435/1741479674_1741479309_730.jpg)
2026-01-12 15:04:15,190 - download.async_downloader - WARNING - 下载图片失败(可忽略): RuntimeError: cannot schedule new futures after shutdown (object=2435/1741486643_1741486263_4.jpg)
2026-01-12 15:04:15,221 - download.async_downloader - WARNING - 下载图片失败(可忽略): RuntimeError: cannot schedule new futures after shutdown (object=2435/1741486724_1741486298_5.jpg)
2026-01-12 15:04:15,252 - download.async_downloader - WARNING - 下载图片失败(可忽略): RuntimeError: cannot schedule new futures after shutdown (object=2435/1741486770_1741486363_610.jpg)
2026-01-12 15:04:15,281 - download.async_downloader - WARNING - 下载图片失败(可忽略): RuntimeError: cannot schedule new futures after shutdown (object=2435/1741486797_1741486413_630.jpg)
2026-01-12 15:04:15,311 - download.async_downloader - WARNING - 下载图片失败(可忽略): RuntimeError: cannot schedule new futures after shutdown (object=2435/1741486846_1741486458_710.jpg)
2026-01-12 15:04:15,342 - download.async_downloader - WARNING - 下载图片失败(可忽略): RuntimeError: cannot schedule new futures after shutdown (object=2435/1741486894_1741486510_730.jpg)
2026-01-12 15:04:15,372 - download.async_downloader - WARNING - 下载图片失败(可忽略): RuntimeError: cannot schedule new futures after shutdown (object=2435/1741501029_1741500663_4.jpg)
2026-01-12 15:04:15,402 - download.async_downloader - WARNING - 下载图片失败(可忽略): RuntimeError: cannot schedule new futures after shutdown (object=2435/1741501105_1741500695_5.jpg)
2026-01-12 15:04:15,432 - download.async_downloader - WARNING - 下载图片失败(可忽略): RuntimeError: cannot schedule new futures after shutdown (object=2435/1741501151_1741500757_610.jpg)
2026-01-12 15:04:15,463 - download.async_downloader - WARNING - 下载图片失败(可忽略): RuntimeError: cannot schedule new futures after shutdown (object=2435/1741501183_1741500809_630.jpg)
2026-01-12 15:04:15,492 - download.async_downloader - WARNING - 下载图片失败(可忽略): RuntimeError: cannot schedule new futures after shutdown (object=2435/1741501235_1741500856_710.jpg)
2026-01-12 15:04:15,523 - download.async_downloader - WARNING - 下载图片失败(可忽略): RuntimeError: cannot schedule new futures after shutdown (object=2435/1741501288_1741500910_730.jpg)
2026-01-12 15:04:15,553 - download.async_downloader - WARNING - 下载图片失败(可忽略): RuntimeError: cannot schedule new futures after shutdown (object=2435/1741508195_1741507863_4.jpg)
2026-01-12 15:04:15,584 - download.async_downloader - WARNING - 下载图片失败(可忽略): RuntimeError: cannot schedule new futures after shutdown (object=2435/1741508256_1741507891_5.jpg)
2026-01-12 15:04:15,614 - download.async_downloader - WARNING - 下载图片失败(可忽略): RuntimeError: cannot schedule new futures after shutdown (object=2435/1741508295_1741507946_610.jpg)
2026-01-12 15:04:15,643 - download.async_downloader - WARNING - 下载图片失败(可忽略): RuntimeError: cannot schedule new futures after shutdown (object=2435/1741508324_1741507995_630.jpg)
2026-01-12 15:04:15,645 - download.async_downloader - WARNING - 下载图片失败(可忽略): RuntimeError: cannot schedule new futures after shutdown (object=2435/1741508364_1741508040_710.jpg)
2026-01-12 15:04:15,674 - download.async_downloader - WARNING - 下载图片失败(可忽略): RuntimeError: cannot schedule new futures after shutdown (object=2435/1741508408_1741508089_730.jpg)
2026-01-12 15:04:15,705 - download.async_downloader - WARNING - 下载图片失败(可忽略): RuntimeError: cannot schedule new futures after shutdown (object=2435/1741565817_1741565463_4.jpg)
2026-01-12 15:04:15,735 - download.async_downloader - WARNING - 下载图片失败(可忽略): RuntimeError: cannot schedule new futures after shutdown (object=2435/1741565889_1741565494_5.jpg)
2026-01-12 15:04:15,765 - download.async_downloader - WARNING - 下载图片失败(可忽略): RuntimeError: cannot schedule new futures after shutdown (object=2435/1741565928_1741565550_610.jpg)
2026-01-12 15:04:15,795 - download.async_downloader - WARNING - 下载图片失败(可忽略): RuntimeError: cannot schedule new futures after shutdown (object=2435/1741565955_1741565599_630.jpg)
2026-01-12 15:04:15,826 - download.async_downloader - WARNING - 下载图片失败(可忽略): RuntimeError: cannot schedule new futures after shutdown (object=2435/1741565997_1741565654_710.jpg)
2026-01-12 15:04:15,856 - download.async_downloader - WARNING - 下载图片失败(可忽略): RuntimeError: cannot schedule new futures after shutdown (object=2435/1741566040_1741565705_730.jpg)
2026-01-12 15:04:15,886 - download.async_downloader - WARNING - 下载图片失败(可忽略): RuntimeError: cannot schedule new futures after shutdown (object=2435/1741573045_1741572663_4.jpg)
2026-01-12 15:04:15,917 - download.async_downloader - WARNING - 下载图片失败(可忽略): RuntimeError: cannot schedule new futures after shutdown (object=2435/1741573124_1741572696_5.jpg)
2026-01-12 15:04:15,948 - download.async_downloader - WARNING - 下载图片失败(可忽略): RuntimeError: cannot schedule new futures after shutdown (object=2435/1741573169_1741572769_610.jpg)
2026-01-12 15:04:15,978 - download.async_downloader - WARNING - 下载图片失败(可忽略): RuntimeError: cannot schedule new futures after shutdown (object=2435/1741573198_1741572819_630.jpg)
2026-01-12 15:04:16,008 - download.async_downloader - WARNING - 下载图片失败(可忽略): RuntimeError: cannot schedule new futures after shutdown (object=2435/1741573248_1741572864_710.jpg)
2026-01-12 15:04:16,039 - download.async_downloader - WARNING - 下载图片失败(可忽略): RuntimeError: cannot schedule new futures after shutdown (object=2435/1741573298_1741572916_730.jpg)
2026-01-12 15:04:16,070 - download.async_downloader - WARNING - 下载图片失败(可忽略): RuntimeError: cannot schedule new futures after shutdown (object=2435/1741587457_1741587063_4.jpg)
2026-01-12 15:04:16,101 - download.async_downloader - WARNING - 下载图片失败(可忽略): RuntimeError: cannot schedule new futures after shutdown (object=2435/1741587548_1741587097_5.jpg)
2026-01-12 15:04:16,131 - download.async_downloader - WARNING - 下载图片失败(可忽略): RuntimeError: cannot schedule new futures after shutdown (object=2435/1741587603_1741587159_610.jpg)
2026-01-12 15:04:16,162 - download.async_downloader - WARNING - 下载图片失败(可忽略): RuntimeError: cannot schedule new futures after shutdown (object=2435/1741587642_1741587210_630.jpg)
2026-01-12 15:04:16,192 - download.async_downloader - WARNING - 下载图片失败(可忽略): RuntimeError: cannot schedule new futures after shutdown (object=2435/1741587706_1741587257_710.jpg)
2026-01-12 15:04:16,222 - download.async_downloader - WARNING - 下载图片失败(可忽略): RuntimeError: cannot schedule new futures after shutdown (object=2435/1741587770_1741587310_730.jpg)
2026-01-12 15:04:16,224 - download.async_downloader - WARNING - 下载图片失败(可忽略): RuntimeError: cannot schedule new futures after shutdown (object=2435/1741594754_1741594263_4.jpg)
2026-01-12 15:04:16,252 - download.async_downloader - WARNING - 下载图片失败(可忽略): RuntimeError: cannot schedule new futures after shutdown (object=2435/1741594828_1741594288_5.jpg)
2026-01-12 15:04:16,282 - download.async_downloader - WARNING - 下载图片失败(可忽略): RuntimeError: cannot schedule new futures after shutdown (object=2435/1741594948_1741594348_610.jpg)
2026-01-12 15:04:16,313 - download.async_downloader - WARNING - 下载图片失败(可忽略): RuntimeError: cannot schedule new futures after shutdown (object=2435/1741594981_1741594396_630.jpg)
2026-01-12 15:04:16,344 - download.async_downloader - WARNING - 下载图片失败(可忽略): RuntimeError: cannot schedule new futures after shutdown (object=2435/1741595105_1741594442_710.jpg)
2026-01-12 15:04:16,348 - download.async_downloader - WARNING - 下载图片失败(可忽略): RuntimeError: cannot schedule new futures after shutdown (object=2435/1741595153_1741594493_730.jpg)
2026-01-12 15:04:16,375 - download.async_downloader - WARNING - 下载图片失败(可忽略): RuntimeError: cannot schedule new futures after shutdown (object=2435/1741652355_1741651863_4.jpg)
2026-01-12 15:04:16,405 - download.async_downloader - WARNING - 下载图片失败(可忽略): RuntimeError: cannot schedule new futures after shutdown (object=2435/1741652424_1741651891_5.jpg)
2026-01-12 15:04:16,435 - download.async_downloader - WARNING - 下载图片失败(可忽略): RuntimeError: cannot schedule new futures after shutdown (object=2435/1741652545_1741651949_610.jpg)
2026-01-12 15:04:16,465 - download.async_downloader - WARNING - 下载图片失败(可忽略): RuntimeError: cannot schedule new futures after shutdown (object=2435/1741652571_1741651998_630.jpg)
2026-01-12 15:04:16,496 - download.async_downloader - WARNING - 下载图片失败(可忽略): RuntimeError: cannot schedule new futures after shutdown (object=2435/1741652725_1741652042_710.jpg)
2026-01-12 15:04:16,527 - download.async_downloader - WARNING - 下载图片失败(可忽略): RuntimeError: cannot schedule new futures after shutdown (object=2435/1741652765_1741652092_730.jpg)
2026-01-12 15:04:16,556 - download.async_downloader - WARNING - 下载图片失败(可忽略): RuntimeError: cannot schedule new futures after shutdown (object=2435/1741659415_1741659063_4.jpg)
2026-01-12 15:04:16,586 - download.async_downloader - WARNING - 下载图片失败(可忽略): RuntimeError: cannot schedule new futures after shutdown (object=2435/1741659497_1741659092_5.jpg)
2026-01-12 15:04:16,617 - download.async_downloader - WARNING - 下载图片失败(可忽略): RuntimeError: cannot schedule new futures after shutdown (object=2435/1741659547_1741659150_610.jpg)
2026-01-12 15:04:16,649 - download.async_downloader - WARNING - 下载图片失败(可忽略): RuntimeError: cannot schedule new futures after shutdown (object=2435/1741659578_1741659197_630.jpg)
2026-01-12 15:04:16,679 - download.async_downloader - WARNING - 下载图片失败(可忽略): RuntimeError: cannot schedule new futures after shutdown (object=2435/1741659635_1741659242_710.jpg)
2026-01-12 15:04:16,709 - download.async_downloader - WARNING - 下载图片失败(可忽略): RuntimeError: cannot schedule new futures after shutdown (object=2435/1741659684_1741659293_730.jpg)
2026-01-12 15:04:16,739 - download.async_downloader - WARNING - 下载图片失败(可忽略): RuntimeError: cannot schedule new futures after shutdown (object=2435/1741673826_1741673463_4.jpg)
2026-01-12 15:04:16,769 - download.async_downloader - WARNING - 下载图片失败(可忽略): RuntimeError: cannot schedule new futures after shutdown (object=2435/1741673900_1741673497_5.jpg)
2026-01-12 15:04:16,784 - download.async_downloader - WARNING - 下载图片失败(可忽略): RuntimeError: cannot schedule new futures after shutdown (object=2435/1741673946_1741673554_610.jpg)
2026-01-12 15:04:16,816 - download.async_downloader - WARNING - 下载图片失败(可忽略): RuntimeError: cannot schedule new futures after shutdown (object=2435/1741673977_1741673603_630.jpg)
2026-01-12 15:04:16,831 - download.async_downloader - WARNING - 下载图片失败(可忽略): RuntimeError: cannot schedule new futures after shutdown (object=2435/1741674029_1741673650_710.jpg)
2026-01-12 15:04:16,861 - download.async_downloader - WARNING - 下载图片失败(可忽略): RuntimeError: cannot schedule new futures after shutdown (object=2435/1741674078_1741673704_730.jpg)
2026-01-12 15:04:16,891 - download.async_downloader - WARNING - 下载图片失败(可忽略): RuntimeError: cannot schedule new futures after shutdown (object=2435/1741681074_1741680663_4.jpg)
2026-01-12 15:04:16,921 - download.async_downloader - WARNING - 下载图片失败(可忽略): RuntimeError: cannot schedule new futures after shutdown (object=2435/1741681181_1741680699_5.jpg)
2026-01-12 15:04:16,951 - download.async_downloader - WARNING - 下载图片失败(可忽略): RuntimeError: cannot schedule new futures after shutdown (object=2435/1741681241_1741680764_610.jpg)
2026-01-12 15:04:16,982 - download.async_downloader - WARNING - 下载图片失败(可忽略): RuntimeError: cannot schedule new futures after shutdown (object=2435/1741681286_1741680815_630.jpg)
2026-01-12 15:04:17,012 - download.async_downloader - WARNING - 下载图片失败(可忽略): RuntimeError: cannot schedule new futures after shutdown (object=2435/1741681344_1741680863_710.jpg)
2026-01-12 15:04:17,044 - download.async_downloader - WARNING - 下载图片失败(可忽略): RuntimeError: cannot schedule new futures after shutdown (object=2435/1741681410_1741680914_730.jpg)
2026-01-12 15:04:17,073 - download.async_downloader - WARNING - 下载图片失败(可忽略): RuntimeError: cannot schedule new futures after shutdown (object=2435/1741738660_1741738263_4.jpg)
2026-01-12 15:04:17,103 - download.async_downloader - WARNING - 下载图片失败(可忽略): RuntimeError: cannot schedule new futures after shutdown (object=2435/1741738765_1741738303_5.jpg)
2026-01-12 15:04:17,133 - download.async_downloader - WARNING - 下载图片失败(可忽略): RuntimeError: cannot schedule new futures after shutdown (object=2435/1741738814_1741738368_610.jpg)
2026-01-12 15:04:17,163 - download.async_downloader - WARNING - 下载图片失败(可忽略): RuntimeError: cannot schedule new futures after shutdown (object=2435/1741738846_1741738419_630.jpg)
2026-01-12 15:04:17,194 - download.async_downloader - WARNING - 下载图片失败(可忽略): RuntimeError: cannot schedule new futures after shutdown (object=2435/1741738896_1741738465_710.jpg)
2026-01-12 15:04:17,224 - download.async_downloader - WARNING - 下载图片失败(可忽略): RuntimeError: cannot schedule new futures after shutdown (object=2435/1741738949_1741738517_730.jpg)
2026-01-12 15:04:17,255 - download.async_downloader - WARNING - 下载图片失败(可忽略): RuntimeError: cannot schedule new futures after shutdown (object=2435/1741745846_1741745463_4.jpg)
2026-01-12 15:04:17,285 - download.async_downloader - WARNING - 下载图片失败(可忽略): RuntimeError: cannot schedule new futures after shutdown (object=2435/1741745935_1741745498_5.jpg)
2026-01-12 15:04:17,299 - download.async_downloader - WARNING - 下载图片失败(可忽略): RuntimeError: cannot schedule new futures after shutdown (object=2435/1741745985_1741745564_610.jpg)
2026-01-12 15:04:17,330 - download.async_downloader - WARNING - 下载图片失败(可忽略): RuntimeError: cannot schedule new futures after shutdown (object=2435/1741746013_1741745616_630.jpg)
2026-01-12 15:04:17,361 - download.async_downloader - WARNING - 下载图片失败(可忽略): RuntimeError: cannot schedule new futures after shutdown (object=2435/1741746065_1741745661_710.jpg)
2026-01-12 15:04:17,391 - download.async_downloader - WARNING - 下载图片失败(可忽略): RuntimeError: cannot schedule new futures after shutdown (object=2435/1741746115_1741745711_730.jpg)
2026-01-12 15:04:17,422 - download.async_downloader - WARNING - 下载图片失败(可忽略): RuntimeError: cannot schedule new futures after shutdown (object=2435/1741760258_1741759863_4.jpg)
2026-01-12 15:04:17,451 - download.async_downloader - WARNING - 下载图片失败(可忽略): RuntimeError: cannot schedule new futures after shutdown (object=2435/1741760357_1741759895_5.jpg)
2026-01-12 15:04:17,483 - download.async_downloader - WARNING - 下载图片失败(可忽略): RuntimeError: cannot schedule new futures after shutdown (object=2435/1741760418_1741759953_610.jpg)
2026-01-12 15:04:17,513 - download.async_downloader - WARNING - 下载图片失败(可忽略): RuntimeError: cannot schedule new futures after shutdown (object=2435/1741760463_1741760005_630.jpg)
2026-01-12 15:04:17,543 - download.async_downloader - WARNING - 下载图片失败(可忽略): RuntimeError: cannot schedule new futures after shutdown (object=2435/1741760531_1741760053_710.jpg)
2026-01-12 15:04:17,573 - download.async_downloader - WARNING - 下载图片失败(可忽略): RuntimeError: cannot schedule new futures after shutdown (object=2435/1741760610_1741760107_730.jpg)
2026-01-12 15:04:17,605 - download.async_downloader - WARNING - 下载图片失败(可忽略): RuntimeError: cannot schedule new futures after shutdown (object=2435/1741767444_1741767063_4.jpg)
2026-01-12 15:04:17,636 - download.async_downloader - WARNING - 下载图片失败(可忽略): RuntimeError: cannot schedule new futures after shutdown (object=2435/1741767522_1741767098_5.jpg)
2026-01-12 15:04:17,665 - download.async_downloader - WARNING - 下载图片失败(可忽略): RuntimeError: cannot schedule new futures after shutdown (object=2435/1741767564_1741767164_610.jpg)
2026-01-12 15:04:17,696 - download.async_downloader - WARNING - 下载图片失败(可忽略): RuntimeError: cannot schedule new futures after shutdown (object=2435/1741767599_1741767215_630.jpg)
2026-01-12 15:04:17,726 - download.async_downloader - WARNING - 下载图片失败(可忽略): RuntimeError: cannot schedule new futures after shutdown (object=2435/1741767644_1741767263_710.jpg)
2026-01-12 15:04:17,757 - download.async_downloader - WARNING - 下载图片失败(可忽略): RuntimeError: cannot schedule new futures after shutdown (object=2435/1741767701_1741767315_730.jpg)
2026-01-12 15:04:34,359 - download.async_downloader - INFO - OSS连接成功
2026-01-12 15:05:08,142 - mysql.connector - INFO - package: mysql.connector.plugins
2026-01-12 15:05:08,142 - mysql.connector - INFO - plugin_name: mysql_native_password
2026-01-12 15:05:08,144 - mysql.connector - INFO - AUTHENTICATION_PLUGIN_CLASS: MySQLNativePasswordAuthPlugin
2026-01-12 15:05:11,826 - download.async_downloader - INFO - OSS连接成功
2026-01-12 15:05:11,831 - download.async_downloader - INFO - 数据表时间范围: 2025-02-01 00:00:00 到 2025-04-30 23:59:59
2026-01-12 15:05:11,837 - download.async_downloader - INFO - [10.0%] downloading: 2435 (1/1)
2026-01-12 15:05:14,605 - download.async_downloader - INFO - [100.0%] Download completed
2026-01-12 15:06:26,181 - download.async_downloader - INFO - OSS连接成功
2026-01-12 15:06:26,190 - download.async_downloader - INFO - 数据表时间范围: 2025-03-01 00:00:00 到 2025-05-31 23:59:59
2026-01-12 15:06:26,202 - download.async_downloader - INFO - [10.0%] downloading: 2435 (1/1)
2026-01-12 15:06:29,255 - download.async_downloader - INFO - [100.0%] Download completed
2026-01-12 15:15:30,227 - download.async_downloader - INFO - OSS连接成功
2026-01-12 15:15:48,519 - mysql.connector - INFO - package: mysql.connector.plugins
2026-01-12 15:15:48,520 - mysql.connector - INFO - plugin_name: mysql_native_password
2026-01-12 15:15:48,521 - mysql.connector - INFO - AUTHENTICATION_PLUGIN_CLASS: MySQLNativePasswordAuthPlugin
2026-01-12 15:15:53,651 - download.async_downloader - INFO - OSS连接成功
2026-01-12 15:15:53,657 - download.async_downloader - INFO - 数据表时间范围: 2025-01-01 00:00:00 到 2025-05-31 23:59:59
2026-01-12 15:15:53,663 - download.async_downloader - INFO - [10.0%] downloading: 2435 (1/1)
2026-01-12 15:15:58,749 - download.async_downloader - INFO - 下载任务已取消
2026-01-12 15:17:27,322 - download.async_downloader - INFO - OSS连接成功
2026-01-12 15:17:27,334 - download.async_downloader - INFO - 数据表时间范围: 2025-01-01 00:00:00 到 2025-03-31 23:59:59
2026-01-12 15:17:27,347 - download.async_downloader - INFO - [10.0%] downloading: 2435 (1/1)
2026-01-12 15:23:35,711 - download.async_downloader - INFO - 下载任务已取消
2026-01-12 15:24:00,451 - root - ERROR - 应用启动失败: unknown option "-text"
2026-01-12 15:24:40,685 - download.async_downloader - INFO - OSS连接成功
2026-01-12 15:32:32,962 - download.async_downloader - INFO - OSS连接成功
2026-01-12 15:33:00,559 - mysql.connector - INFO - package: mysql.connector.plugins
2026-01-12 15:33:00,559 - mysql.connector - INFO - plugin_name: mysql_native_password
2026-01-12 15:33:00,560 - mysql.connector - INFO - AUTHENTICATION_PLUGIN_CLASS: MySQLNativePasswordAuthPlugin
2026-01-12 15:33:06,838 - download.async_downloader - INFO - OSS连接成功
2026-01-12 15:33:06,850 - download.async_downloader - INFO - 数据表时间范围: 2025-03-01 00:00:00 到 2025-04-30 23:59:59
2026-01-12 15:33:06,852 - download.async_downloader - INFO - [10.0%] downloading: 2435 (1/1)
2026-01-12 15:33:12,745 - download.async_downloader - INFO - 下载任务已取消
2026-01-12 15:48:04,771 - asyncio - ERROR - Task was destroyed but it is pending!
task: <Task pending name='Task-2' coro=<AsyncDeviceDataDownloader._download_device_images_async.<locals>.worker() running at D:\OperationSpace\PycharmProjects\download\async_downloader.py:452> wait_for=<Future pending cb=[_chain_future.<locals>._call_check_cancel() at C:\Users\11372\AppData\Local\Programs\Python\Python312\Lib\asyncio\futures.py:389, Task.task_wakeup()]>>
2026-01-12 15:48:04,775 - asyncio - ERROR - Task was destroyed but it is pending!
task: <Task pending name='Task-3' coro=<AsyncDeviceDataDownloader._download_device_images_async.<locals>.worker() running at D:\OperationSpace\PycharmProjects\download\async_downloader.py:452> wait_for=<Future pending cb=[_chain_future.<locals>._call_check_cancel() at C:\Users\11372\AppData\Local\Programs\Python\Python312\Lib\asyncio\futures.py:389, Task.task_wakeup()]>>
2026-01-12 15:48:04,775 - asyncio - ERROR - Task was destroyed but it is pending!
task: <Task pending name='Task-4' coro=<AsyncDeviceDataDownloader._download_device_images_async.<locals>.worker() running at D:\OperationSpace\PycharmProjects\download\async_downloader.py:452> wait_for=<Future pending cb=[_chain_future.<locals>._call_check_cancel() at C:\Users\11372\AppData\Local\Programs\Python\Python312\Lib\asyncio\futures.py:389, Task.task_wakeup()]>>
2026-01-12 15:48:04,775 - asyncio - ERROR - Task was destroyed but it is pending!
task: <Task pending name='Task-5' coro=<AsyncDeviceDataDownloader._download_device_images_async.<locals>.worker() running at D:\OperationSpace\PycharmProjects\download\async_downloader.py:452> wait_for=<Future pending cb=[_chain_future.<locals>._call_check_cancel() at C:\Users\11372\AppData\Local\Programs\Python\Python312\Lib\asyncio\futures.py:389, Task.task_wakeup()]>>
2026-01-12 15:48:04,776 - asyncio - ERROR - Task was destroyed but it is pending!
task: <Task pending name='Task-6' coro=<AsyncDeviceDataDownloader._download_device_images_async.<locals>.worker() running at D:\OperationSpace\PycharmProjects\download\async_downloader.py:452> wait_for=<Future pending cb=[_chain_future.<locals>._call_check_cancel() at C:\Users\11372\AppData\Local\Programs\Python\Python312\Lib\asyncio\futures.py:389, Task.task_wakeup()]>>
2026-01-12 15:48:04,776 - asyncio - ERROR - Task was destroyed but it is pending!
task: <Task pending name='Task-7' coro=<AsyncDeviceDataDownloader._download_device_images_async.<locals>.worker() running at D:\OperationSpace\PycharmProjects\download\async_downloader.py:452> wait_for=<Future pending cb=[_chain_future.<locals>._call_check_cancel() at C:\Users\11372\AppData\Local\Programs\Python\Python312\Lib\asyncio\futures.py:389, Task.task_wakeup()]>>
2026-01-12 15:48:04,777 - asyncio - ERROR - Task was destroyed but it is pending!
task: <Task pending name='Task-8' coro=<AsyncDeviceDataDownloader._download_device_images_async.<locals>.worker() running at D:\OperationSpace\PycharmProjects\download\async_downloader.py:452> wait_for=<Future pending cb=[_chain_future.<locals>._call_check_cancel() at C:\Users\11372\AppData\Local\Programs\Python\Python312\Lib\asyncio\futures.py:389, Task.task_wakeup()]>>
2026-01-12 15:48:04,777 - asyncio - ERROR - Task was destroyed but it is pending!
task: <Task pending name='Task-9' coro=<AsyncDeviceDataDownloader._download_device_images_async.<locals>.worker() running at D:\OperationSpace\PycharmProjects\download\async_downloader.py:452> wait_for=<Future pending cb=[_chain_future.<locals>._call_check_cancel() at C:\Users\11372\AppData\Local\Programs\Python\Python312\Lib\asyncio\futures.py:389, Task.task_wakeup()]>>
2026-01-12 15:48:04,777 - asyncio - ERROR - Task was destroyed but it is pending!
task: <Task pending name='Task-10' coro=<AsyncDeviceDataDownloader._download_device_images_async.<locals>.worker() running at D:\OperationSpace\PycharmProjects\download\async_downloader.py:452> wait_for=<Future pending cb=[_chain_future.<locals>._call_check_cancel() at C:\Users\11372\AppData\Local\Programs\Python\Python312\Lib\asyncio\futures.py:389, Task.task_wakeup()]>>
2026-01-12 15:48:04,778 - asyncio - ERROR - Task was destroyed but it is pending!
task: <Task pending name='Task-11' coro=<AsyncDeviceDataDownloader._download_device_images_async.<locals>.worker() running at D:\OperationSpace\PycharmProjects\download\async_downloader.py:452> wait_for=<Future pending cb=[_chain_future.<locals>._call_check_cancel() at C:\Users\11372\AppData\Local\Programs\Python\Python312\Lib\asyncio\futures.py:389, Task.task_wakeup()]>>
2026-01-12 15:52:09,790 - download.async_downloader - INFO - OSS连接成功
2026-01-12 15:52:54,450 - download.async_downloader - INFO - OSS连接成功
2026-01-12 15:57:05,092 - mysql.connector - INFO - package: mysql.connector.plugins
2026-01-12 15:57:05,093 - mysql.connector - INFO - plugin_name: mysql_native_password
2026-01-12 15:57:05,095 - mysql.connector - INFO - AUTHENTICATION_PLUGIN_CLASS: MySQLNativePasswordAuthPlugin
2026-01-12 15:57:10,039 - download.async_downloader - INFO - OSS连接成功
2026-01-12 15:57:10,047 - download.async_downloader - INFO - 数据表时间范围: 2025-03-01 00:00:00 到 2025-03-31 23:59:59
2026-01-12 15:57:10,051 - download.async_downloader - INFO - [10.0%] downloading: 2435 (1/1)
2026-01-12 15:57:18,664 - download.async_downloader - INFO - 下载任务已取消
2026-01-12 15:59:49,352 - asyncio - ERROR - Task was destroyed but it is pending!
task: <Task pending name='Task-2' coro=<AsyncDeviceDataDownloader._download_device_images_async.<locals>.worker() running at D:\OperationSpace\PycharmProjects\download\async_downloader.py:452> wait_for=<Future pending cb=[_chain_future.<locals>._call_check_cancel() at C:\Users\11372\AppData\Local\Programs\Python\Python312\Lib\asyncio\futures.py:389, Task.task_wakeup()]>>
2026-01-12 15:59:49,354 - asyncio - ERROR - Task was destroyed but it is pending!
task: <Task pending name='Task-3' coro=<AsyncDeviceDataDownloader._download_device_images_async.<locals>.worker() running at D:\OperationSpace\PycharmProjects\download\async_downloader.py:452> wait_for=<Future pending cb=[_chain_future.<locals>._call_check_cancel() at C:\Users\11372\AppData\Local\Programs\Python\Python312\Lib\asyncio\futures.py:389, Task.task_wakeup()]>>
2026-01-12 15:59:49,355 - asyncio - ERROR - Task was destroyed but it is pending!
task: <Task pending name='Task-4' coro=<AsyncDeviceDataDownloader._download_device_images_async.<locals>.worker() running at D:\OperationSpace\PycharmProjects\download\async_downloader.py:452> wait_for=<Future pending cb=[_chain_future.<locals>._call_check_cancel() at C:\Users\11372\AppData\Local\Programs\Python\Python312\Lib\asyncio\futures.py:389, Task.task_wakeup()]>>
2026-01-12 15:59:49,355 - asyncio - ERROR - Task was destroyed but it is pending!
task: <Task pending name='Task-5' coro=<AsyncDeviceDataDownloader._download_device_images_async.<locals>.worker() running at D:\OperationSpace\PycharmProjects\download\async_downloader.py:452> wait_for=<Future pending cb=[_chain_future.<locals>._call_check_cancel() at C:\Users\11372\AppData\Local\Programs\Python\Python312\Lib\asyncio\futures.py:389, Task.task_wakeup()]>>
2026-01-12 15:59:49,355 - asyncio - ERROR - Task was destroyed but it is pending!
task: <Task pending name='Task-6' coro=<AsyncDeviceDataDownloader._download_device_images_async.<locals>.worker() running at D:\OperationSpace\PycharmProjects\download\async_downloader.py:452> wait_for=<Future pending cb=[_chain_future.<locals>._call_check_cancel() at C:\Users\11372\AppData\Local\Programs\Python\Python312\Lib\asyncio\futures.py:389, Task.task_wakeup()]>>
2026-01-12 15:59:49,355 - asyncio - ERROR - Task was destroyed but it is pending!
task: <Task pending name='Task-7' coro=<AsyncDeviceDataDownloader._download_device_images_async.<locals>.worker() running at D:\OperationSpace\PycharmProjects\download\async_downloader.py:452> wait_for=<Future pending cb=[_chain_future.<locals>._call_check_cancel() at C:\Users\11372\AppData\Local\Programs\Python\Python312\Lib\asyncio\futures.py:389, Task.task_wakeup()]>>
2026-01-12 15:59:49,356 - asyncio - ERROR - Task was destroyed but it is pending!
task: <Task pending name='Task-8' coro=<AsyncDeviceDataDownloader._download_device_images_async.<locals>.worker() running at D:\OperationSpace\PycharmProjects\download\async_downloader.py:452> wait_for=<Future pending cb=[_chain_future.<locals>._call_check_cancel() at C:\Users\11372\AppData\Local\Programs\Python\Python312\Lib\asyncio\futures.py:389, Task.task_wakeup()]>>
2026-01-12 15:59:49,356 - asyncio - ERROR - Task was destroyed but it is pending!
task: <Task pending name='Task-9' coro=<AsyncDeviceDataDownloader._download_device_images_async.<locals>.worker() running at D:\OperationSpace\PycharmProjects\download\async_downloader.py:452> wait_for=<Future pending cb=[_chain_future.<locals>._call_check_cancel() at C:\Users\11372\AppData\Local\Programs\Python\Python312\Lib\asyncio\futures.py:389, Task.task_wakeup()]>>
2026-01-12 15:59:49,356 - asyncio - ERROR - Task was destroyed but it is pending!
task: <Task pending name='Task-10' coro=<AsyncDeviceDataDownloader._download_device_images_async.<locals>.worker() running at D:\OperationSpace\PycharmProjects\download\async_downloader.py:452> wait_for=<Future pending cb=[_chain_future.<locals>._call_check_cancel() at C:\Users\11372\AppData\Local\Programs\Python\Python312\Lib\asyncio\futures.py:389, Task.task_wakeup()]>>
2026-01-12 15:59:49,357 - asyncio - ERROR - Task was destroyed but it is pending!
task: <Task pending name='Task-11' coro=<AsyncDeviceDataDownloader._download_device_images_async.<locals>.worker() running at D:\OperationSpace\PycharmProjects\download\async_downloader.py:452> wait_for=<Future pending cb=[_chain_future.<locals>._call_check_cancel() at C:\Users\11372\AppData\Local\Programs\Python\Python312\Lib\asyncio\futures.py:389, Task.task_wakeup()]>>
2026-01-12 15:59:55,767 - download.async_downloader - INFO - OSS连接成功
2026-01-12 16:00:20,377 - mysql.connector - INFO - package: mysql.connector.plugins
2026-01-12 16:00:20,378 - mysql.connector - INFO - plugin_name: mysql_native_password
2026-01-12 16:00:20,379 - mysql.connector - INFO - AUTHENTICATION_PLUGIN_CLASS: MySQLNativePasswordAuthPlugin
2026-01-12 16:00:23,861 - download.async_downloader - INFO - OSS连接成功
2026-01-12 16:00:23,866 - download.async_downloader - INFO - 数据表时间范围: 2025-03-01 00:00:00 到 2025-03-31 23:59:59
2026-01-12 16:00:23,873 - download.async_downloader - INFO - [10.0%] downloading: 2435 (1/1)
2026-01-12 16:00:27,320 - download.async_downloader - INFO - 下载任务已取消
2026-01-12 16:00:41,977 - download.async_downloader - INFO - OSS连接成功
2026-01-12 16:00:41,983 - download.async_downloader - INFO - 数据表时间范围: 2025-03-01 00:00:00 到 2025-03-31 23:59:59
2026-01-12 16:00:42,014 - download.async_downloader - INFO - [10.0%] downloading: 2435 (1/1)
2026-01-12 16:00:46,527 - download.async_downloader - INFO - 下载任务已取消
2026-01-12 16:04:15,272 - download.async_downloader - INFO - OSS连接成功
2026-01-12 16:10:57,614 - mysql.connector - INFO - package: mysql.connector.plugins
2026-01-12 16:10:57,615 - mysql.connector - INFO - plugin_name: mysql_native_password
2026-01-12 16:10:57,615 - mysql.connector - INFO - AUTHENTICATION_PLUGIN_CLASS: MySQLNativePasswordAuthPlugin
2026-01-12 16:11:14,571 - download.async_downloader - INFO - OSS连接成功
2026-01-12 16:11:14,575 - download.async_downloader - INFO - 数据表时间范围: 2025-02-01 00:00:00 到 2025-02-28 23:59:59
2026-01-12 16:11:14,579 - download.async_downloader - INFO - [10.0%] downloading: 1368 (1/1)
2026-01-12 16:11:17,359 - download.async_downloader - INFO - 下载任务已取消
2026-01-12 16:11:37,690 - asyncio - ERROR - Task was destroyed but it is pending!
task: <Task pending name='Task-2' coro=<AsyncDeviceDataDownloader._download_device_images_async.<locals>.worker() running at D:\OperationSpace\PycharmProjects\download\async_downloader.py:452> wait_for=<Future pending cb=[_chain_future.<locals>._call_check_cancel() at C:\Users\11372\AppData\Local\Programs\Python\Python312\Lib\asyncio\futures.py:389, Task.task_wakeup()]>>
2026-01-12 16:11:37,691 - asyncio - ERROR - Task was destroyed but it is pending!
task: <Task pending name='Task-3' coro=<AsyncDeviceDataDownloader._download_device_images_async.<locals>.worker() running at D:\OperationSpace\PycharmProjects\download\async_downloader.py:452> wait_for=<Future pending cb=[_chain_future.<locals>._call_check_cancel() at C:\Users\11372\AppData\Local\Programs\Python\Python312\Lib\asyncio\futures.py:389, Task.task_wakeup()]>>
2026-01-12 16:11:37,691 - asyncio - ERROR - Task was destroyed but it is pending!
task: <Task pending name='Task-5' coro=<AsyncDeviceDataDownloader._download_device_images_async.<locals>.worker() running at D:\OperationSpace\PycharmProjects\download\async_downloader.py:452> wait_for=<Future pending cb=[_chain_future.<locals>._call_check_cancel() at C:\Users\11372\AppData\Local\Programs\Python\Python312\Lib\asyncio\futures.py:389, Task.task_wakeup()]>>
2026-01-12 16:11:37,692 - asyncio - ERROR - Task was destroyed but it is pending!
task: <Task pending name='Task-7' coro=<AsyncDeviceDataDownloader._download_device_images_async.<locals>.worker() running at D:\OperationSpace\PycharmProjects\download\async_downloader.py:452> wait_for=<Future pending cb=[_chain_future.<locals>._call_check_cancel() at C:\Users\11372\AppData\Local\Programs\Python\Python312\Lib\asyncio\futures.py:389, Task.task_wakeup()]>>
2026-01-12 16:11:37,692 - asyncio - ERROR - Task was destroyed but it is pending!
task: <Task pending name='Task-11' coro=<AsyncDeviceDataDownloader._download_device_images_async.<locals>.worker() running at D:\OperationSpace\PycharmProjects\download\async_downloader.py:452> wait_for=<Future pending cb=[_chain_future.<locals>._call_check_cancel() at C:\Users\11372\AppData\Local\Programs\Python\Python312\Lib\asyncio\futures.py:389, Task.task_wakeup()]>>
2026-01-12 16:11:43,786 - download.async_downloader - INFO - OSS连接成功
2026-01-12 16:35:29,822 - root - ERROR - 应用启动失败: name 'top_left' is not defined
2026-01-12 16:38:04,938 - download.async_downloader - INFO - OSS连接成功
2026-01-12 16:39:34,904 - download.async_downloader - INFO - OSS连接成功
2026-01-12 16:40:09,188 - root - ERROR - 应用启动失败: cannot use geometry manager pack inside .!frame.!frame2 which already has slaves managed by grid
2026-01-12 16:42:13,439 - download.async_downloader - INFO - OSS连接成功
2026-01-12 16:43:31,521 - download.async_downloader - INFO - OSS连接成功
2026-01-12 16:44:00,848 - download.async_downloader - INFO - OSS连接成功
2026-01-12 16:44:21,944 - download.async_downloader - INFO - OSS连接成功
2026-01-12 16:47:10,280 - root - ERROR - 应用启动失败: name 'DeviceLatestDataQueryWidget' is not defined
2026-01-12 16:48:44,782 - download.async_downloader - INFO - OSS连接成功
2026-01-12 16:48:55,840 - mysql.connector - INFO - package: mysql.connector.plugins
2026-01-12 16:48:55,841 - mysql.connector - INFO - plugin_name: mysql_native_password
2026-01-12 16:48:55,842 - mysql.connector - INFO - AUTHENTICATION_PLUGIN_CLASS: MySQLNativePasswordAuthPlugin
2026-01-12 16:49:53,392 - download.async_downloader - INFO - OSS连接成功
2026-01-12 16:50:01,387 - mysql.connector - INFO - package: mysql.connector.plugins
2026-01-12 16:50:01,388 - mysql.connector - INFO - plugin_name: mysql_native_password
2026-01-12 16:50:01,388 - mysql.connector - INFO - AUTHENTICATION_PLUGIN_CLASS: MySQLNativePasswordAuthPlugin
2026-01-12 17:04:57,183 - download.async_downloader - INFO - OSS连接成功
2026-01-12 17:05:00,374 - mysql.connector - INFO - package: mysql.connector.plugins
2026-01-12 17:05:00,374 - mysql.connector - INFO - plugin_name: mysql_native_password
2026-01-12 17:05:00,380 - mysql.connector - INFO - AUTHENTICATION_PLUGIN_CLASS: MySQLNativePasswordAuthPlugin
2026-01-12 17:14:42,330 - download.async_downloader - INFO - OSS连接成功
2026-01-12 17:14:45,561 - mysql.connector - INFO - package: mysql.connector.plugins
2026-01-12 17:14:45,561 - mysql.connector - INFO - plugin_name: mysql_native_password
2026-01-12 17:14:45,562 - mysql.connector - INFO - AUTHENTICATION_PLUGIN_CLASS: MySQLNativePasswordAuthPlugin
2026-01-12 17:18:02,157 - download.async_downloader - INFO - OSS连接成功
2026-01-12 17:18:05,077 - mysql.connector - INFO - package: mysql.connector.plugins
2026-01-12 17:18:05,078 - mysql.connector - INFO - plugin_name: mysql_native_password
2026-01-12 17:18:05,079 - mysql.connector - INFO - AUTHENTICATION_PLUGIN_CLASS: MySQLNativePasswordAuthPlugin
2026-01-12 17:25:00,425 - download.async_downloader - INFO - OSS连接成功
2026-01-12 17:25:00,431 - download.async_downloader - INFO - 数据表时间范围: 2023-01-01 00:00:00 到 2026-01-31 23:59:59
2026-01-12 17:25:00,436 - download.async_downloader - INFO - [10.0%] downloading: 2345 (1/1)
2026-01-12 17:25:02,867 - download.async_downloader - INFO - 下载任务已取消
2026-01-12 17:25:29,653 - download.async_downloader - INFO - OSS连接成功
2026-01-12 17:25:56,460 - mysql.connector - INFO - package: mysql.connector.plugins
2026-01-12 17:25:56,461 - mysql.connector - INFO - plugin_name: mysql_native_password
2026-01-12 17:25:56,462 - mysql.connector - INFO - AUTHENTICATION_PLUGIN_CLASS: MySQLNativePasswordAuthPlugin
2026-01-12 17:27:20,761 - download.async_downloader - INFO - OSS连接成功
2026-01-12 17:27:44,521 - mysql.connector - INFO - package: mysql.connector.plugins
2026-01-12 17:27:44,521 - mysql.connector - INFO - plugin_name: mysql_native_password
2026-01-12 17:27:44,522 - mysql.connector - INFO - AUTHENTICATION_PLUGIN_CLASS: MySQLNativePasswordAuthPlugin
2026-01-12 17:28:58,357 - download.async_downloader - INFO - OSS连接成功
2026-01-12 17:28:58,362 - download.async_downloader - INFO - 数据表时间范围: 2025-03-01 00:00:00 到 2025-05-31 23:59:59
2026-01-12 17:28:58,373 - download.async_downloader - INFO - [10.0%] downloading: 2435 (1/1)
2026-01-12 17:29:39,972 - download.async_downloader - WARNING - 下载图片失败(可忽略): RuntimeError: cannot schedule new futures after shutdown (object=2435/1741141238_1741140865_710.jpg)
2026-01-12 17:29:39,974 - download.async_downloader - WARNING - 下载图片失败(可忽略): RuntimeError: cannot schedule new futures after shutdown (object=2435/1741141288_1741140915_730.jpg)
2026-01-12 17:29:40,003 - download.async_downloader - WARNING - 下载图片失败(可忽略): RuntimeError: cannot schedule new futures after shutdown (object=2435/1741155432_1741155063_4.jpg)
2026-01-12 17:29:40,004 - download.async_downloader - WARNING - 下载图片失败(可忽略): RuntimeError: cannot schedule new futures after shutdown (object=2435/1741155497_1741155096_5.jpg)
2026-01-12 17:29:40,030 - download.async_downloader - WARNING - 下载图片失败(可忽略): RuntimeError: cannot schedule new futures after shutdown (object=2435/1741155542_1741155156_610.jpg)
2026-01-12 17:29:40,061 - download.async_downloader - WARNING - 下载图片失败(可忽略): RuntimeError: cannot schedule new futures after shutdown (object=2435/1741155576_1741155208_630.jpg)
2026-01-12 17:29:40,092 - download.async_downloader - WARNING - 下载图片失败(可忽略): RuntimeError: cannot schedule new futures after shutdown (object=2435/1741155629_1741155255_710.jpg)
2026-01-12 17:29:40,122 - download.async_downloader - WARNING - 下载图片失败(可忽略): RuntimeError: cannot schedule new futures after shutdown (object=2435/1741155686_1741155310_730.jpg)
2026-01-12 17:29:40,153 - download.async_downloader - WARNING - 下载图片失败(可忽略): RuntimeError: cannot schedule new futures after shutdown (object=2435/1741162667_1741162263_4.jpg)
2026-01-12 17:29:40,183 - download.async_downloader - WARNING - 下载图片失败(可忽略): RuntimeError: cannot schedule new futures after shutdown (object=2435/1741162764_1741162301_5.jpg)
2026-01-12 17:29:40,214 - download.async_downloader - WARNING - 下载图片失败(可忽略): RuntimeError: cannot schedule new futures after shutdown (object=2435/1741162818_1741162369_610.jpg)
2026-01-12 17:29:40,244 - download.async_downloader - WARNING - 下载图片失败(可忽略): RuntimeError: cannot schedule new futures after shutdown (object=2435/1741162855_1741162422_630.jpg)
2026-01-12 17:29:40,276 - download.async_downloader - WARNING - 下载图片失败(可忽略): RuntimeError: cannot schedule new futures after shutdown (object=2435/1741162902_1741162470_710.jpg)
2026-01-12 17:29:40,306 - download.async_downloader - WARNING - 下载图片失败(可忽略): RuntimeError: cannot schedule new futures after shutdown (object=2435/1741162965_1741162522_730.jpg)
2026-01-12 17:29:40,336 - download.async_downloader - WARNING - 下载图片失败(可忽略): RuntimeError: cannot schedule new futures after shutdown (object=2435/1741220263_1741219863_4.jpg)
2026-01-12 17:29:40,367 - download.async_downloader - WARNING - 下载图片失败(可忽略): RuntimeError: cannot schedule new futures after shutdown (object=2435/1741220364_1741219901_5.jpg)
2026-01-12 17:29:40,398 - download.async_downloader - WARNING - 下载图片失败(可忽略): RuntimeError: cannot schedule new futures after shutdown (object=2435/1741220414_1741219970_610.jpg)
2026-01-12 17:29:40,428 - download.async_downloader - WARNING - 下载图片失败(可忽略): RuntimeError: cannot schedule new futures after shutdown (object=2435/1741220455_1741220022_630.jpg)
2026-01-12 17:29:40,458 - download.async_downloader - WARNING - 下载图片失败(可忽略): RuntimeError: cannot schedule new futures after shutdown (object=2435/1741220507_1741220071_710.jpg)
2026-01-12 17:29:40,488 - download.async_downloader - WARNING - 下载图片失败(可忽略): RuntimeError: cannot schedule new futures after shutdown (object=2435/1741220559_1741220121_730.jpg)
2026-01-12 17:29:40,489 - download.async_downloader - WARNING - 下载图片失败(可忽略): RuntimeError: cannot schedule new futures after shutdown (object=2435/1741227460_1741227063_4.jpg)
2026-01-12 17:29:40,519 - download.async_downloader - WARNING - 下载图片失败(可忽略): RuntimeError: cannot schedule new futures after shutdown (object=2435/1741227552_1741227098_5.jpg)
2026-01-12 17:29:40,520 - download.async_downloader - WARNING - 下载图片失败(可忽略): RuntimeError: cannot schedule new futures after shutdown (object=2435/1741227600_1741227165_610.jpg)
2026-01-12 17:29:40,549 - download.async_downloader - WARNING - 下载图片失败(可忽略): RuntimeError: cannot schedule new futures after shutdown (object=2435/1741227631_1741227226_630.jpg)
2026-01-12 17:29:40,579 - download.async_downloader - WARNING - 下载图片失败(可忽略): RuntimeError: cannot schedule new futures after shutdown (object=2435/1741227688_1741227270_710.jpg)
2026-01-12 17:29:40,582 - download.async_downloader - WARNING - 下载图片失败(可忽略): RuntimeError: cannot schedule new futures after shutdown (object=2435/1741227744_1741227325_730.jpg)
2026-01-12 17:29:40,609 - download.async_downloader - WARNING - 下载图片失败(可忽略): RuntimeError: cannot schedule new futures after shutdown (object=2435/1741241850_1741241463_4.jpg)
2026-01-12 17:29:40,639 - download.async_downloader - WARNING - 下载图片失败(可忽略): RuntimeError: cannot schedule new futures after shutdown (object=2435/1741241930_1741241498_5.jpg)
2026-01-12 17:29:40,669 - download.async_downloader - WARNING - 下载图片失败(可忽略): RuntimeError: cannot schedule new futures after shutdown (object=2435/1741241982_1741241562_610.jpg)
2026-01-12 17:29:40,699 - download.async_downloader - WARNING - 下载图片失败(可忽略): RuntimeError: cannot schedule new futures after shutdown (object=2435/1741242017_1741241616_630.jpg)
2026-01-12 17:29:40,730 - download.async_downloader - WARNING - 下载图片失败(可忽略): RuntimeError: cannot schedule new futures after shutdown (object=2435/1741242076_1741241664_710.jpg)
2026-01-12 17:29:40,760 - download.async_downloader - WARNING - 下载图片失败(可忽略): RuntimeError: cannot schedule new futures after shutdown (object=2435/1741242140_1741241717_730.jpg)
2026-01-12 17:29:40,792 - download.async_downloader - WARNING - 下载图片失败(可忽略): RuntimeError: cannot schedule new futures after shutdown (object=2435/1741249223_1741248663_4.jpg)
2026-01-12 17:29:40,817 - download.async_downloader - WARNING - 下载图片失败(可忽略): RuntimeError: cannot schedule new futures after shutdown (object=2435/1741249320_1741248701_5.jpg)
2026-01-12 17:29:40,848 - download.async_downloader - WARNING - 下载图片失败(可忽略): RuntimeError: cannot schedule new futures after shutdown (object=2435/1741249431_1741248769_610.jpg)
2026-01-12 17:29:40,875 - download.async_downloader - WARNING - 下载图片失败(可忽略): RuntimeError: cannot schedule new futures after shutdown (object=2435/1741249470_1741248823_630.jpg)
2026-01-12 17:29:40,907 - download.async_downloader - WARNING - 下载图片失败(可忽略): RuntimeError: cannot schedule new futures after shutdown (object=2435/1741249626_1741248872_710.jpg)
2026-01-12 17:29:40,937 - download.async_downloader - WARNING - 下载图片失败(可忽略): RuntimeError: cannot schedule new futures after shutdown (object=2435/1741249692_1741248926_730.jpg)
2026-01-12 17:29:40,968 - download.async_downloader - WARNING - 下载图片失败(可忽略): RuntimeError: cannot schedule new futures after shutdown (object=2435/1741306602_1741306263_4.jpg)
2026-01-12 17:29:40,998 - download.async_downloader - WARNING - 下载图片失败(可忽略): RuntimeError: cannot schedule new futures after shutdown (object=2435/1741306663_1741306287_5.jpg)
2026-01-12 17:29:41,031 - download.async_downloader - WARNING - 下载图片失败(可忽略): RuntimeError: cannot schedule new futures after shutdown (object=2435/1741306703_1741306346_610.jpg)
2026-01-12 17:29:41,062 - download.async_downloader - WARNING - 下载图片失败(可忽略): RuntimeError: cannot schedule new futures after shutdown (object=2435/1741306733_1741306396_630.jpg)
2026-01-12 17:29:41,094 - download.async_downloader - WARNING - 下载图片失败(可忽略): RuntimeError: cannot schedule new futures after shutdown (object=2435/1741306779_1741306442_710.jpg)
2026-01-12 17:29:41,124 - download.async_downloader - WARNING - 下载图片失败(可忽略): RuntimeError: cannot schedule new futures after shutdown (object=2435/1741306826_1741306494_730.jpg)
2026-01-12 17:29:41,150 - download.async_downloader - WARNING - 下载图片失败(可忽略): RuntimeError: cannot schedule new futures after shutdown (object=2435/1741313941_1741313463_4.jpg)
2026-01-12 17:29:41,181 - download.async_downloader - WARNING - 下载图片失败(可忽略): RuntimeError: cannot schedule new futures after shutdown (object=2435/1741314011_1741313492_5.jpg)
2026-01-12 17:29:41,212 - download.async_downloader - WARNING - 下载图片失败(可忽略): RuntimeError: cannot schedule new futures after shutdown (object=2435/1741314133_1741313550_610.jpg)
2026-01-12 17:29:41,243 - download.async_downloader - WARNING - 下载图片失败(可忽略): RuntimeError: cannot schedule new futures after shutdown (object=2435/1741314166_1741313600_630.jpg)
2026-01-12 17:29:41,274 - download.async_downloader - WARNING - 下载图片失败(可忽略): RuntimeError: cannot schedule new futures after shutdown (object=2435/1741314333_1741313647_710.jpg)
2026-01-12 17:29:41,298 - download.async_downloader - WARNING - 下载图片失败(可忽略): RuntimeError: cannot schedule new futures after shutdown (object=2435/1741314388_1741313699_730.jpg)
2026-01-12 17:29:41,329 - download.async_downloader - WARNING - 下载图片失败(可忽略): RuntimeError: cannot schedule new futures after shutdown (object=2435/1741328225_1741327863_4.jpg)
2026-01-12 17:29:41,360 - download.async_downloader - WARNING - 下载图片失败(可忽略): RuntimeError: cannot schedule new futures after shutdown (object=2435/1741328308_1741327888_5.jpg)
2026-01-12 17:29:41,395 - download.async_downloader - WARNING - 下载图片失败(可忽略): RuntimeError: cannot schedule new futures after shutdown (object=2435/1741328361_1741327947_610.jpg)
2026-01-12 17:29:41,423 - download.async_downloader - WARNING - 下载图片失败(可忽略): RuntimeError: cannot schedule new futures after shutdown (object=2435/1741328399_1741327997_630.jpg)
2026-01-12 17:29:41,427 - download.async_downloader - WARNING - 下载图片失败(可忽略): RuntimeError: cannot schedule new futures after shutdown (object=2435/1741328458_1741328043_710.jpg)
2026-01-12 17:29:41,453 - download.async_downloader - WARNING - 下载图片失败(可忽略): RuntimeError: cannot schedule new futures after shutdown (object=2435/1741328520_1741328096_730.jpg)
2026-01-12 17:29:41,484 - download.async_downloader - WARNING - 下载图片失败(可忽略): RuntimeError: cannot schedule new futures after shutdown (object=2435/1741335409_1741335063_4.jpg)
2026-01-12 17:29:41,514 - download.async_downloader - WARNING - 下载图片失败(可忽略): RuntimeError: cannot schedule new futures after shutdown (object=2435/1741335476_1741335092_5.jpg)
2026-01-12 17:29:41,547 - download.async_downloader - WARNING - 下载图片失败(可忽略): RuntimeError: cannot schedule new futures after shutdown (object=2435/1741335521_1741335151_610.jpg)
2026-01-12 17:29:41,577 - download.async_downloader - WARNING - 下载图片失败(可忽略): RuntimeError: cannot schedule new futures after shutdown (object=2435/1741335553_1741335199_630.jpg)
2026-01-12 17:29:41,608 - download.async_downloader - WARNING - 下载图片失败(可忽略): RuntimeError: cannot schedule new futures after shutdown (object=2435/1741335602_1741335245_710.jpg)
2026-01-12 17:29:41,639 - download.async_downloader - WARNING - 下载图片失败(可忽略): RuntimeError: cannot schedule new futures after shutdown (object=2435/1741335654_1741335297_730.jpg)
2026-01-12 17:29:41,670 - download.async_downloader - WARNING - 下载图片失败(可忽略): RuntimeError: cannot schedule new futures after shutdown (object=2435/1741392897_1741392663_4.jpg)
2026-01-12 17:29:41,706 - download.async_downloader - WARNING - 下载图片失败(可忽略): RuntimeError: cannot schedule new futures after shutdown (object=2435/1741392934_1741392678_5.jpg)
2026-01-12 17:29:41,735 - download.async_downloader - WARNING - 下载图片失败(可忽略): RuntimeError: cannot schedule new futures after shutdown (object=2435/1741392943_1741392727_610.jpg)
2026-01-12 17:29:41,765 - download.async_downloader - WARNING - 下载图片失败(可忽略): RuntimeError: cannot schedule new futures after shutdown (object=2435/1741392950_1741392765_630.jpg)
2026-01-12 17:29:41,797 - download.async_downloader - WARNING - 下载图片失败(可忽略): RuntimeError: cannot schedule new futures after shutdown (object=2435/1741392958_1741392803_710.jpg)
2026-01-12 17:29:41,827 - download.async_downloader - WARNING - 下载图片失败(可忽略): RuntimeError: cannot schedule new futures after shutdown (object=2435/1741392966_1741392841_730.jpg)
2026-01-12 17:29:41,860 - download.async_downloader - WARNING - 下载图片失败(可忽略): RuntimeError: cannot schedule new futures after shutdown (object=2435/1741400248_1741399863_4.jpg)
2026-01-12 17:29:41,891 - download.async_downloader - WARNING - 下载图片失败(可忽略): RuntimeError: cannot schedule new futures after shutdown (object=2435/1741400347_1741399897_5.jpg)
2026-01-12 17:29:41,922 - download.async_downloader - WARNING - 下载图片失败(可忽略): RuntimeError: cannot schedule new futures after shutdown (object=2435/1741400398_1741399961_610.jpg)
2026-01-12 17:29:41,955 - download.async_downloader - WARNING - 下载图片失败(可忽略): RuntimeError: cannot schedule new futures after shutdown (object=2435/1741400429_1741400011_630.jpg)
2026-01-12 17:29:41,986 - download.async_downloader - WARNING - 下载图片失败(可忽略): RuntimeError: cannot schedule new futures after shutdown (object=2435/1741400488_1741400055_710.jpg)
2026-01-12 17:29:42,016 - download.async_downloader - WARNING - 下载图片失败(可忽略): RuntimeError: cannot schedule new futures after shutdown (object=2435/1741400547_1741400107_730.jpg)
2026-01-12 17:29:42,046 - download.async_downloader - WARNING - 下载图片失败(可忽略): RuntimeError: cannot schedule new futures after shutdown (object=2435/1741414678_1741414263_4.jpg)
2026-01-12 17:29:42,078 - download.async_downloader - WARNING - 下载图片失败(可忽略): RuntimeError: cannot schedule new futures after shutdown (object=2435/1741414786_1741414300_5.jpg)
2026-01-12 17:29:42,108 - download.async_downloader - WARNING - 下载图片失败(可忽略): RuntimeError: cannot schedule new futures after shutdown (object=2435/1741414852_1741414365_610.jpg)
2026-01-12 17:29:42,141 - download.async_downloader - WARNING - 下载图片失败(可忽略): RuntimeError: cannot schedule new futures after shutdown (object=2435/1741414897_1741414415_630.jpg)
2026-01-12 17:29:42,172 - download.async_downloader - WARNING - 下载图片失败(可忽略): RuntimeError: cannot schedule new futures after shutdown (object=2435/1741414970_1741414463_710.jpg)
2026-01-12 17:29:42,203 - download.async_downloader - WARNING - 下载图片失败(可忽略): RuntimeError: cannot schedule new futures after shutdown (object=2435/1741415046_1741414518_730.jpg)
2026-01-12 17:29:42,237 - download.async_downloader - WARNING - 下载图片失败(可忽略): RuntimeError: cannot schedule new futures after shutdown (object=2435/1741421894_1741421463_4.jpg)
2026-01-12 17:29:42,239 - download.async_downloader - WARNING - 下载图片失败(可忽略): RuntimeError: cannot schedule new futures after shutdown (object=2435/1741422012_1741421502_5.jpg)
2026-01-12 17:29:42,265 - download.async_downloader - WARNING - 下载图片失败(可忽略): RuntimeError: cannot schedule new futures after shutdown (object=2435/1741422076_1741421570_610.jpg)
2026-01-12 17:29:42,297 - download.async_downloader - WARNING - 下载图片失败(可忽略): RuntimeError: cannot schedule new futures after shutdown (object=2435/1741422124_1741421620_630.jpg)
2026-01-12 17:29:42,327 - download.async_downloader - WARNING - 下载图片失败(可忽略): RuntimeError: cannot schedule new futures after shutdown (object=2435/1741422184_1741421668_710.jpg)
2026-01-12 17:29:42,358 - download.async_downloader - WARNING - 下载图片失败(可忽略): RuntimeError: cannot schedule new futures after shutdown (object=2435/1741422258_1741421720_730.jpg)
2026-01-12 17:29:42,388 - download.async_downloader - WARNING - 下载图片失败(可忽略): RuntimeError: cannot schedule new futures after shutdown (object=2435/1741479430_1741479063_4.jpg)
2026-01-12 17:29:42,419 - download.async_downloader - WARNING - 下载图片失败(可忽略): RuntimeError: cannot schedule new futures after shutdown (object=2435/1741479514_1741479097_5.jpg)
2026-01-12 17:29:42,450 - download.async_downloader - WARNING - 下载图片失败(可忽略): RuntimeError: cannot schedule new futures after shutdown (object=2435/1741479555_1741479161_610.jpg)
2026-01-12 17:29:42,481 - download.async_downloader - WARNING - 下载图片失败(可忽略): RuntimeError: cannot schedule new futures after shutdown (object=2435/1741479587_1741479211_630.jpg)
2026-01-12 17:29:42,512 - download.async_downloader - WARNING - 下载图片失败(可忽略): RuntimeError: cannot schedule new futures after shutdown (object=2435/1741479630_1741479258_710.jpg)
2026-01-12 17:29:42,541 - download.async_downloader - WARNING - 下载图片失败(可忽略): RuntimeError: cannot schedule new futures after shutdown (object=2435/1741479674_1741479309_730.jpg)
2026-01-12 17:29:42,571 - download.async_downloader - WARNING - 下载图片失败(可忽略): RuntimeError: cannot schedule new futures after shutdown (object=2435/1741486643_1741486263_4.jpg)
2026-01-12 17:29:42,601 - download.async_downloader - WARNING - 下载图片失败(可忽略): RuntimeError: cannot schedule new futures after shutdown (object=2435/1741486724_1741486298_5.jpg)
2026-01-12 17:29:42,637 - download.async_downloader - WARNING - 下载图片失败(可忽略): RuntimeError: cannot schedule new futures after shutdown (object=2435/1741486770_1741486363_610.jpg)
2026-01-12 17:29:42,668 - download.async_downloader - WARNING - 下载图片失败(可忽略): RuntimeError: cannot schedule new futures after shutdown (object=2435/1741486797_1741486413_630.jpg)
2026-01-12 17:29:42,699 - download.async_downloader - WARNING - 下载图片失败(可忽略): RuntimeError: cannot schedule new futures after shutdown (object=2435/1741486846_1741486458_710.jpg)
2026-01-12 17:29:42,734 - download.async_downloader - WARNING - 下载图片失败(可忽略): RuntimeError: cannot schedule new futures after shutdown (object=2435/1741486894_1741486510_730.jpg)
2026-01-12 17:29:42,769 - download.async_downloader - WARNING - 下载图片失败(可忽略): RuntimeError: cannot schedule new futures after shutdown (object=2435/1741501029_1741500663_4.jpg)
2026-01-12 17:29:42,770 - download.async_downloader - WARNING - 下载图片失败(可忽略): RuntimeError: cannot schedule new futures after shutdown (object=2435/1741501105_1741500695_5.jpg)
2026-01-12 17:29:42,799 - download.async_downloader - WARNING - 下载图片失败(可忽略): RuntimeError: cannot schedule new futures after shutdown (object=2435/1741501151_1741500757_610.jpg)
2026-01-12 17:29:42,832 - download.async_downloader - WARNING - 下载图片失败(可忽略): RuntimeError: cannot schedule new futures after shutdown (object=2435/1741501183_1741500809_630.jpg)
2026-01-12 17:29:42,833 - download.async_downloader - WARNING - 下载图片失败(可忽略): RuntimeError: cannot schedule new futures after shutdown (object=2435/1741501235_1741500856_710.jpg)
2026-01-12 17:29:42,860 - download.async_downloader - WARNING - 下载图片失败(可忽略): RuntimeError: cannot schedule new futures after shutdown (object=2435/1741501288_1741500910_730.jpg)
2026-01-12 17:29:42,890 - download.async_downloader - WARNING - 下载图片失败(可忽略): RuntimeError: cannot schedule new futures after shutdown (object=2435/1741508195_1741507863_4.jpg)
2026-01-12 17:29:42,921 - download.async_downloader - WARNING - 下载图片失败(可忽略): RuntimeError: cannot schedule new futures after shutdown (object=2435/1741508256_1741507891_5.jpg)
2026-01-12 17:29:42,952 - download.async_downloader - WARNING - 下载图片失败(可忽略): RuntimeError: cannot schedule new futures after shutdown (object=2435/1741508295_1741507946_610.jpg)
2026-01-12 17:29:42,982 - download.async_downloader - WARNING - 下载图片失败(可忽略): RuntimeError: cannot schedule new futures after shutdown (object=2435/1741508324_1741507995_630.jpg)
2026-01-12 17:29:43,013 - download.async_downloader - WARNING - 下载图片失败(可忽略): RuntimeError: cannot schedule new futures after shutdown (object=2435/1741508364_1741508040_710.jpg)
2026-01-12 17:29:43,043 - download.async_downloader - WARNING - 下载图片失败(可忽略): RuntimeError: cannot schedule new futures after shutdown (object=2435/1741508408_1741508089_730.jpg)
2026-01-12 17:29:43,073 - download.async_downloader - WARNING - 下载图片失败(可忽略): RuntimeError: cannot schedule new futures after shutdown (object=2435/1741565817_1741565463_4.jpg)
2026-01-12 17:29:43,103 - download.async_downloader - WARNING - 下载图片失败(可忽略): RuntimeError: cannot schedule new futures after shutdown (object=2435/1741565889_1741565494_5.jpg)
2026-01-12 17:29:43,134 - download.async_downloader - WARNING - 下载图片失败(可忽略): RuntimeError: cannot schedule new futures after shutdown (object=2435/1741565928_1741565550_610.jpg)
2026-01-12 17:29:43,165 - download.async_downloader - WARNING - 下载图片失败(可忽略): RuntimeError: cannot schedule new futures after shutdown (object=2435/1741565955_1741565599_630.jpg)
2026-01-12 17:29:43,195 - download.async_downloader - WARNING - 下载图片失败(可忽略): RuntimeError: cannot schedule new futures after shutdown (object=2435/1741565997_1741565654_710.jpg)
2026-01-12 17:29:43,226 - download.async_downloader - WARNING - 下载图片失败(可忽略): RuntimeError: cannot schedule new futures after shutdown (object=2435/1741566040_1741565705_730.jpg)
2026-01-12 17:29:43,257 - download.async_downloader - WARNING - 下载图片失败(可忽略): RuntimeError: cannot schedule new futures after shutdown (object=2435/1741573045_1741572663_4.jpg)
2026-01-12 17:29:43,288 - download.async_downloader - WARNING - 下载图片失败(可忽略): RuntimeError: cannot schedule new futures after shutdown (object=2435/1741573124_1741572696_5.jpg)
2026-01-12 17:29:43,318 - download.async_downloader - WARNING - 下载图片失败(可忽略): RuntimeError: cannot schedule new futures after shutdown (object=2435/1741573169_1741572769_610.jpg)
2026-01-12 17:29:43,349 - download.async_downloader - WARNING - 下载图片失败(可忽略): RuntimeError: cannot schedule new futures after shutdown (object=2435/1741573198_1741572819_630.jpg)
2026-01-12 17:29:43,379 - download.async_downloader - WARNING - 下载图片失败(可忽略): RuntimeError: cannot schedule new futures after shutdown (object=2435/1741573248_1741572864_710.jpg)
2026-01-12 17:29:43,381 - download.async_downloader - WARNING - 下载图片失败(可忽略): RuntimeError: cannot schedule new futures after shutdown (object=2435/1741573298_1741572916_730.jpg)
2026-01-12 17:29:43,409 - download.async_downloader - WARNING - 下载图片失败(可忽略): RuntimeError: cannot schedule new futures after shutdown (object=2435/1741587457_1741587063_4.jpg)
2026-01-12 17:29:43,414 - download.async_downloader - WARNING - 下载图片失败(可忽略): RuntimeError: cannot schedule new futures after shutdown (object=2435/1741587548_1741587097_5.jpg)
2026-01-12 17:29:43,439 - download.async_downloader - WARNING - 下载图片失败(可忽略): RuntimeError: cannot schedule new futures after shutdown (object=2435/1741587603_1741587159_610.jpg)
2026-01-12 17:29:43,470 - download.async_downloader - WARNING - 下载图片失败(可忽略): RuntimeError: cannot schedule new futures after shutdown (object=2435/1741587642_1741587210_630.jpg)
2026-01-12 17:29:43,500 - download.async_downloader - WARNING - 下载图片失败(可忽略): RuntimeError: cannot schedule new futures after shutdown (object=2435/1741587706_1741587257_710.jpg)
2026-01-12 17:29:43,531 - download.async_downloader - WARNING - 下载图片失败(可忽略): RuntimeError: cannot schedule new futures after shutdown (object=2435/1741587770_1741587310_730.jpg)
2026-01-12 17:29:43,562 - download.async_downloader - WARNING - 下载图片失败(可忽略): RuntimeError: cannot schedule new futures after shutdown (object=2435/1741594754_1741594263_4.jpg)
2026-01-12 17:29:43,592 - download.async_downloader - WARNING - 下载图片失败(可忽略): RuntimeError: cannot schedule new futures after shutdown (object=2435/1741594828_1741594288_5.jpg)
2026-01-12 17:29:43,623 - download.async_downloader - WARNING - 下载图片失败(可忽略): RuntimeError: cannot schedule new futures after shutdown (object=2435/1741594948_1741594348_610.jpg)
2026-01-12 17:29:43,653 - download.async_downloader - WARNING - 下载图片失败(可忽略): RuntimeError: cannot schedule new futures after shutdown (object=2435/1741594981_1741594396_630.jpg)
2026-01-12 17:29:43,683 - download.async_downloader - WARNING - 下载图片失败(可忽略): RuntimeError: cannot schedule new futures after shutdown (object=2435/1741595105_1741594442_710.jpg)
2026-01-12 17:29:43,713 - download.async_downloader - WARNING - 下载图片失败(可忽略): RuntimeError: cannot schedule new futures after shutdown (object=2435/1741595153_1741594493_730.jpg)
2026-01-12 17:29:43,743 - download.async_downloader - WARNING - 下载图片失败(可忽略): RuntimeError: cannot schedule new futures after shutdown (object=2435/1741652355_1741651863_4.jpg)
2026-01-12 17:29:43,772 - download.async_downloader - WARNING - 下载图片失败(可忽略): RuntimeError: cannot schedule new futures after shutdown (object=2435/1741652424_1741651891_5.jpg)
2026-01-12 17:29:43,803 - download.async_downloader - WARNING - 下载图片失败(可忽略): RuntimeError: cannot schedule new futures after shutdown (object=2435/1741652545_1741651949_610.jpg)
2026-01-12 17:29:43,834 - download.async_downloader - WARNING - 下载图片失败(可忽略): RuntimeError: cannot schedule new futures after shutdown (object=2435/1741652571_1741651998_630.jpg)
2026-01-12 17:29:43,865 - download.async_downloader - WARNING - 下载图片失败(可忽略): RuntimeError: cannot schedule new futures after shutdown (object=2435/1741652725_1741652042_710.jpg)
2026-01-12 17:29:43,896 - download.async_downloader - WARNING - 下载图片失败(可忽略): RuntimeError: cannot schedule new futures after shutdown (object=2435/1741652765_1741652092_730.jpg)
2026-01-12 17:29:43,926 - download.async_downloader - WARNING - 下载图片失败(可忽略): RuntimeError: cannot schedule new futures after shutdown (object=2435/1741659415_1741659063_4.jpg)
2026-01-12 17:29:43,927 - download.async_downloader - WARNING - 下载图片失败(可忽略): RuntimeError: cannot schedule new futures after shutdown (object=2435/1741659497_1741659092_5.jpg)
2026-01-12 17:29:43,957 - download.async_downloader - WARNING - 下载图片失败(可忽略): RuntimeError: cannot schedule new futures after shutdown (object=2435/1741659547_1741659150_610.jpg)
2026-01-12 17:29:43,988 - download.async_downloader - WARNING - 下载图片失败(可忽略): RuntimeError: cannot schedule new futures after shutdown (object=2435/1741659578_1741659197_630.jpg)
2026-01-12 17:29:43,989 - download.async_downloader - WARNING - 下载图片失败(可忽略): RuntimeError: cannot schedule new futures after shutdown (object=2435/1741659635_1741659242_710.jpg)
2026-01-12 17:29:44,018 - download.async_downloader - WARNING - 下载图片失败(可忽略): RuntimeError: cannot schedule new futures after shutdown (object=2435/1741659684_1741659293_730.jpg)
2026-01-12 17:29:44,049 - download.async_downloader - WARNING - 下载图片失败(可忽略): RuntimeError: cannot schedule new futures after shutdown (object=2435/1741673826_1741673463_4.jpg)
2026-01-12 17:29:44,080 - download.async_downloader - WARNING - 下载图片失败(可忽略): RuntimeError: cannot schedule new futures after shutdown (object=2435/1741673900_1741673497_5.jpg)
2026-01-12 17:29:44,110 - download.async_downloader - WARNING - 下载图片失败(可忽略): RuntimeError: cannot schedule new futures after shutdown (object=2435/1741673946_1741673554_610.jpg)
2026-01-12 17:29:44,141 - download.async_downloader - WARNING - 下载图片失败(可忽略): RuntimeError: cannot schedule new futures after shutdown (object=2435/1741673977_1741673603_630.jpg)
2026-01-12 17:29:44,171 - download.async_downloader - WARNING - 下载图片失败(可忽略): RuntimeError: cannot schedule new futures after shutdown (object=2435/1741674029_1741673650_710.jpg)
2026-01-12 17:29:44,202 - download.async_downloader - WARNING - 下载图片失败(可忽略): RuntimeError: cannot schedule new futures after shutdown (object=2435/1741674078_1741673704_730.jpg)
2026-01-12 17:29:44,232 - download.async_downloader - WARNING - 下载图片失败(可忽略): RuntimeError: cannot schedule new futures after shutdown (object=2435/1741681074_1741680663_4.jpg)
2026-01-12 17:29:44,262 - download.async_downloader - WARNING - 下载图片失败(可忽略): RuntimeError: cannot schedule new futures after shutdown (object=2435/1741681181_1741680699_5.jpg)
2026-01-12 17:29:44,293 - download.async_downloader - WARNING - 下载图片失败(可忽略): RuntimeError: cannot schedule new futures after shutdown (object=2435/1741681241_1741680764_610.jpg)
2026-01-12 17:29:44,323 - download.async_downloader - WARNING - 下载图片失败(可忽略): RuntimeError: cannot schedule new futures after shutdown (object=2435/1741681286_1741680815_630.jpg)
2026-01-12 17:29:44,353 - download.async_downloader - WARNING - 下载图片失败(可忽略): RuntimeError: cannot schedule new futures after shutdown (object=2435/1741681344_1741680863_710.jpg)
2026-01-12 17:29:44,384 - download.async_downloader - WARNING - 下载图片失败(可忽略): RuntimeError: cannot schedule new futures after shutdown (object=2435/1741681410_1741680914_730.jpg)
2026-01-12 17:29:44,415 - download.async_downloader - WARNING - 下载图片失败(可忽略): RuntimeError: cannot schedule new futures after shutdown (object=2435/1741738660_1741738263_4.jpg)
2026-01-12 17:29:44,446 - download.async_downloader - WARNING - 下载图片失败(可忽略): RuntimeError: cannot schedule new futures after shutdown (object=2435/1741738765_1741738303_5.jpg)
2026-01-12 17:29:44,477 - download.async_downloader - WARNING - 下载图片失败(可忽略): RuntimeError: cannot schedule new futures after shutdown (object=2435/1741738814_1741738368_610.jpg)
2026-01-12 17:29:44,508 - download.async_downloader - WARNING - 下载图片失败(可忽略): RuntimeError: cannot schedule new futures after shutdown (object=2435/1741738846_1741738419_630.jpg)
2026-01-12 17:29:44,538 - download.async_downloader - WARNING - 下载图片失败(可忽略): RuntimeError: cannot schedule new futures after shutdown (object=2435/1741738896_1741738465_710.jpg)
2026-01-12 17:29:44,568 - download.async_downloader - WARNING - 下载图片失败(可忽略): RuntimeError: cannot schedule new futures after shutdown (object=2435/1741738949_1741738517_730.jpg)
2026-01-12 17:29:44,599 - download.async_downloader - WARNING - 下载图片失败(可忽略): RuntimeError: cannot schedule new futures after shutdown (object=2435/1741745846_1741745463_4.jpg)
2026-01-12 17:29:44,629 - download.async_downloader - WARNING - 下载图片失败(可忽略): RuntimeError: cannot schedule new futures after shutdown (object=2435/1741745935_1741745498_5.jpg)
2026-01-12 17:29:44,630 - download.async_downloader - WARNING - 下载图片失败(可忽略): RuntimeError: cannot schedule new futures after shutdown (object=2435/1741745985_1741745564_610.jpg)
2026-01-12 17:29:44,659 - download.async_downloader - WARNING - 下载图片失败(可忽略): RuntimeError: cannot schedule new futures after shutdown (object=2435/1741746013_1741745616_630.jpg)
2026-01-12 17:29:44,661 - download.async_downloader - WARNING - 下载图片失败(可忽略): RuntimeError: cannot schedule new futures after shutdown (object=2435/1741746065_1741745661_710.jpg)
2026-01-12 17:29:44,690 - download.async_downloader - WARNING - 下载图片失败(可忽略): RuntimeError: cannot schedule new futures after shutdown (object=2435/1741746115_1741745711_730.jpg)
2026-01-12 17:29:44,720 - download.async_downloader - WARNING - 下载图片失败(可忽略): RuntimeError: cannot schedule new futures after shutdown (object=2435/1741760258_1741759863_4.jpg)
2026-01-12 17:29:44,750 - download.async_downloader - WARNING - 下载图片失败(可忽略): RuntimeError: cannot schedule new futures after shutdown (object=2435/1741760357_1741759895_5.jpg)
2026-01-12 17:29:44,781 - download.async_downloader - WARNING - 下载图片失败(可忽略): RuntimeError: cannot schedule new futures after shutdown (object=2435/1741760418_1741759953_610.jpg)
2026-01-12 17:29:44,803 - download.async_downloader - WARNING - 下载图片失败(可忽略): RuntimeError: cannot schedule new futures after shutdown (object=2435/1741760463_1741760005_630.jpg)
2026-01-12 17:29:44,832 - download.async_downloader - WARNING - 下载图片失败(可忽略): RuntimeError: cannot schedule new futures after shutdown (object=2435/1741760531_1741760053_710.jpg)
2026-01-12 17:29:44,832 - download.async_downloader - WARNING - 下载图片失败(可忽略): RuntimeError: cannot schedule new futures after shutdown (object=2435/1741760610_1741760107_730.jpg)
2026-01-12 17:29:44,860 - download.async_downloader - WARNING - 下载图片失败(可忽略): RuntimeError: cannot schedule new futures after shutdown (object=2435/1741767444_1741767063_4.jpg)
2026-01-12 17:29:44,891 - download.async_downloader - WARNING - 下载图片失败(可忽略): RuntimeError: cannot schedule new futures after shutdown (object=2435/1741767522_1741767098_5.jpg)
2026-01-12 17:29:44,923 - download.async_downloader - WARNING - 下载图片失败(可忽略): RuntimeError: cannot schedule new futures after shutdown (object=2435/1741767564_1741767164_610.jpg)
2026-01-12 17:29:44,954 - download.async_downloader - WARNING - 下载图片失败(可忽略): RuntimeError: cannot schedule new futures after shutdown (object=2435/1741767599_1741767215_630.jpg)
2026-01-12 17:29:44,984 - download.async_downloader - WARNING - 下载图片失败(可忽略): RuntimeError: cannot schedule new futures after shutdown (object=2435/1741767644_1741767263_710.jpg)
2026-01-12 17:29:45,015 - download.async_downloader - WARNING - 下载图片失败(可忽略): RuntimeError: cannot schedule new futures after shutdown (object=2435/1741767701_1741767315_730.jpg)
2026-01-12 17:29:45,046 - download.async_downloader - WARNING - 下载图片失败(可忽略): RuntimeError: cannot schedule new futures after shutdown (object=2435/1741832223_1741824663_4.jpg)
2026-01-12 17:29:45,076 - download.async_downloader - WARNING - 下载图片失败(可忽略): RuntimeError: cannot schedule new futures after shutdown (object=2435/1741832520_1741824697_5.jpg)
2026-01-12 17:29:45,109 - download.async_downloader - WARNING - 下载图片失败(可忽略): RuntimeError: cannot schedule new futures after shutdown (object=2435/1741846650_1741824697_5.jpg)
2026-01-12 17:29:45,140 - download.async_downloader - WARNING - 下载图片失败(可忽略): RuntimeError: cannot schedule new futures after shutdown (object=2435/1741846704_1741824761_610.jpg)
2026-01-12 17:29:45,171 - download.async_downloader - WARNING - 下载图片失败(可忽略): RuntimeError: cannot schedule new futures after shutdown (object=2435/1741846748_1741824811_630.jpg)
2026-01-12 17:29:45,203 - download.async_downloader - WARNING - 下载图片失败(可忽略): RuntimeError: cannot schedule new futures after shutdown (object=2435/1741846805_1741824859_710.jpg)
2026-01-12 17:29:45,234 - download.async_downloader - WARNING - 下载图片失败(可忽略): RuntimeError: cannot schedule new futures after shutdown (object=2435/1741846866_1741824910_730.jpg)
2026-01-12 17:29:45,265 - download.async_downloader - WARNING - 下载图片失败(可忽略): RuntimeError: cannot schedule new futures after shutdown (object=2435/1741846967_1741831863_4.jpg)
2026-01-12 17:29:45,296 - download.async_downloader - WARNING - 下载图片失败(可忽略): RuntimeError: cannot schedule new futures after shutdown (object=2435/1741847052_1741831893_5.jpg)
2026-01-12 17:29:45,328 - download.async_downloader - WARNING - 下载图片失败(可忽略): RuntimeError: cannot schedule new futures after shutdown (object=2435/1741847101_1741831952_610.jpg)
2026-01-12 17:29:45,358 - download.async_downloader - WARNING - 下载图片失败(可忽略): RuntimeError: cannot schedule new futures after shutdown (object=2435/1741847135_1741831999_630.jpg)
2026-01-12 17:29:45,382 - download.async_downloader - WARNING - 下载图片失败(可忽略): RuntimeError: cannot schedule new futures after shutdown (object=2435/1741847195_1741832044_710.jpg)
2026-01-12 17:29:45,413 - download.async_downloader - WARNING - 下载图片失败(可忽略): RuntimeError: cannot schedule new futures after shutdown (object=2435/1741847255_1741832095_730.jpg)
2026-01-12 17:29:45,444 - download.async_downloader - WARNING - 下载图片失败(可忽略): RuntimeError: cannot schedule new futures after shutdown (object=2435/1741847350_1741846263_4.jpg)
2026-01-12 17:29:45,475 - download.async_downloader - WARNING - 下载图片失败(可忽略): RuntimeError: cannot schedule new futures after shutdown (object=2435/1741847432_1741846291_5.jpg)
2026-01-12 17:29:45,500 - download.async_downloader - WARNING - 下载图片失败(可忽略): RuntimeError: cannot schedule new futures after shutdown (object=2435/1741847487_1741846349_610.jpg)
2026-01-12 17:29:45,531 - download.async_downloader - WARNING - 下载图片失败(可忽略): RuntimeError: cannot schedule new futures after shutdown (object=2435/1741847534_1741846409_630.jpg)
2026-01-12 17:29:45,563 - download.async_downloader - WARNING - 下载图片失败(可忽略): RuntimeError: cannot schedule new futures after shutdown (object=2435/1741853772_1741846409_630.jpg)
2026-01-12 17:29:45,592 - download.async_downloader - WARNING - 下载图片失败(可忽略): RuntimeError: cannot schedule new futures after shutdown (object=2435/1741853832_1741846456_710.jpg)
2026-01-12 17:29:45,625 - download.async_downloader - WARNING - 下载图片失败(可忽略): RuntimeError: cannot schedule new futures after shutdown (object=2435/1741853897_1741846507_730.jpg)
2026-01-12 17:29:45,656 - download.async_downloader - WARNING - 下载图片失败(可忽略): RuntimeError: cannot schedule new futures after shutdown (object=2435/1741853993_1741853463_4.jpg)
2026-01-12 17:29:45,687 - download.async_downloader - WARNING - 下载图片失败(可忽略): RuntimeError: cannot schedule new futures after shutdown (object=2435/1741854076_1741853492_5.jpg)
2026-01-12 17:29:45,718 - download.async_downloader - WARNING - 下载图片失败(可忽略): RuntimeError: cannot schedule new futures after shutdown (object=2435/1741854131_1741853549_610.jpg)
2026-01-12 17:29:45,749 - download.async_downloader - WARNING - 下载图片失败(可忽略): RuntimeError: cannot schedule new futures after shutdown (object=2435/1741854172_1741853599_630.jpg)
2026-01-12 17:29:45,782 - download.async_downloader - WARNING - 下载图片失败(可忽略): RuntimeError: cannot schedule new futures after shutdown (object=2435/1741854232_1741853646_710.jpg)
2026-01-12 17:29:45,811 - download.async_downloader - WARNING - 下载图片失败(可忽略): RuntimeError: cannot schedule new futures after shutdown (object=2435/1741854296_1741853698_730.jpg)
2026-01-12 17:29:45,842 - download.async_downloader - WARNING - 下载图片失败(可忽略): RuntimeError: cannot schedule new futures after shutdown (object=2435/1741911690_1741911064_4.jpg)
2026-01-12 17:29:45,872 - download.async_downloader - WARNING - 下载图片失败(可忽略): RuntimeError: cannot schedule new futures after shutdown (object=2435/1741911755_1741911091_5.jpg)
2026-01-12 17:29:45,902 - download.async_downloader - WARNING - 下载图片失败(可忽略): RuntimeError: cannot schedule new futures after shutdown (object=2435/1741911942_1741911148_610.jpg)
2026-01-12 17:29:45,933 - download.async_downloader - WARNING - 下载图片失败(可忽略): RuntimeError: cannot schedule new futures after shutdown (object=2435/1741911972_1741911197_630.jpg)
2026-01-12 17:29:45,965 - download.async_downloader - WARNING - 下载图片失败(可忽略): RuntimeError: cannot schedule new futures after shutdown (object=2435/1741912169_1741911243_710.jpg)
2026-01-12 17:29:45,997 - download.async_downloader - WARNING - 下载图片失败(可忽略): RuntimeError: cannot schedule new futures after shutdown (object=2435/1741912219_1741911294_730.jpg)
2026-01-12 17:29:46,032 - download.async_downloader - WARNING - 下载图片失败(可忽略): RuntimeError: cannot schedule new futures after shutdown (object=2435/1741918600_1741918263_4.jpg)
2026-01-12 17:29:46,060 - download.async_downloader - WARNING - 下载图片失败(可忽略): RuntimeError: cannot schedule new futures after shutdown (object=2435/1741918666_1741918291_5.jpg)
2026-01-12 17:29:46,094 - download.async_downloader - WARNING - 下载图片失败(可忽略): RuntimeError: cannot schedule new futures after shutdown (object=2435/1741918703_1741918349_610.jpg)
2026-01-12 17:29:46,125 - download.async_downloader - WARNING - 下载图片失败(可忽略): RuntimeError: cannot schedule new futures after shutdown (object=2435/1741918732_1741918398_630.jpg)
2026-01-12 17:29:46,157 - download.async_downloader - WARNING - 下载图片失败(可忽略): RuntimeError: cannot schedule new futures after shutdown (object=2435/1741918774_1741918443_710.jpg)
2026-01-12 17:29:46,188 - download.async_downloader - WARNING - 下载图片失败(可忽略): RuntimeError: cannot schedule new futures after shutdown (object=2435/1741918821_1741918494_730.jpg)
2026-01-12 17:29:46,219 - download.async_downloader - WARNING - 下载图片失败(可忽略): RuntimeError: cannot schedule new futures after shutdown (object=2435/1741933248_1741932663_4.jpg)
2026-01-12 17:29:46,250 - download.async_downloader - WARNING - 下载图片失败(可忽略): RuntimeError: cannot schedule new futures after shutdown (object=2435/1741933315_1741932691_5.jpg)
2026-01-12 17:29:46,281 - download.async_downloader - WARNING - 下载图片失败(可忽略): RuntimeError: cannot schedule new futures after shutdown (object=2435/1741933475_1741932748_610.jpg)
2026-01-12 17:29:46,311 - download.async_downloader - WARNING - 下载图片失败(可忽略): RuntimeError: cannot schedule new futures after shutdown (object=2435/1741933504_1741932797_630.jpg)
2026-01-12 17:29:46,348 - download.async_downloader - WARNING - 下载图片失败(可忽略): RuntimeError: cannot schedule new futures after shutdown (object=2435/1741933722_1741932852_710.jpg)
2026-01-12 17:29:46,375 - download.async_downloader - WARNING - 下载图片失败(可忽略): RuntimeError: cannot schedule new futures after shutdown (object=2435/1741933768_1741932903_730.jpg)
2026-01-12 17:29:46,406 - download.async_downloader - WARNING - 下载图片失败(可忽略): RuntimeError: cannot schedule new futures after shutdown (object=2435/1741997786_1741939863_4.jpg)
2026-01-12 17:29:46,437 - download.async_downloader - WARNING - 下载图片失败(可忽略): RuntimeError: cannot schedule new futures after shutdown (object=2435/1741997869_1741939890_5.jpg)
2026-01-12 17:29:46,472 - download.async_downloader - WARNING - 下载图片失败(可忽略): RuntimeError: cannot schedule new futures after shutdown (object=2435/1741997918_1741939948_610.jpg)
2026-01-12 17:29:46,500 - download.async_downloader - WARNING - 下载图片失败(可忽略): RuntimeError: cannot schedule new futures after shutdown (object=2435/1741997954_1741939997_630.jpg)
2026-01-12 17:29:46,531 - download.async_downloader - WARNING - 下载图片失败(可忽略): RuntimeError: cannot schedule new futures after shutdown (object=2435/1741998013_1741940042_710.jpg)
2026-01-12 17:29:46,562 - download.async_downloader - WARNING - 下载图片失败(可忽略): RuntimeError: cannot schedule new futures after shutdown (object=2435/1741998071_1741940093_730.jpg)
2026-01-12 17:29:46,593 - download.async_downloader - WARNING - 下载图片失败(可忽略): RuntimeError: cannot schedule new futures after shutdown (object=2435/1741998086_1741997463_4.jpg)
2026-01-12 17:29:46,624 - download.async_downloader - WARNING - 下载图片失败(可忽略): RuntimeError: cannot schedule new futures after shutdown (object=2435/1741998100_1741997469_5.jpg)
2026-01-12 17:29:46,655 - download.async_downloader - WARNING - 下载图片失败(可忽略): RuntimeError: cannot schedule new futures after shutdown (object=2435/1741998153_1741997508_610.jpg)
2026-01-12 17:29:46,686 - download.async_downloader - WARNING - 下载图片失败(可忽略): RuntimeError: cannot schedule new futures after shutdown (object=2435/1741998197_1741997558_630.jpg)
2026-01-12 17:29:46,716 - download.async_downloader - WARNING - 下载图片失败(可忽略): RuntimeError: cannot schedule new futures after shutdown (object=2435/1741998255_1741997605_710.jpg)
2026-01-12 17:29:46,738 - download.async_downloader - WARNING - 下载图片失败(可忽略): RuntimeError: cannot schedule new futures after shutdown (object=2435/1741998325_1741997656_730.jpg)
2026-01-12 17:29:46,739 - download.async_downloader - WARNING - 下载图片失败(可忽略): RuntimeError: cannot schedule new futures after shutdown (object=2435/1742019374_1742004664_4.jpg)
2026-01-12 17:29:46,768 - download.async_downloader - WARNING - 下载图片失败(可忽略): RuntimeError: cannot schedule new futures after shutdown (object=2435/1742019410_1742004675_5.jpg)
2026-01-12 17:29:46,770 - download.async_downloader - WARNING - 下载图片失败(可忽略): RuntimeError: cannot schedule new futures after shutdown (object=2435/1742019464_1742004720_610.jpg)
2026-01-12 17:29:46,799 - download.async_downloader - WARNING - 下载图片失败(可忽略): RuntimeError: cannot schedule new futures after shutdown (object=2435/1742019498_1742004770_630.jpg)
2026-01-12 17:29:46,828 - download.async_downloader - WARNING - 下载图片失败(可忽略): RuntimeError: cannot schedule new futures after shutdown (object=2435/1742019560_1742004815_710.jpg)
2026-01-12 17:29:46,859 - download.async_downloader - WARNING - 下载图片失败(可忽略): RuntimeError: cannot schedule new futures after shutdown (object=2435/1742019618_1742004867_730.jpg)
2026-01-12 17:29:46,890 - download.async_downloader - WARNING - 下载图片失败(可忽略): RuntimeError: cannot schedule new futures after shutdown (object=2435/1742019714_1742019063_4.jpg)
2026-01-12 17:29:46,921 - download.async_downloader - WARNING - 下载图片失败(可忽略): RuntimeError: cannot schedule new futures after shutdown (object=2435/1742019795_1742019091_5.jpg)
2026-01-12 17:29:46,943 - download.async_downloader - WARNING - 下载图片失败(可忽略): RuntimeError: cannot schedule new futures after shutdown (object=2435/1742019845_1742019149_610.jpg)
2026-01-12 17:29:46,973 - download.async_downloader - WARNING - 下载图片失败(可忽略): RuntimeError: cannot schedule new futures after shutdown (object=2435/1742019884_1742019197_630.jpg)
2026-01-12 17:29:47,006 - download.async_downloader - WARNING - 下载图片失败(可忽略): RuntimeError: cannot schedule new futures after shutdown (object=2435/1742019948_1742019243_710.jpg)
2026-01-12 17:29:47,028 - download.async_downloader - WARNING - 下载图片失败(可忽略): RuntimeError: cannot schedule new futures after shutdown (object=2435/1742020020_1742019296_730.jpg)
2026-01-12 17:29:47,062 - download.async_downloader - WARNING - 下载图片失败(可忽略): RuntimeError: cannot schedule new futures after shutdown (object=2435/1742026624_1742026263_4.jpg)
2026-01-12 17:29:47,086 - download.async_downloader - WARNING - 下载图片失败(可忽略): RuntimeError: cannot schedule new futures after shutdown (object=2435/1742026701_1742026297_5.jpg)
2026-01-12 17:29:47,116 - download.async_downloader - WARNING - 下载图片失败(可忽略): RuntimeError: cannot schedule new futures after shutdown (object=2435/1742026742_1742026353_610.jpg)
2026-01-12 17:29:47,153 - download.async_downloader - WARNING - 下载图片失败(可忽略): RuntimeError: cannot schedule new futures after shutdown (object=2435/1742026776_1742026401_630.jpg)
2026-01-12 17:29:47,185 - download.async_downloader - WARNING - 下载图片失败(可忽略): RuntimeError: cannot schedule new futures after shutdown (object=2435/1742026821_1742026447_710.jpg)
2026-01-12 17:29:47,195 - download.async_downloader - WARNING - 下载图片失败(可忽略): RuntimeError: cannot schedule new futures after shutdown (object=2435/1742026878_1742026498_730.jpg)
2026-01-12 17:29:47,231 - download.async_downloader - WARNING - 下载图片失败(可忽略): RuntimeError: cannot schedule new futures after shutdown (object=2435/1742084290_1742083864_4.jpg)
2026-01-12 17:29:47,262 - download.async_downloader - WARNING - 下载图片失败(可忽略): RuntimeError: cannot schedule new futures after shutdown (object=2435/1742084419_1742083902_5.jpg)
2026-01-12 17:29:47,292 - download.async_downloader - WARNING - 下载图片失败(可忽略): RuntimeError: cannot schedule new futures after shutdown (object=2435/1742084475_1742083972_610.jpg)
2026-01-12 17:29:47,331 - download.async_downloader - WARNING - 下载图片失败(可忽略): RuntimeError: cannot schedule new futures after shutdown (object=2435/1742084519_1742084023_630.jpg)
2026-01-12 17:29:47,332 - download.async_downloader - WARNING - 下载图片失败(可忽略): RuntimeError: cannot schedule new futures after shutdown (object=2435/1742084583_1742084070_710.jpg)
2026-01-12 17:29:47,360 - download.async_downloader - WARNING - 下载图片失败(可忽略): RuntimeError: cannot schedule new futures after shutdown (object=2435/1742084644_1742084123_730.jpg)
2026-01-12 17:29:47,390 - download.async_downloader - WARNING - 下载图片失败(可忽略): RuntimeError: cannot schedule new futures after shutdown (object=2435/1742091462_1742091063_4.jpg)
2026-01-12 17:29:47,413 - download.async_downloader - WARNING - 下载图片失败(可忽略): RuntimeError: cannot schedule new futures after shutdown (object=2435/1742091571_1742091097_5.jpg)
2026-01-12 17:29:47,441 - download.async_downloader - WARNING - 下载图片失败(可忽略): RuntimeError: cannot schedule new futures after shutdown (object=2435/1742091630_1742091162_610.jpg)
2026-01-12 17:29:47,445 - download.async_downloader - WARNING - 下载图片失败(可忽略): RuntimeError: cannot schedule new futures after shutdown (object=2435/1742091670_1742091213_630.jpg)
2026-01-12 17:29:47,478 - download.async_downloader - WARNING - 下载图片失败(可忽略): RuntimeError: cannot schedule new futures after shutdown (object=2435/1742091731_1742091259_710.jpg)
2026-01-12 17:29:47,504 - download.async_downloader - WARNING - 下载图片失败(可忽略): RuntimeError: cannot schedule new futures after shutdown (object=2435/1742091799_1742091311_730.jpg)
2026-01-12 17:29:47,536 - download.async_downloader - WARNING - 下载图片失败(可忽略): RuntimeError: cannot schedule new futures after shutdown (object=2435/1742105855_1742105463_4.jpg)
2026-01-12 17:29:47,566 - download.async_downloader - WARNING - 下载图片失败(可忽略): RuntimeError: cannot schedule new futures after shutdown (object=2435/1742105944_1742105495_5.jpg)
2026-01-12 17:29:47,570 - download.async_downloader - WARNING - 下载图片失败(可忽略): RuntimeError: cannot schedule new futures after shutdown (object=2435/1742106009_1742105555_610.jpg)
2026-01-12 17:29:47,593 - download.async_downloader - WARNING - 下载图片失败(可忽略): RuntimeError: cannot schedule new futures after shutdown (object=2435/1742106054_1742105608_630.jpg)
2026-01-12 17:29:47,626 - download.async_downloader - WARNING - 下载图片失败(可忽略): RuntimeError: cannot schedule new futures after shutdown (object=2435/1742106121_1742105655_710.jpg)
2026-01-12 17:29:47,629 - download.async_downloader - WARNING - 下载图片失败(可忽略): RuntimeError: cannot schedule new futures after shutdown (object=2435/1742106198_1742105707_730.jpg)
2026-01-12 17:29:47,656 - download.async_downloader - WARNING - 下载图片失败(可忽略): RuntimeError: cannot schedule new futures after shutdown (object=2435/1742113053_1742112663_4.jpg)
2026-01-12 17:29:47,661 - download.async_downloader - WARNING - 下载图片失败(可忽略): RuntimeError: cannot schedule new futures after shutdown (object=2435/1742113140_1742112699_5.jpg)
2026-01-12 17:29:47,702 - download.async_downloader - WARNING - 下载图片失败(可忽略): RuntimeError: cannot schedule new futures after shutdown (object=2435/1742113193_1742112766_610.jpg)
2026-01-12 17:29:47,707 - download.async_downloader - WARNING - 下载图片失败(可忽略): RuntimeError: cannot schedule new futures after shutdown (object=2435/1742113230_1742112820_630.jpg)
2026-01-12 17:29:47,733 - download.async_downloader - WARNING - 下载图片失败(可忽略): RuntimeError: cannot schedule new futures after shutdown (object=2435/1742113280_1742112868_710.jpg)
2026-01-12 17:29:47,764 - download.async_downloader - WARNING - 下载图片失败(可忽略): RuntimeError: cannot schedule new futures after shutdown (object=2435/1742113338_1742112919_730.jpg)
2026-01-12 17:29:47,787 - download.async_downloader - WARNING - 下载图片失败(可忽略): RuntimeError: cannot schedule new futures after shutdown (object=2435/1742170618_1742170263_4.jpg)
2026-01-12 17:29:47,818 - download.async_downloader - WARNING - 下载图片失败(可忽略): RuntimeError: cannot schedule new futures after shutdown (object=2435/1742170684_1742170294_5.jpg)
2026-01-12 17:29:47,849 - download.async_downloader - WARNING - 下载图片失败(可忽略): RuntimeError: cannot schedule new futures after shutdown (object=2435/1742170726_1742170355_610.jpg)
2026-01-12 17:29:47,880 - download.async_downloader - WARNING - 下载图片失败(可忽略): RuntimeError: cannot schedule new futures after shutdown (object=2435/1742170765_1742170406_630.jpg)
2026-01-12 17:29:47,907 - download.async_downloader - WARNING - 下载图片失败(可忽略): RuntimeError: cannot schedule new futures after shutdown (object=2435/1742170803_1742170455_710.jpg)
2026-01-12 17:29:47,937 - download.async_downloader - WARNING - 下载图片失败(可忽略): RuntimeError: cannot schedule new futures after shutdown (object=2435/1742170845_1742170506_730.jpg)
2026-01-12 17:29:47,973 - download.async_downloader - WARNING - 下载图片失败(可忽略): RuntimeError: cannot schedule new futures after shutdown (object=2435/1742177902_1742177463_4.jpg)
2026-01-12 17:29:47,999 - download.async_downloader - WARNING - 下载图片失败(可忽略): RuntimeError: cannot schedule new futures after shutdown (object=2435/1742177984_1742177490_5.jpg)
2026-01-12 17:29:48,031 - download.async_downloader - WARNING - 下载图片失败(可忽略): RuntimeError: cannot schedule new futures after shutdown (object=2435/1742178038_1742177647_630.jpg)
2026-01-12 17:29:48,066 - download.async_downloader - WARNING - 下载图片失败(可忽略): RuntimeError: cannot schedule new futures after shutdown (object=2435/1742178095_1742177730_710.jpg)
2026-01-12 17:29:48,067 - download.async_downloader - WARNING - 下载图片失败(可忽略): RuntimeError: cannot schedule new futures after shutdown (object=2435/1742178159_1742177781_730.jpg)
2026-01-12 17:29:48,103 - download.async_downloader - WARNING - 下载图片失败(可忽略): RuntimeError: cannot schedule new futures after shutdown (object=2435/1742192181_1742191863_4.jpg)
2026-01-12 17:29:48,140 - download.async_downloader - WARNING - 下载图片失败(可忽略): RuntimeError: cannot schedule new futures after shutdown (object=2435/1742192239_1742191887_5.jpg)
2026-01-12 17:29:48,170 - download.async_downloader - WARNING - 下载图片失败(可忽略): RuntimeError: cannot schedule new futures after shutdown (object=2435/1742192277_1742191939_610.jpg)
2026-01-12 17:29:48,203 - download.async_downloader - WARNING - 下载图片失败(可忽略): RuntimeError: cannot schedule new futures after shutdown (object=2435/1742192306_1742191988_630.jpg)
2026-01-12 17:29:48,238 - download.async_downloader - WARNING - 下载图片失败(可忽略): RuntimeError: cannot schedule new futures after shutdown (object=2435/1742192351_1742192034_710.jpg)
2026-01-12 17:29:48,269 - download.async_downloader - WARNING - 下载图片失败(可忽略): RuntimeError: cannot schedule new futures after shutdown (object=2435/1742192399_1742192086_730.jpg)
2026-01-12 17:29:48,271 - download.async_downloader - WARNING - 下载图片失败(可忽略): RuntimeError: cannot schedule new futures after shutdown (object=2435/1742199383_1742199063_4.jpg)
2026-01-12 17:29:48,300 - download.async_downloader - WARNING - 下载图片失败(可忽略): RuntimeError: cannot schedule new futures after shutdown (object=2435/1742199442_1742199084_5.jpg)
2026-01-12 17:29:48,328 - download.async_downloader - WARNING - 下载图片失败(可忽略): RuntimeError: cannot schedule new futures after shutdown (object=2435/1742199483_1742199136_610.jpg)
2026-01-12 17:29:48,359 - download.async_downloader - WARNING - 下载图片失败(可忽略): RuntimeError: cannot schedule new futures after shutdown (object=2435/1742199519_1742199183_630.jpg)
2026-01-12 17:29:48,390 - download.async_downloader - WARNING - 下载图片失败(可忽略): RuntimeError: cannot schedule new futures after shutdown (object=2435/1742199565_1742199229_710.jpg)
2026-01-12 17:29:48,421 - download.async_downloader - WARNING - 下载图片失败(可忽略): RuntimeError: cannot schedule new futures after shutdown (object=2435/1742199619_1742199288_730.jpg)
2026-01-12 17:29:48,453 - download.async_downloader - WARNING - 下载图片失败(可忽略): RuntimeError: cannot schedule new futures after shutdown (object=2435/1742257086_1742256663_4.jpg)
2026-01-12 17:29:48,484 - download.async_downloader - WARNING - 下载图片失败(可忽略): RuntimeError: cannot schedule new futures after shutdown (object=2435/1742257207_1742256700_5.jpg)
2026-01-12 17:29:48,515 - download.async_downloader - WARNING - 下载图片失败(可忽略): RuntimeError: cannot schedule new futures after shutdown (object=2435/1742257271_1742256768_610.jpg)
2026-01-12 17:29:48,546 - download.async_downloader - WARNING - 下载图片失败(可忽略): RuntimeError: cannot schedule new futures after shutdown (object=2435/1742257322_1742256821_630.jpg)
2026-01-12 17:29:48,577 - download.async_downloader - WARNING - 下载图片失败(可忽略): RuntimeError: cannot schedule new futures after shutdown (object=2435/1742257386_1742256871_710.jpg)
2026-01-12 17:29:48,611 - download.async_downloader - WARNING - 下载图片失败(可忽略): RuntimeError: cannot schedule new futures after shutdown (object=2435/1742257453_1742256924_730.jpg)
2026-01-12 17:29:48,642 - download.async_downloader - WARNING - 下载图片失败(可忽略): RuntimeError: cannot schedule new futures after shutdown (object=2435/1742264220_1742263863_4.jpg)
2026-01-12 17:29:48,671 - download.async_downloader - WARNING - 下载图片失败(可忽略): RuntimeError: cannot schedule new futures after shutdown (object=2435/1742264293_1742263893_5.jpg)
2026-01-12 17:29:48,702 - download.async_downloader - WARNING - 下载图片失败(可忽略): RuntimeError: cannot schedule new futures after shutdown (object=2435/1742264339_1742263955_610.jpg)
2026-01-12 17:29:48,733 - download.async_downloader - WARNING - 下载图片失败(可忽略): RuntimeError: cannot schedule new futures after shutdown (object=2435/1742264370_1742264006_630.jpg)
2026-01-12 17:29:48,764 - download.async_downloader - WARNING - 下载图片失败(可忽略): RuntimeError: cannot schedule new futures after shutdown (object=2435/1742264430_1742264051_710.jpg)
2026-01-12 17:29:48,796 - download.async_downloader - WARNING - 下载图片失败(可忽略): RuntimeError: cannot schedule new futures after shutdown (object=2435/1742264480_1742264104_730.jpg)
2026-01-12 17:29:48,827 - download.async_downloader - WARNING - 下载图片失败(可忽略): RuntimeError: cannot schedule new futures after shutdown (object=2435/1742278633_1742278263_4.jpg)
2026-01-12 17:29:48,857 - download.async_downloader - WARNING - 下载图片失败(可忽略): RuntimeError: cannot schedule new futures after shutdown (object=2435/1742278717_1742278290_5.jpg)
2026-01-12 17:29:48,887 - download.async_downloader - WARNING - 下载图片失败(可忽略): RuntimeError: cannot schedule new futures after shutdown (object=2435/1742278776_1742278348_610.jpg)
2026-01-12 17:29:48,918 - download.async_downloader - WARNING - 下载图片失败(可忽略): RuntimeError: cannot schedule new futures after shutdown (object=2435/1742278820_1742278400_630.jpg)
2026-01-12 17:29:48,949 - download.async_downloader - WARNING - 下载图片失败(可忽略): RuntimeError: cannot schedule new futures after shutdown (object=2435/1742278892_1742278448_710.jpg)
2026-01-12 17:29:48,980 - download.async_downloader - WARNING - 下载图片失败(可忽略): RuntimeError: cannot schedule new futures after shutdown (object=2435/1742278966_1742278504_730.jpg)
2026-01-12 17:29:49,010 - download.async_downloader - WARNING - 下载图片失败(可忽略): RuntimeError: cannot schedule new futures after shutdown (object=2435/1742285882_1742285463_4.jpg)
2026-01-12 17:29:49,041 - download.async_downloader - WARNING - 下载图片失败(可忽略): RuntimeError: cannot schedule new futures after shutdown (object=2435/1742285992_1742285493_5.jpg)
2026-01-12 17:29:49,072 - download.async_downloader - WARNING - 下载图片失败(可忽略): RuntimeError: cannot schedule new futures after shutdown (object=2435/1742286057_1742285558_610.jpg)
2026-01-12 17:29:49,102 - download.async_downloader - WARNING - 下载图片失败(可忽略): RuntimeError: cannot schedule new futures after shutdown (object=2435/1742286105_1742285621_630.jpg)
2026-01-12 17:29:49,133 - download.async_downloader - WARNING - 下载图片失败(可忽略): RuntimeError: cannot schedule new futures after shutdown (object=2435/1742286170_1742285669_710.jpg)
2026-01-12 17:29:49,163 - download.async_downloader - WARNING - 下载图片失败(可忽略): RuntimeError: cannot schedule new futures after shutdown (object=2435/1742286247_1742285722_730.jpg)
2026-01-12 17:29:49,194 - download.async_downloader - WARNING - 下载图片失败(可忽略): RuntimeError: cannot schedule new futures after shutdown (object=2435/1742343475_1742343064_4.jpg)
2026-01-12 17:29:49,225 - download.async_downloader - WARNING - 下载图片失败(可忽略): RuntimeError: cannot schedule new futures after shutdown (object=2435/1742343575_1742343101_5.jpg)
2026-01-12 17:29:49,256 - download.async_downloader - WARNING - 下载图片失败(可忽略): RuntimeError: cannot schedule new futures after shutdown (object=2435/1742343628_1742343169_610.jpg)
2026-01-12 17:29:49,287 - download.async_downloader - WARNING - 下载图片失败(可忽略): RuntimeError: cannot schedule new futures after shutdown (object=2435/1742343668_1742343222_630.jpg)
2026-01-12 17:29:49,318 - download.async_downloader - WARNING - 下载图片失败(可忽略): RuntimeError: cannot schedule new futures after shutdown (object=2435/1742343721_1742343271_710.jpg)
2026-01-12 17:29:49,348 - download.async_downloader - WARNING - 下载图片失败(可忽略): RuntimeError: cannot schedule new futures after shutdown (object=2435/1742343778_1742343334_730.jpg)
2026-01-12 17:29:49,379 - download.async_downloader - WARNING - 下载图片失败(可忽略): RuntimeError: cannot schedule new futures after shutdown (object=2435/1742350639_1742350263_4.jpg)
2026-01-12 17:29:49,411 - download.async_downloader - WARNING - 下载图片失败(可忽略): RuntimeError: cannot schedule new futures after shutdown (object=2435/1742350724_1742350297_5.jpg)
2026-01-12 17:29:49,440 - download.async_downloader - WARNING - 下载图片失败(可忽略): RuntimeError: cannot schedule new futures after shutdown (object=2435/1742350772_1742350361_610.jpg)
2026-01-12 17:29:49,444 - download.async_downloader - WARNING - 下载图片失败(可忽略): RuntimeError: cannot schedule new futures after shutdown (object=2435/1742350805_1742350413_630.jpg)
2026-01-12 17:29:49,470 - download.async_downloader - WARNING - 下载图片失败(可忽略): RuntimeError: cannot schedule new futures after shutdown (object=2435/1742350856_1742350460_710.jpg)
2026-01-12 17:29:49,501 - download.async_downloader - WARNING - 下载图片失败(可忽略): RuntimeError: cannot schedule new futures after shutdown (object=2435/1742350910_1742350514_730.jpg)
2026-01-12 17:29:49,531 - download.async_downloader - WARNING - 下载图片失败(可忽略): RuntimeError: cannot schedule new futures after shutdown (object=2435/1742365058_1742364664_4.jpg)
2026-01-12 17:29:49,562 - download.async_downloader - WARNING - 下载图片失败(可忽略): RuntimeError: cannot schedule new futures after shutdown (object=2435/1742365154_1742364696_5.jpg)
2026-01-12 17:29:49,592 - download.async_downloader - WARNING - 下载图片失败(可忽略): RuntimeError: cannot schedule new futures after shutdown (object=2435/1742365218_1742364757_610.jpg)
2026-01-12 17:29:49,622 - download.async_downloader - WARNING - 下载图片失败(可忽略): RuntimeError: cannot schedule new futures after shutdown (object=2435/1742365262_1742364811_630.jpg)
2026-01-12 17:29:49,653 - download.async_downloader - WARNING - 下载图片失败(可忽略): RuntimeError: cannot schedule new futures after shutdown (object=2435/1742365328_1742364859_710.jpg)
2026-01-12 17:29:49,683 - download.async_downloader - WARNING - 下载图片失败(可忽略): RuntimeError: cannot schedule new futures after shutdown (object=2435/1742365394_1742364913_730.jpg)
2026-01-12 17:29:49,714 - download.async_downloader - WARNING - 下载图片失败(可忽略): RuntimeError: cannot schedule new futures after shutdown (object=2435/1742372248_1742371863_4.jpg)
2026-01-12 17:29:49,745 - download.async_downloader - WARNING - 下载图片失败(可忽略): RuntimeError: cannot schedule new futures after shutdown (object=2435/1742372330_1742371897_5.jpg)
2026-01-12 17:29:49,775 - download.async_downloader - WARNING - 下载图片失败(可忽略): RuntimeError: cannot schedule new futures after shutdown (object=2435/1742372378_1742371960_610.jpg)
2026-01-12 17:29:49,805 - download.async_downloader - WARNING - 下载图片失败(可忽略): RuntimeError: cannot schedule new futures after shutdown (object=2435/1742372415_1742372013_630.jpg)
2026-01-12 17:29:49,836 - download.async_downloader - WARNING - 下载图片失败(可忽略): RuntimeError: cannot schedule new futures after shutdown (object=2435/1742372467_1742372061_710.jpg)
2026-01-12 17:29:49,866 - download.async_downloader - WARNING - 下载图片失败(可忽略): RuntimeError: cannot schedule new futures after shutdown (object=2435/1742372527_1742372115_730.jpg)
2026-01-12 17:29:49,898 - download.async_downloader - WARNING - 下载图片失败(可忽略): RuntimeError: cannot schedule new futures after shutdown (object=2435/1742429867_1742429463_4.jpg)
2026-01-12 17:29:49,928 - download.async_downloader - WARNING - 下载图片失败(可忽略): RuntimeError: cannot schedule new futures after shutdown (object=2435/1742429963_1742429501_5.jpg)
2026-01-12 17:29:49,959 - download.async_downloader - WARNING - 下载图片失败(可忽略): RuntimeError: cannot schedule new futures after shutdown (object=2435/1742430018_1742429569_610.jpg)
2026-01-12 17:29:49,988 - download.async_downloader - WARNING - 下载图片失败(可忽略): RuntimeError: cannot schedule new futures after shutdown (object=2435/1742430051_1742429623_630.jpg)
2026-01-12 17:29:49,990 - download.async_downloader - WARNING - 下载图片失败(可忽略): RuntimeError: cannot schedule new futures after shutdown (object=2435/1742430104_1742429670_710.jpg)
2026-01-12 17:29:50,018 - download.async_downloader - WARNING - 下载图片失败(可忽略): RuntimeError: cannot schedule new futures after shutdown (object=2435/1742430160_1742429722_730.jpg)
2026-01-12 17:29:50,033 - download.async_downloader - WARNING - 下载图片失败(可忽略): RuntimeError: cannot schedule new futures after shutdown (object=2435/1742437039_1742436663_4.jpg)
2026-01-12 17:29:50,063 - download.async_downloader - WARNING - 下载图片失败(可忽略): RuntimeError: cannot schedule new futures after shutdown (object=2435/1742437127_1742436694_5.jpg)
2026-01-12 17:29:50,093 - download.async_downloader - WARNING - 下载图片失败(可忽略): RuntimeError: cannot schedule new futures after shutdown (object=2435/1742437181_1742436753_610.jpg)
2026-01-12 17:29:50,126 - download.async_downloader - WARNING - 下载图片失败(可忽略): RuntimeError: cannot schedule new futures after shutdown (object=2435/1742437219_1742436803_630.jpg)
2026-01-12 17:29:50,155 - download.async_downloader - WARNING - 下载图片失败(可忽略): RuntimeError: cannot schedule new futures after shutdown (object=2435/1742437281_1742436850_710.jpg)
2026-01-12 17:29:50,186 - download.async_downloader - WARNING - 下载图片失败(可忽略): RuntimeError: cannot schedule new futures after shutdown (object=2435/1742437344_1742436903_730.jpg)
2026-01-12 17:29:50,218 - download.async_downloader - WARNING - 下载图片失败(可忽略): RuntimeError: cannot schedule new futures after shutdown (object=2435/1742451411_1742451063_4.jpg)
2026-01-12 17:29:50,248 - download.async_downloader - WARNING - 下载图片失败(可忽略): RuntimeError: cannot schedule new futures after shutdown (object=2435/1742451478_1742451091_5.jpg)
2026-01-12 17:29:50,278 - download.async_downloader - WARNING - 下载图片失败(可忽略): RuntimeError: cannot schedule new futures after shutdown (object=2435/1742451522_1742451149_610.jpg)
2026-01-12 17:29:50,309 - download.async_downloader - WARNING - 下载图片失败(可忽略): RuntimeError: cannot schedule new futures after shutdown (object=2435/1742451557_1742451200_630.jpg)
2026-01-12 17:29:50,339 - download.async_downloader - WARNING - 下载图片失败(可忽略): RuntimeError: cannot schedule new futures after shutdown (object=2435/1742451604_1742451248_710.jpg)
2026-01-12 17:29:50,369 - download.async_downloader - WARNING - 下载图片失败(可忽略): RuntimeError: cannot schedule new futures after shutdown (object=2435/1742451664_1742451301_730.jpg)
2026-01-12 17:29:50,399 - download.async_downloader - WARNING - 下载图片失败(可忽略): RuntimeError: cannot schedule new futures after shutdown (object=2435/1742516241_1742458264_4.jpg)
2026-01-12 17:29:50,431 - download.async_downloader - WARNING - 下载图片失败(可忽略): RuntimeError: cannot schedule new futures after shutdown (object=2435/1742516311_1742458299_5.jpg)
2026-01-12 17:29:50,461 - download.async_downloader - WARNING - 下载图片失败(可忽略): RuntimeError: cannot schedule new futures after shutdown (object=2435/1742516360_1742458360_610.jpg)
2026-01-12 17:29:50,495 - download.async_downloader - WARNING - 下载图片失败(可忽略): RuntimeError: cannot schedule new futures after shutdown (object=2435/1742516397_1742458412_630.jpg)
2026-01-12 17:29:50,522 - download.async_downloader - WARNING - 下载图片失败(可忽略): RuntimeError: cannot schedule new futures after shutdown (object=2435/1742516441_1742458461_710.jpg)
2026-01-12 17:29:50,554 - download.async_downloader - WARNING - 下载图片失败(可忽略): RuntimeError: cannot schedule new futures after shutdown (object=2435/1742516497_1742458512_730.jpg)
2026-01-12 17:29:50,582 - download.async_downloader - WARNING - 下载图片失败(可忽略): RuntimeError: cannot schedule new futures after shutdown (object=2435/1742516590_1742515864_4.jpg)
2026-01-12 17:29:50,583 - download.async_downloader - WARNING - 下载图片失败(可忽略): RuntimeError: cannot schedule new futures after shutdown (object=2435/1742516677_1742515899_5.jpg)
2026-01-12 17:29:50,612 - download.async_downloader - WARNING - 下载图片失败(可忽略): RuntimeError: cannot schedule new futures after shutdown (object=2435/1742516726_1742515965_610.jpg)
2026-01-12 17:29:50,642 - download.async_downloader - WARNING - 下载图片失败(可忽略): RuntimeError: cannot schedule new futures after shutdown (object=2435/1742516756_1742516017_630.jpg)
2026-01-12 17:29:50,672 - download.async_downloader - WARNING - 下载图片失败(可忽略): RuntimeError: cannot schedule new futures after shutdown (object=2435/1742516802_1742516063_710.jpg)
2026-01-12 17:29:50,702 - download.async_downloader - WARNING - 下载图片失败(可忽略): RuntimeError: cannot schedule new futures after shutdown (object=2435/1742516851_1742516113_730.jpg)
2026-01-12 17:29:50,732 - download.async_downloader - WARNING - 下载图片失败(可忽略): RuntimeError: cannot schedule new futures after shutdown (object=2435/1742523427_1742523063_4.jpg)
2026-01-12 17:29:50,763 - download.async_downloader - WARNING - 下载图片失败(可忽略): RuntimeError: cannot schedule new futures after shutdown (object=2435/1742523507_1742523092_5.jpg)
2026-01-12 17:29:50,793 - download.async_downloader - WARNING - 下载图片失败(可忽略): RuntimeError: cannot schedule new futures after shutdown (object=2435/1742523560_1742523149_610.jpg)
2026-01-12 17:29:50,823 - download.async_downloader - WARNING - 下载图片失败(可忽略): RuntimeError: cannot schedule new futures after shutdown (object=2435/1742523598_1742523199_630.jpg)
2026-01-12 17:29:50,854 - download.async_downloader - WARNING - 下载图片失败(可忽略): RuntimeError: cannot schedule new futures after shutdown (object=2435/1742523656_1742523244_710.jpg)
2026-01-12 17:29:50,884 - download.async_downloader - WARNING - 下载图片失败(可忽略): RuntimeError: cannot schedule new futures after shutdown (object=2435/1742523720_1742523296_730.jpg)
2026-01-12 17:29:50,915 - download.async_downloader - WARNING - 下载图片失败(可忽略): RuntimeError: cannot schedule new futures after shutdown (object=2435/1742537841_1742537463_4.jpg)
2026-01-12 17:29:50,945 - download.async_downloader - WARNING - 下载图片失败(可忽略): RuntimeError: cannot schedule new futures after shutdown (object=2435/1742537929_1742537488_5.jpg)
2026-01-12 17:29:50,974 - download.async_downloader - WARNING - 下载图片失败(可忽略): RuntimeError: cannot schedule new futures after shutdown (object=2435/1742537991_1742537546_610.jpg)
2026-01-12 17:29:51,005 - download.async_downloader - WARNING - 下载图片失败(可忽略): RuntimeError: cannot schedule new futures after shutdown (object=2435/1742538039_1742537598_630.jpg)
2026-01-12 17:29:51,035 - download.async_downloader - WARNING - 下载图片失败(可忽略): RuntimeError: cannot schedule new futures after shutdown (object=2435/1742538100_1742537646_710.jpg)
2026-01-12 17:29:51,065 - download.async_downloader - WARNING - 下载图片失败(可忽略): RuntimeError: cannot schedule new futures after shutdown (object=2435/1742538182_1742537698_730.jpg)
2026-01-12 17:29:51,067 - download.async_downloader - WARNING - 下载图片失败(可忽略): RuntimeError: cannot schedule new futures after shutdown (object=2435/1742545045_1742544663_4.jpg)
2026-01-12 17:29:51,096 - download.async_downloader - WARNING - 下载图片失败(可忽略): RuntimeError: cannot schedule new futures after shutdown (object=2435/1742545127_1742544694_5.jpg)
2026-01-12 17:29:51,126 - download.async_downloader - WARNING - 下载图片失败(可忽略): RuntimeError: cannot schedule new futures after shutdown (object=2435/1742545178_1742544757_610.jpg)
2026-01-12 17:29:51,157 - download.async_downloader - WARNING - 下载图片失败(可忽略): RuntimeError: cannot schedule new futures after shutdown (object=2435/1742545214_1742544809_630.jpg)
2026-01-12 17:29:51,187 - download.async_downloader - WARNING - 下载图片失败(可忽略): RuntimeError: cannot schedule new futures after shutdown (object=2435/1742545256_1742544856_710.jpg)
2026-01-12 17:29:51,218 - download.async_downloader - WARNING - 下载图片失败(可忽略): RuntimeError: cannot schedule new futures after shutdown (object=2435/1742545317_1742544903_730.jpg)
2026-01-12 17:29:51,248 - download.async_downloader - WARNING - 下载图片失败(可忽略): RuntimeError: cannot schedule new futures after shutdown (object=2435/1742602653_1742602263_4.jpg)
2026-01-12 17:29:51,279 - download.async_downloader - WARNING - 下载图片失败(可忽略): RuntimeError: cannot schedule new futures after shutdown (object=2435/1742602737_1742602296_5.jpg)
2026-01-12 17:29:51,310 - download.async_downloader - WARNING - 下载图片失败(可忽略): RuntimeError: cannot schedule new futures after shutdown (object=2435/1742602784_1742602364_610.jpg)
2026-01-12 17:29:51,339 - download.async_downloader - WARNING - 下载图片失败(可忽略): RuntimeError: cannot schedule new futures after shutdown (object=2435/1742602818_1742602417_630.jpg)
2026-01-12 17:29:51,370 - download.async_downloader - WARNING - 下载图片失败(可忽略): RuntimeError: cannot schedule new futures after shutdown (object=2435/1742602864_1742602464_710.jpg)
2026-01-12 17:29:51,400 - download.async_downloader - WARNING - 下载图片失败(可忽略): RuntimeError: cannot schedule new futures after shutdown (object=2435/1742602915_1742602516_730.jpg)
2026-01-12 17:29:51,431 - download.async_downloader - WARNING - 下载图片失败(可忽略): RuntimeError: cannot schedule new futures after shutdown (object=2435/1742609829_1742609464_4.jpg)
2026-01-12 17:29:51,463 - download.async_downloader - WARNING - 下载图片失败(可忽略): RuntimeError: cannot schedule new futures after shutdown (object=2435/1742609910_1742609498_5.jpg)
2026-01-12 17:29:51,491 - download.async_downloader - WARNING - 下载图片失败(可忽略): RuntimeError: cannot schedule new futures after shutdown (object=2435/1742609954_1742609556_610.jpg)
2026-01-12 17:29:51,521 - download.async_downloader - WARNING - 下载图片失败(可忽略): RuntimeError: cannot schedule new futures after shutdown (object=2435/1742609987_1742609607_630.jpg)
2026-01-12 17:29:51,552 - download.async_downloader - WARNING - 下载图片失败(可忽略): RuntimeError: cannot schedule new futures after shutdown (object=2435/1742610037_1742609653_710.jpg)
2026-01-12 17:29:51,585 - download.async_downloader - WARNING - 下载图片失败(可忽略): RuntimeError: cannot schedule new futures after shutdown (object=2435/1742610090_1742609703_730.jpg)
2026-01-12 17:29:51,613 - download.async_downloader - WARNING - 下载图片失败(可忽略): RuntimeError: cannot schedule new futures after shutdown (object=2435/1742624241_1742623863_4.jpg)
2026-01-12 17:29:51,644 - download.async_downloader - WARNING - 下载图片失败(可忽略): RuntimeError: cannot schedule new futures after shutdown (object=2435/1742624301_1742623897_5.jpg)
2026-01-12 17:29:51,645 - download.async_downloader - WARNING - 下载图片失败(可忽略): RuntimeError: cannot schedule new futures after shutdown (object=2435/1742624351_1742623954_610.jpg)
2026-01-12 17:29:51,675 - download.async_downloader - WARNING - 下载图片失败(可忽略): RuntimeError: cannot schedule new futures after shutdown (object=2435/1742624384_1742624006_630.jpg)
2026-01-12 17:29:51,705 - download.async_downloader - WARNING - 下载图片失败(可忽略): RuntimeError: cannot schedule new futures after shutdown (object=2435/1742624428_1742624053_710.jpg)
2026-01-12 17:29:51,734 - download.async_downloader - WARNING - 下载图片失败(可忽略): RuntimeError: cannot schedule new futures after shutdown (object=2435/1742624488_1742624112_730.jpg)
2026-01-12 17:29:51,765 - download.async_downloader - WARNING - 下载图片失败(可忽略): RuntimeError: cannot schedule new futures after shutdown (object=2435/1742631485_1742631063_4.jpg)
2026-01-12 17:29:51,795 - download.async_downloader - WARNING - 下载图片失败(可忽略): RuntimeError: cannot schedule new futures after shutdown (object=2435/1742631578_1742631100_5.jpg)
2026-01-12 17:29:51,825 - download.async_downloader - WARNING - 下载图片失败(可忽略): RuntimeError: cannot schedule new futures after shutdown (object=2435/1742631638_1742631160_610.jpg)
2026-01-12 17:29:51,857 - download.async_downloader - WARNING - 下载图片失败(可忽略): RuntimeError: cannot schedule new futures after shutdown (object=2435/1742631680_1742631212_630.jpg)
2026-01-12 17:29:51,887 - download.async_downloader - WARNING - 下载图片失败(可忽略): RuntimeError: cannot schedule new futures after shutdown (object=2435/1742631735_1742631259_710.jpg)
2026-01-12 17:29:51,918 - download.async_downloader - WARNING - 下载图片失败(可忽略): RuntimeError: cannot schedule new futures after shutdown (object=2435/1742631806_1742631319_730.jpg)
2026-01-12 17:29:51,949 - download.async_downloader - WARNING - 下载图片失败(可忽略): RuntimeError: cannot schedule new futures after shutdown (object=2435/1742689064_1742688663_4.jpg)
2026-01-12 17:29:51,979 - download.async_downloader - WARNING - 下载图片失败(可忽略): RuntimeError: cannot schedule new futures after shutdown (object=2435/1742689161_1742688698_5.jpg)
2026-01-12 17:29:52,010 - download.async_downloader - WARNING - 下载图片失败(可忽略): RuntimeError: cannot schedule new futures after shutdown (object=2435/1742689217_1742688761_610.jpg)
2026-01-12 17:29:52,040 - download.async_downloader - WARNING - 下载图片失败(可忽略): RuntimeError: cannot schedule new futures after shutdown (object=2435/1742689255_1742688820_630.jpg)
2026-01-12 17:29:52,070 - download.async_downloader - WARNING - 下载图片失败(可忽略): RuntimeError: cannot schedule new futures after shutdown (object=2435/1742689310_1742688866_710.jpg)
2026-01-12 17:29:52,100 - download.async_downloader - WARNING - 下载图片失败(可忽略): RuntimeError: cannot schedule new futures after shutdown (object=2435/1742689369_1742688917_730.jpg)
2026-01-12 17:29:52,131 - download.async_downloader - WARNING - 下载图片失败(可忽略): RuntimeError: cannot schedule new futures after shutdown (object=2435/1742696225_1742695863_4.jpg)
2026-01-12 17:29:52,161 - download.async_downloader - WARNING - 下载图片失败(可忽略): RuntimeError: cannot schedule new futures after shutdown (object=2435/1742696299_1742695896_5.jpg)
2026-01-12 17:29:52,191 - download.async_downloader - WARNING - 下载图片失败(可忽略): RuntimeError: cannot schedule new futures after shutdown (object=2435/1742696345_1742695952_610.jpg)
2026-01-12 17:29:52,192 - download.async_downloader - WARNING - 下载图片失败(可忽略): RuntimeError: cannot schedule new futures after shutdown (object=2435/1742696378_1742696002_630.jpg)
2026-01-12 17:29:52,222 - download.async_downloader - WARNING - 下载图片失败(可忽略): RuntimeError: cannot schedule new futures after shutdown (object=2435/1742696425_1742696049_710.jpg)
2026-01-12 17:29:52,223 - download.async_downloader - WARNING - 下载图片失败(可忽略): RuntimeError: cannot schedule new futures after shutdown (object=2435/1742696477_1742696100_730.jpg)
2026-01-12 17:29:52,253 - download.async_downloader - WARNING - 下载图片失败(可忽略): RuntimeError: cannot schedule new futures after shutdown (object=2435/1742710625_1742710264_4.jpg)
2026-01-12 17:29:52,254 - download.async_downloader - WARNING - 下载图片失败(可忽略): RuntimeError: cannot schedule new futures after shutdown (object=2435/1742710693_1742710296_5.jpg)
2026-01-12 17:29:52,283 - download.async_downloader - WARNING - 下载图片失败(可忽略): RuntimeError: cannot schedule new futures after shutdown (object=2435/1742710741_1742710354_610.jpg)
2026-01-12 17:29:52,314 - download.async_downloader - WARNING - 下载图片失败(可忽略): RuntimeError: cannot schedule new futures after shutdown (object=2435/1742710777_1742710405_630.jpg)
2026-01-12 17:29:52,344 - download.async_downloader - WARNING - 下载图片失败(可忽略): RuntimeError: cannot schedule new futures after shutdown (object=2435/1742710823_1742710452_710.jpg)
2026-01-12 17:29:52,375 - download.async_downloader - WARNING - 下载图片失败(可忽略): RuntimeError: cannot schedule new futures after shutdown (object=2435/1742710878_1742710501_730.jpg)
2026-01-12 17:29:52,406 - download.async_downloader - WARNING - 下载图片失败(可忽略): RuntimeError: cannot schedule new futures after shutdown (object=2435/1742717820_1742717463_4.jpg)
2026-01-12 17:29:52,436 - download.async_downloader - WARNING - 下载图片失败(可忽略): RuntimeError: cannot schedule new futures after shutdown (object=2435/1742717883_1742717497_5.jpg)
2026-01-12 17:29:52,468 - download.async_downloader - WARNING - 下载图片失败(可忽略): RuntimeError: cannot schedule new futures after shutdown (object=2435/1742717924_1742717556_610.jpg)
2026-01-12 17:29:52,498 - download.async_downloader - WARNING - 下载图片失败(可忽略): RuntimeError: cannot schedule new futures after shutdown (object=2435/1742717954_1742717604_630.jpg)
2026-01-12 17:29:52,529 - download.async_downloader - WARNING - 下载图片失败(可忽略): RuntimeError: cannot schedule new futures after shutdown (object=2435/1742717990_1742717651_710.jpg)
2026-01-12 17:29:52,561 - download.async_downloader - WARNING - 下载图片失败(可忽略): RuntimeError: cannot schedule new futures after shutdown (object=2435/1742718036_1742717700_730.jpg)
2026-01-12 17:29:52,591 - download.async_downloader - WARNING - 下载图片失败(可忽略): RuntimeError: cannot schedule new futures after shutdown (object=2435/1742775470_1742775063_4.jpg)
2026-01-12 17:29:52,622 - download.async_downloader - WARNING - 下载图片失败(可忽略): RuntimeError: cannot schedule new futures after shutdown (object=2435/1742775587_1742775101_5.jpg)
2026-01-12 17:29:52,653 - download.async_downloader - WARNING - 下载图片失败(可忽略): RuntimeError: cannot schedule new futures after shutdown (object=2435/1742775643_1742775165_610.jpg)
2026-01-12 17:29:52,683 - download.async_downloader - WARNING - 下载图片失败(可忽略): RuntimeError: cannot schedule new futures after shutdown (object=2435/1742775682_1742775213_630.jpg)
2026-01-12 17:29:52,712 - download.async_downloader - WARNING - 下载图片失败(可忽略): RuntimeError: cannot schedule new futures after shutdown (object=2435/1742775738_1742775261_710.jpg)
2026-01-12 17:29:52,743 - download.async_downloader - WARNING - 下载图片失败(可忽略): RuntimeError: cannot schedule new futures after shutdown (object=2435/1742775797_1742775312_730.jpg)
2026-01-12 17:29:52,773 - download.async_downloader - WARNING - 下载图片失败(可忽略): RuntimeError: cannot schedule new futures after shutdown (object=2435/1742782645_1742782263_4.jpg)
2026-01-12 17:29:52,804 - download.async_downloader - WARNING - 下载图片失败(可忽略): RuntimeError: cannot schedule new futures after shutdown (object=2435/1742782722_1742782299_5.jpg)
2026-01-12 17:29:52,835 - download.async_downloader - WARNING - 下载图片失败(可忽略): RuntimeError: cannot schedule new futures after shutdown (object=2435/1742782771_1742782362_610.jpg)
2026-01-12 17:29:52,865 - download.async_downloader - WARNING - 下载图片失败(可忽略): RuntimeError: cannot schedule new futures after shutdown (object=2435/1742782804_1742782415_630.jpg)
2026-01-12 17:29:52,895 - download.async_downloader - WARNING - 下载图片失败(可忽略): RuntimeError: cannot schedule new futures after shutdown (object=2435/1742782855_1742782462_710.jpg)
2026-01-12 17:29:52,925 - download.async_downloader - WARNING - 下载图片失败(可忽略): RuntimeError: cannot schedule new futures after shutdown (object=2435/1742782909_1742782516_730.jpg)
2026-01-12 17:29:52,956 - download.async_downloader - WARNING - 下载图片失败(可忽略): RuntimeError: cannot schedule new futures after shutdown (object=2435/1742797044_1742796663_4.jpg)
2026-01-12 17:29:52,987 - download.async_downloader - WARNING - 下载图片失败(可忽略): RuntimeError: cannot schedule new futures after shutdown (object=2435/1742797126_1742796694_5.jpg)
2026-01-12 17:29:53,017 - download.async_downloader - WARNING - 下载图片失败(可忽略): RuntimeError: cannot schedule new futures after shutdown (object=2435/1742797184_1742796751_610.jpg)
2026-01-12 17:29:53,047 - download.async_downloader - WARNING - 下载图片失败(可忽略): RuntimeError: cannot schedule new futures after shutdown (object=2435/1742797229_1742796802_630.jpg)
2026-01-12 17:29:53,079 - download.async_downloader - WARNING - 下载图片失败(可忽略): RuntimeError: cannot schedule new futures after shutdown (object=2435/1742797284_1742796850_710.jpg)
2026-01-12 17:29:53,089 - download.async_downloader - WARNING - 下载图片失败(可忽略): RuntimeError: cannot schedule new futures after shutdown (object=2435/1742797353_1742796900_730.jpg)
2026-01-12 17:29:53,124 - download.async_downloader - WARNING - 下载图片失败(可忽略): RuntimeError: cannot schedule new futures after shutdown (object=2435/1742804212_1742803863_4.jpg)
2026-01-12 17:29:53,154 - download.async_downloader - WARNING - 下载图片失败(可忽略): RuntimeError: cannot schedule new futures after shutdown (object=2435/1742804272_1742803893_5.jpg)
2026-01-12 17:29:53,184 - download.async_downloader - WARNING - 下载图片失败(可忽略): RuntimeError: cannot schedule new futures after shutdown (object=2435/1742804312_1742803950_610.jpg)
2026-01-12 17:29:53,214 - download.async_downloader - WARNING - 下载图片失败(可忽略): RuntimeError: cannot schedule new futures after shutdown (object=2435/1742804342_1742803998_630.jpg)
2026-01-12 17:29:53,244 - download.async_downloader - WARNING - 下载图片失败(可忽略): RuntimeError: cannot schedule new futures after shutdown (object=2435/1742804384_1742804045_710.jpg)
2026-01-12 17:29:53,275 - download.async_downloader - WARNING - 下载图片失败(可忽略): RuntimeError: cannot schedule new futures after shutdown (object=2435/1742804431_1742804094_730.jpg)
2026-01-12 17:29:53,305 - download.async_downloader - WARNING - 下载图片失败(可忽略): RuntimeError: cannot schedule new futures after shutdown (object=2435/1742861790_1742861463_4.jpg)
2026-01-12 17:29:53,336 - download.async_downloader - WARNING - 下载图片失败(可忽略): RuntimeError: cannot schedule new futures after shutdown (object=2435/1742861857_1742861488_5.jpg)
2026-01-12 17:29:53,366 - download.async_downloader - WARNING - 下载图片失败(可忽略): RuntimeError: cannot schedule new futures after shutdown (object=2435/1742861894_1742861543_610.jpg)
2026-01-12 17:29:53,397 - download.async_downloader - WARNING - 下载图片失败(可忽略): RuntimeError: cannot schedule new futures after shutdown (object=2435/1742861923_1742861589_630.jpg)
2026-01-12 17:29:53,427 - download.async_downloader - WARNING - 下载图片失败(可忽略): RuntimeError: cannot schedule new futures after shutdown (object=2435/1742861963_1742861633_710.jpg)
2026-01-12 17:29:53,458 - download.async_downloader - WARNING - 下载图片失败(可忽略): RuntimeError: cannot schedule new futures after shutdown (object=2435/1742862007_1742861680_730.jpg)
2026-01-12 17:29:53,488 - download.async_downloader - WARNING - 下载图片失败(可忽略): RuntimeError: cannot schedule new futures after shutdown (object=2435/1742868999_1742868663_4.jpg)
2026-01-12 17:29:53,503 - download.async_downloader - WARNING - 下载图片失败(可忽略): RuntimeError: cannot schedule new futures after shutdown (object=2435/1742869060_1742868688_5.jpg)
2026-01-12 17:29:53,518 - download.async_downloader - WARNING - 下载图片失败(可忽略): RuntimeError: cannot schedule new futures after shutdown (object=2435/1742869099_1742868745_610.jpg)
2026-01-12 17:29:53,533 - download.async_downloader - WARNING - 下载图片失败(可忽略): RuntimeError: cannot schedule new futures after shutdown (object=2435/1742869125_1742868795_630.jpg)
2026-01-12 17:29:53,563 - download.async_downloader - WARNING - 下载图片失败(可忽略): RuntimeError: cannot schedule new futures after shutdown (object=2435/1742869166_1742868840_710.jpg)
2026-01-12 17:29:53,593 - download.async_downloader - WARNING - 下载图片失败(可忽略): RuntimeError: cannot schedule new futures after shutdown (object=2435/1742869213_1742868890_730.jpg)
2026-01-12 17:29:53,623 - download.async_downloader - WARNING - 下载图片失败(可忽略): RuntimeError: cannot schedule new futures after shutdown (object=2435/1742883719_1742883063_4.jpg)
2026-01-12 17:29:53,654 - download.async_downloader - WARNING - 下载图片失败(可忽略): RuntimeError: cannot schedule new futures after shutdown (object=2435/1742883775_1742883094_5.jpg)
2026-01-12 17:29:53,684 - download.async_downloader - WARNING - 下载图片失败(可忽略): RuntimeError: cannot schedule new futures after shutdown (object=2435/1742883812_1742883149_610.jpg)
2026-01-12 17:29:53,714 - download.async_downloader - WARNING - 下载图片失败(可忽略): RuntimeError: cannot schedule new futures after shutdown (object=2435/1742883839_1742883200_630.jpg)
2026-01-12 17:29:53,749 - download.async_downloader - WARNING - 下载图片失败(可忽略): RuntimeError: cannot schedule new futures after shutdown (object=2435/1742883882_1742883246_710.jpg)
2026-01-12 17:29:53,775 - download.async_downloader - WARNING - 下载图片失败(可忽略): RuntimeError: cannot schedule new futures after shutdown (object=2435/1742883926_1742883300_730.jpg)
2026-01-12 17:29:53,806 - download.async_downloader - WARNING - 下载图片失败(可忽略): RuntimeError: cannot schedule new futures after shutdown (object=2435/1742890662_1742890263_4.jpg)
2026-01-12 17:29:53,837 - download.async_downloader - WARNING - 下载图片失败(可忽略): RuntimeError: cannot schedule new futures after shutdown (object=2435/1742890762_1742890295_5.jpg)
2026-01-12 17:29:53,867 - download.async_downloader - WARNING - 下载图片失败(可忽略): RuntimeError: cannot schedule new futures after shutdown (object=2435/1742890815_1742890360_610.jpg)
2026-01-12 17:29:53,897 - download.async_downloader - WARNING - 下载图片失败(可忽略): RuntimeError: cannot schedule new futures after shutdown (object=2435/1742890853_1742890411_630.jpg)
2026-01-12 17:29:53,928 - download.async_downloader - WARNING - 下载图片失败(可忽略): RuntimeError: cannot schedule new futures after shutdown (object=2435/1742890902_1742890458_710.jpg)
2026-01-12 17:29:53,957 - download.async_downloader - WARNING - 下载图片失败(可忽略): RuntimeError: cannot schedule new futures after shutdown (object=2435/1742890954_1742890507_730.jpg)
2026-01-12 17:29:53,988 - download.async_downloader - WARNING - 下载图片失败(可忽略): RuntimeError: cannot schedule new futures after shutdown (object=2435/1742948191_1742947863_4.jpg)
2026-01-12 17:29:54,003 - download.async_downloader - WARNING - 下载图片失败(可忽略): RuntimeError: cannot schedule new futures after shutdown (object=2435/1742948249_1742947891_5.jpg)
2026-01-12 17:29:54,018 - download.async_downloader - WARNING - 下载图片失败(可忽略): RuntimeError: cannot schedule new futures after shutdown (object=2435/1742948282_1742947947_610.jpg)
2026-01-12 17:29:54,048 - download.async_downloader - WARNING - 下载图片失败(可忽略): RuntimeError: cannot schedule new futures after shutdown (object=2435/1742948304_1742947994_630.jpg)
2026-01-12 17:29:54,078 - download.async_downloader - WARNING - 下载图片失败(可忽略): RuntimeError: cannot schedule new futures after shutdown (object=2435/1742948344_1742948037_710.jpg)
2026-01-12 17:29:54,109 - download.async_downloader - WARNING - 下载图片失败(可忽略): RuntimeError: cannot schedule new futures after shutdown (object=2435/1742948378_1742948086_730.jpg)
2026-01-12 17:29:54,140 - download.async_downloader - WARNING - 下载图片失败(可忽略): RuntimeError: cannot schedule new futures after shutdown (object=2435/1742955447_1742955063_4.jpg)
2026-01-12 17:29:54,170 - download.async_downloader - WARNING - 下载图片失败(可忽略): RuntimeError: cannot schedule new futures after shutdown (object=2435/1742955536_1742955095_5.jpg)
2026-01-12 17:29:54,201 - download.async_downloader - WARNING - 下载图片失败(可忽略): RuntimeError: cannot schedule new futures after shutdown (object=2435/1742955587_1742955154_610.jpg)
2026-01-12 17:29:54,232 - download.async_downloader - WARNING - 下载图片失败(可忽略): RuntimeError: cannot schedule new futures after shutdown (object=2435/1742955620_1742955202_630.jpg)
2026-01-12 17:29:54,261 - download.async_downloader - WARNING - 下载图片失败(可忽略): RuntimeError: cannot schedule new futures after shutdown (object=2435/1742955675_1742955255_710.jpg)
2026-01-12 17:29:54,292 - download.async_downloader - WARNING - 下载图片失败(可忽略): RuntimeError: cannot schedule new futures after shutdown (object=2435/1742955729_1742955305_730.jpg)
2026-01-12 17:29:54,321 - download.async_downloader - WARNING - 下载图片失败(可忽略): RuntimeError: cannot schedule new futures after shutdown (object=2435/1742969804_1742969463_4.jpg)
2026-01-12 17:29:54,351 - download.async_downloader - WARNING - 下载图片失败(可忽略): RuntimeError: cannot schedule new futures after shutdown (object=2435/1742969862_1742969493_5.jpg)
2026-01-12 17:29:54,381 - download.async_downloader - WARNING - 下载图片失败(可忽略): RuntimeError: cannot schedule new futures after shutdown (object=2435/1742969897_1742969550_610.jpg)
2026-01-12 17:29:54,411 - download.async_downloader - WARNING - 下载图片失败(可忽略): RuntimeError: cannot schedule new futures after shutdown (object=2435/1742969924_1742969598_630.jpg)
2026-01-12 17:29:54,442 - download.async_downloader - WARNING - 下载图片失败(可忽略): RuntimeError: cannot schedule new futures after shutdown (object=2435/1742969969_1742969643_710.jpg)
2026-01-12 17:29:54,473 - download.async_downloader - WARNING - 下载图片失败(可忽略): RuntimeError: cannot schedule new futures after shutdown (object=2435/1742970009_1742969692_730.jpg)
2026-01-12 17:29:54,488 - download.async_downloader - WARNING - 下载图片失败(可忽略): RuntimeError: cannot schedule new futures after shutdown (object=2435/1742976977_1742976663_4.jpg)
2026-01-12 17:29:54,519 - download.async_downloader - WARNING - 下载图片失败(可忽略): RuntimeError: cannot schedule new futures after shutdown (object=2435/1742977028_1742976689_5.jpg)
2026-01-12 17:29:54,535 - download.async_downloader - WARNING - 下载图片失败(可忽略): RuntimeError: cannot schedule new futures after shutdown (object=2435/1742977058_1742976743_610.jpg)
2026-01-12 17:29:54,549 - download.async_downloader - WARNING - 下载图片失败(可忽略): RuntimeError: cannot schedule new futures after shutdown (object=2435/1742977082_1742976789_630.jpg)
2026-01-12 17:29:54,580 - download.async_downloader - WARNING - 下载图片失败(可忽略): RuntimeError: cannot schedule new futures after shutdown (object=2435/1742977115_1742976833_710.jpg)
2026-01-12 17:29:54,612 - download.async_downloader - WARNING - 下载图片失败(可忽略): RuntimeError: cannot schedule new futures after shutdown (object=2435/1742977154_1742976880_730.jpg)
2026-01-12 17:29:54,642 - download.async_downloader - WARNING - 下载图片失败(可忽略): RuntimeError: cannot schedule new futures after shutdown (object=2435/1743034603_1743034264_4.jpg)
2026-01-12 17:29:54,672 - download.async_downloader - WARNING - 下载图片失败(可忽略): RuntimeError: cannot schedule new futures after shutdown (object=2435/1743034678_1743034289_5.jpg)
2026-01-12 17:29:54,702 - download.async_downloader - WARNING - 下载图片失败(可忽略): RuntimeError: cannot schedule new futures after shutdown (object=2435/1743034721_1743034345_610.jpg)
2026-01-12 17:29:54,733 - download.async_downloader - WARNING - 下载图片失败(可忽略): RuntimeError: cannot schedule new futures after shutdown (object=2435/1743034751_1743034391_630.jpg)
2026-01-12 17:29:54,763 - download.async_downloader - WARNING - 下载图片失败(可忽略): RuntimeError: cannot schedule new futures after shutdown (object=2435/1743034797_1743034435_710.jpg)
2026-01-12 17:29:54,793 - download.async_downloader - WARNING - 下载图片失败(可忽略): RuntimeError: cannot schedule new futures after shutdown (object=2435/1743034844_1743034482_730.jpg)
2026-01-12 17:29:54,823 - download.async_downloader - WARNING - 下载图片失败(可忽略): RuntimeError: cannot schedule new futures after shutdown (object=2435/1743041788_1743041463_4.jpg)
2026-01-12 17:29:54,854 - download.async_downloader - WARNING - 下载图片失败(可忽略): RuntimeError: cannot schedule new futures after shutdown (object=2435/1743041849_1743041491_5.jpg)
2026-01-12 17:29:54,885 - download.async_downloader - WARNING - 下载图片失败(可忽略): RuntimeError: cannot schedule new futures after shutdown (object=2435/1743041883_1743041548_610.jpg)
2026-01-12 17:29:54,916 - download.async_downloader - WARNING - 下载图片失败(可忽略): RuntimeError: cannot schedule new futures after shutdown (object=2435/1743041917_1743041596_630.jpg)
2026-01-12 17:29:54,946 - download.async_downloader - WARNING - 下载图片失败(可忽略): RuntimeError: cannot schedule new futures after shutdown (object=2435/1743041960_1743041644_710.jpg)
2026-01-12 17:29:54,976 - download.async_downloader - WARNING - 下载图片失败(可忽略): RuntimeError: cannot schedule new futures after shutdown (object=2435/1743041975_1743041695_730.jpg)
2026-01-12 17:29:55,007 - download.async_downloader - WARNING - 下载图片失败(可忽略): RuntimeError: cannot schedule new futures after shutdown (object=2435/1743056186_1743055864_4.jpg)
2026-01-12 17:29:55,037 - download.async_downloader - WARNING - 下载图片失败(可忽略): RuntimeError: cannot schedule new futures after shutdown (object=2435/1743056499_1743055888_5.jpg)
2026-01-12 17:29:55,067 - download.async_downloader - WARNING - 下载图片失败(可忽略): RuntimeError: cannot schedule new futures after shutdown (object=2435/1743056530_1743055944_610.jpg)
2026-01-12 17:29:55,098 - download.async_downloader - WARNING - 下载图片失败(可忽略): RuntimeError: cannot schedule new futures after shutdown (object=2435/1743056553_1743055992_630.jpg)
2026-01-12 17:29:55,128 - download.async_downloader - WARNING - 下载图片失败(可忽略): RuntimeError: cannot schedule new futures after shutdown (object=2435/1743056590_1743056037_710.jpg)
2026-01-12 17:29:55,143 - download.async_downloader - WARNING - 下载图片失败(可忽略): RuntimeError: cannot schedule new futures after shutdown (object=2435/1743056630_1743056087_730.jpg)
2026-01-12 17:29:55,173 - download.async_downloader - WARNING - 下载图片失败(可忽略): RuntimeError: cannot schedule new futures after shutdown (object=2435/1743063415_1743063063_4.jpg)
2026-01-12 17:29:55,204 - download.async_downloader - WARNING - 下载图片失败(可忽略): RuntimeError: cannot schedule new futures after shutdown (object=2435/1743063707_1743063094_5.jpg)
2026-01-12 17:29:55,235 - download.async_downloader - WARNING - 下载图片失败(可忽略): RuntimeError: cannot schedule new futures after shutdown (object=2435/1743063738_1743063154_610.jpg)
2026-01-12 17:29:55,265 - download.async_downloader - WARNING - 下载图片失败(可忽略): RuntimeError: cannot schedule new futures after shutdown (object=2435/1743063761_1743063202_630.jpg)
2026-01-12 17:29:55,296 - download.async_downloader - WARNING - 下载图片失败(可忽略): RuntimeError: cannot schedule new futures after shutdown (object=2435/1743063794_1743063246_710.jpg)
2026-01-12 17:29:55,326 - download.async_downloader - WARNING - 下载图片失败(可忽略): RuntimeError: cannot schedule new futures after shutdown (object=2435/1743120964_1743063295_730.jpg)
2026-01-12 17:29:55,355 - download.async_downloader - WARNING - 下载图片失败(可忽略): RuntimeError: cannot schedule new futures after shutdown (object=2435/1743121045_1743120664_4.jpg)
2026-01-12 17:29:55,386 - download.async_downloader - WARNING - 下载图片失败(可忽略): RuntimeError: cannot schedule new futures after shutdown (object=2435/1743121296_1743120688_5.jpg)
2026-01-12 17:29:55,417 - download.async_downloader - WARNING - 下载图片失败(可忽略): RuntimeError: cannot schedule new futures after shutdown (object=2435/1743121323_1743120743_610.jpg)
2026-01-12 17:29:55,448 - download.async_downloader - WARNING - 下载图片失败(可忽略): RuntimeError: cannot schedule new futures after shutdown (object=2435/1743121345_1743120789_630.jpg)
2026-01-12 17:29:55,478 - download.async_downloader - WARNING - 下载图片失败(可忽略): RuntimeError: cannot schedule new futures after shutdown (object=2435/1743121379_1743120833_710.jpg)
2026-01-12 17:29:55,508 - download.async_downloader - WARNING - 下载图片失败(可忽略): RuntimeError: cannot schedule new futures after shutdown (object=2435/1743121410_1743120883_730.jpg)
2026-01-12 17:29:55,538 - download.async_downloader - WARNING - 下载图片失败(可忽略): RuntimeError: cannot schedule new futures after shutdown (object=2435/1743128194_1743127863_4.jpg)
2026-01-12 17:29:55,569 - download.async_downloader - WARNING - 下载图片失败(可忽略): RuntimeError: cannot schedule new futures after shutdown (object=2435/1743128250_1743127888_5.jpg)
2026-01-12 17:29:55,600 - download.async_downloader - WARNING - 下载图片失败(可忽略): RuntimeError: cannot schedule new futures after shutdown (object=2435/1743128285_1743127943_610.jpg)
2026-01-12 17:29:55,632 - download.async_downloader - WARNING - 下载图片失败(可忽略): RuntimeError: cannot schedule new futures after shutdown (object=2435/1743128310_1743127991_630.jpg)
2026-01-12 17:29:55,661 - download.async_downloader - WARNING - 下载图片失败(可忽略): RuntimeError: cannot schedule new futures after shutdown (object=2435/1743128354_1743128034_710.jpg)
2026-01-12 17:29:55,693 - download.async_downloader - WARNING - 下载图片失败(可忽略): RuntimeError: cannot schedule new futures after shutdown (object=2435/1743128399_1743128092_730.jpg)
2026-01-12 17:29:55,724 - download.async_downloader - WARNING - 下载图片失败(可忽略): RuntimeError: cannot schedule new futures after shutdown (object=2435/1743142578_1743142264_4.jpg)
2026-01-12 17:29:55,754 - download.async_downloader - WARNING - 下载图片失败(可忽略): RuntimeError: cannot schedule new futures after shutdown (object=2435/1743142645_1743142285_5.jpg)
2026-01-12 17:29:55,784 - download.async_downloader - WARNING - 下载图片失败(可忽略): RuntimeError: cannot schedule new futures after shutdown (object=2435/1743142685_1743142339_610.jpg)
2026-01-12 17:29:55,814 - download.async_downloader - WARNING - 下载图片失败(可忽略): RuntimeError: cannot schedule new futures after shutdown (object=2435/1743142717_1743142385_630.jpg)
2026-01-12 17:29:55,844 - download.async_downloader - WARNING - 下载图片失败(可忽略): RuntimeError: cannot schedule new futures after shutdown (object=2435/1743142757_1743142429_710.jpg)
2026-01-12 17:29:55,875 - download.async_downloader - WARNING - 下载图片失败(可忽略): RuntimeError: cannot schedule new futures after shutdown (object=2435/1743142802_1743142475_730.jpg)
2026-01-12 17:29:55,905 - download.async_downloader - WARNING - 下载图片失败(可忽略): RuntimeError: cannot schedule new futures after shutdown (object=2435/1743149809_1743149464_4.jpg)
2026-01-12 17:29:55,935 - download.async_downloader - WARNING - 下载图片失败(可忽略): RuntimeError: cannot schedule new futures after shutdown (object=2435/1743149879_1743149490_5.jpg)
2026-01-12 17:29:55,965 - download.async_downloader - WARNING - 下载图片失败(可忽略): RuntimeError: cannot schedule new futures after shutdown (object=2435/1743149917_1743149550_610.jpg)
2026-01-12 17:29:55,997 - download.async_downloader - WARNING - 下载图片失败(可忽略): RuntimeError: cannot schedule new futures after shutdown (object=2435/1743149944_1743149600_630.jpg)
2026-01-12 17:29:56,028 - download.async_downloader - WARNING - 下载图片失败(可忽略): RuntimeError: cannot schedule new futures after shutdown (object=2435/1743149982_1743149645_710.jpg)
2026-01-12 17:29:56,058 - download.async_downloader - WARNING - 下载图片失败(可忽略): RuntimeError: cannot schedule new futures after shutdown (object=2435/1743207382_1743149694_730.jpg)
2026-01-12 17:29:56,088 - download.async_downloader - WARNING - 下载图片失败(可忽略): RuntimeError: cannot schedule new futures after shutdown (object=2435/1743207471_1743207063_4.jpg)
2026-01-12 17:29:56,118 - download.async_downloader - WARNING - 下载图片失败(可忽略): RuntimeError: cannot schedule new futures after shutdown (object=2435/1743207565_1743207097_5.jpg)
2026-01-12 17:29:56,147 - download.async_downloader - WARNING - 下载图片失败(可忽略): RuntimeError: cannot schedule new futures after shutdown (object=2435/1743207602_1743207163_610.jpg)
2026-01-12 17:29:56,178 - download.async_downloader - WARNING - 下载图片失败(可忽略): RuntimeError: cannot schedule new futures after shutdown (object=2435/1743214565_1743207212_630.jpg)
2026-01-12 17:29:56,207 - download.async_downloader - WARNING - 下载图片失败(可忽略): RuntimeError: cannot schedule new futures after shutdown (object=2435/1743214608_1743207256_710.jpg)
2026-01-12 17:29:56,238 - download.async_downloader - WARNING - 下载图片失败(可忽略): RuntimeError: cannot schedule new futures after shutdown (object=2435/1743214652_1743207307_730.jpg)
2026-01-12 17:29:56,254 - download.async_downloader - WARNING - 下载图片失败(可忽略): RuntimeError: cannot schedule new futures after shutdown (object=2435/1743214722_1743214263_4.jpg)
2026-01-12 17:29:56,269 - download.async_downloader - WARNING - 下载图片失败(可忽略): RuntimeError: cannot schedule new futures after shutdown (object=2435/1743214786_1743214289_5.jpg)
2026-01-12 17:29:56,284 - download.async_downloader - WARNING - 下载图片失败(可忽略): RuntimeError: cannot schedule new futures after shutdown (object=2435/1743214820_1743214344_610.jpg)
2026-01-12 17:29:56,299 - download.async_downloader - WARNING - 下载图片失败(可忽略): RuntimeError: cannot schedule new futures after shutdown (object=2435/1743214852_1743214401_630.jpg)
2026-01-12 17:29:56,330 - download.async_downloader - WARNING - 下载图片失败(可忽略): RuntimeError: cannot schedule new futures after shutdown (object=2435/1743214894_1743214449_710.jpg)
2026-01-12 17:29:56,361 - download.async_downloader - WARNING - 下载图片失败(可忽略): RuntimeError: cannot schedule new futures after shutdown (object=2435/1743214941_1743214498_730.jpg)
2026-01-12 17:29:56,391 - download.async_downloader - WARNING - 下载图片失败(可忽略): RuntimeError: cannot schedule new futures after shutdown (object=2435/1743229304_1743228663_4.jpg)
2026-01-12 17:29:56,421 - download.async_downloader - WARNING - 下载图片失败(可忽略): RuntimeError: cannot schedule new futures after shutdown (object=2435/1743229353_1743228688_5.jpg)
2026-01-12 17:29:56,451 - download.async_downloader - WARNING - 下载图片失败(可忽略): RuntimeError: cannot schedule new futures after shutdown (object=2435/1743229385_1743228744_610.jpg)
2026-01-12 17:29:56,482 - download.async_downloader - WARNING - 下载图片失败(可忽略): RuntimeError: cannot schedule new futures after shutdown (object=2435/1743229412_1743228792_630.jpg)
2026-01-12 17:29:56,512 - download.async_downloader - WARNING - 下载图片失败(可忽略): RuntimeError: cannot schedule new futures after shutdown (object=2435/1743229452_1743228838_710.jpg)
2026-01-12 17:29:56,542 - download.async_downloader - WARNING - 下载图片失败(可忽略): RuntimeError: cannot schedule new futures after shutdown (object=2435/1743229495_1743228890_730.jpg)
2026-01-12 17:29:56,574 - download.async_downloader - WARNING - 下载图片失败(可忽略): RuntimeError: cannot schedule new futures after shutdown (object=2435/1743236217_1743235863_4.jpg)
2026-01-12 17:29:56,604 - download.async_downloader - WARNING - 下载图片失败(可忽略): RuntimeError: cannot schedule new futures after shutdown (object=2435/1743236289_1743235896_5.jpg)
2026-01-12 17:29:56,634 - download.async_downloader - WARNING - 下载图片失败(可忽略): RuntimeError: cannot schedule new futures after shutdown (object=2435/1743236328_1743235957_610.jpg)
2026-01-12 17:29:56,664 - download.async_downloader - WARNING - 下载图片失败(可忽略): RuntimeError: cannot schedule new futures after shutdown (object=2435/1743236356_1743236007_630.jpg)
2026-01-12 17:29:56,694 - download.async_downloader - WARNING - 下载图片失败(可忽略): RuntimeError: cannot schedule new futures after shutdown (object=2435/1743236394_1743236052_710.jpg)
2026-01-12 17:29:56,725 - download.async_downloader - WARNING - 下载图片失败(可忽略): RuntimeError: cannot schedule new futures after shutdown (object=2435/1743236429_1743236101_730.jpg)
2026-01-12 17:29:56,755 - download.async_downloader - WARNING - 下载图片失败(可忽略): RuntimeError: cannot schedule new futures after shutdown (object=2435/1743293837_1743293463_4.jpg)
2026-01-12 17:29:56,785 - download.async_downloader - WARNING - 下载图片失败(可忽略): RuntimeError: cannot schedule new futures after shutdown (object=2435/1743293927_1743293498_5.jpg)
2026-01-12 17:29:56,816 - download.async_downloader - WARNING - 下载图片失败(可忽略): RuntimeError: cannot schedule new futures after shutdown (object=2435/1743293972_1743293564_610.jpg)
2026-01-12 17:29:56,847 - download.async_downloader - WARNING - 下载图片失败(可忽略): RuntimeError: cannot schedule new futures after shutdown (object=2435/1743294005_1743293613_630.jpg)
2026-01-12 17:29:56,863 - download.async_downloader - WARNING - 下载图片失败(可忽略): RuntimeError: cannot schedule new futures after shutdown (object=2435/1743294051_1743293660_710.jpg)
2026-01-12 17:29:56,878 - download.async_downloader - WARNING - 下载图片失败(可忽略): RuntimeError: cannot schedule new futures after shutdown (object=2435/1743294102_1743293711_730.jpg)
2026-01-12 17:29:56,893 - download.async_downloader - WARNING - 下载图片失败(可忽略): RuntimeError: cannot schedule new futures after shutdown (object=2435/1743301011_1743300663_4.jpg)
2026-01-12 17:29:56,923 - download.async_downloader - WARNING - 下载图片失败(可忽略): RuntimeError: cannot schedule new futures after shutdown (object=2435/1743301309_1743300689_5.jpg)
2026-01-12 17:29:56,954 - download.async_downloader - WARNING - 下载图片失败(可忽略): RuntimeError: cannot schedule new futures after shutdown (object=2435/1743301346_1743300750_610.jpg)
2026-01-12 17:29:56,985 - download.async_downloader - WARNING - 下载图片失败(可忽略): RuntimeError: cannot schedule new futures after shutdown (object=2435/1743301370_1743300798_630.jpg)
2026-01-12 17:29:57,016 - download.async_downloader - WARNING - 下载图片失败(可忽略): RuntimeError: cannot schedule new futures after shutdown (object=2435/1743301411_1743300844_710.jpg)
2026-01-12 17:29:57,046 - download.async_downloader - WARNING - 下载图片失败(可忽略): RuntimeError: cannot schedule new futures after shutdown (object=2435/1743301455_1743300896_730.jpg)
2026-01-12 17:29:57,076 - download.async_downloader - WARNING - 下载图片失败(可忽略): RuntimeError: cannot schedule new futures after shutdown (object=2435/1743315423_1743315063_4.jpg)
2026-01-12 17:29:57,106 - download.async_downloader - WARNING - 下载图片失败(可忽略): RuntimeError: cannot schedule new futures after shutdown (object=2435/1743315489_1743315093_5.jpg)
2026-01-12 17:29:57,137 - download.async_downloader - WARNING - 下载图片失败(可忽略): RuntimeError: cannot schedule new futures after shutdown (object=2435/1743315538_1743315152_610.jpg)
2026-01-12 17:29:57,167 - download.async_downloader - WARNING - 下载图片失败(可忽略): RuntimeError: cannot schedule new futures after shutdown (object=2435/1743315573_1743315205_630.jpg)
2026-01-12 17:29:57,197 - download.async_downloader - WARNING - 下载图片失败(可忽略): RuntimeError: cannot schedule new futures after shutdown (object=2435/1743315628_1743315253_710.jpg)
2026-01-12 17:29:57,227 - download.async_downloader - WARNING - 下载图片失败(可忽略): RuntimeError: cannot schedule new futures after shutdown (object=2435/1743315685_1743315308_730.jpg)
2026-01-12 17:29:57,257 - download.async_downloader - WARNING - 下载图片失败(可忽略): RuntimeError: cannot schedule new futures after shutdown (object=2435/1743322638_1743322263_4.jpg)
2026-01-12 17:29:57,288 - download.async_downloader - WARNING - 下载图片失败(可忽略): RuntimeError: cannot schedule new futures after shutdown (object=2435/1743322918_1743322299_5.jpg)
2026-01-12 17:29:57,320 - download.async_downloader - WARNING - 下载图片失败(可忽略): RuntimeError: cannot schedule new futures after shutdown (object=2435/1743322953_1743322363_610.jpg)
2026-01-12 17:29:57,350 - download.async_downloader - WARNING - 下载图片失败(可忽略): RuntimeError: cannot schedule new futures after shutdown (object=2435/1743322982_1743322412_630.jpg)
2026-01-12 17:29:57,381 - download.async_downloader - WARNING - 下载图片失败(可忽略): RuntimeError: cannot schedule new futures after shutdown (object=2435/1743323015_1743322460_710.jpg)
2026-01-12 17:29:57,412 - download.async_downloader - WARNING - 下载图片失败(可忽略): RuntimeError: cannot schedule new futures after shutdown (object=2435/1743323056_1743322508_730.jpg)
2026-01-12 17:29:57,442 - download.async_downloader - WARNING - 下载图片失败(可忽略): RuntimeError: cannot schedule new futures after shutdown (object=2435/1743380262_1743379864_4.jpg)
2026-01-12 17:29:57,473 - download.async_downloader - WARNING - 下载图片失败(可忽略): RuntimeError: cannot schedule new futures after shutdown (object=2435/1743380358_1743379893_5.jpg)
2026-01-12 17:29:57,505 - download.async_downloader - WARNING - 下载图片失败(可忽略): RuntimeError: cannot schedule new futures after shutdown (object=2435/1743387686_1743379957_610.jpg)
2026-01-12 17:29:57,536 - download.async_downloader - WARNING - 下载图片失败(可忽略): RuntimeError: cannot schedule new futures after shutdown (object=2435/1743387713_1743380008_630.jpg)
2026-01-12 17:29:57,570 - download.async_downloader - WARNING - 下载图片失败(可忽略): RuntimeError: cannot schedule new futures after shutdown (object=2435/1743387753_1743380065_710.jpg)
2026-01-12 17:29:57,598 - download.async_downloader - WARNING - 下载图片失败(可忽略): RuntimeError: cannot schedule new futures after shutdown (object=2435/1743387796_1743380117_730.jpg)
2026-01-12 17:29:57,628 - download.async_downloader - WARNING - 下载图片失败(可忽略): RuntimeError: cannot schedule new futures after shutdown (object=2435/1743387864_1743387063_4.jpg)
2026-01-12 17:29:57,643 - download.async_downloader - WARNING - 下载图片失败(可忽略): RuntimeError: cannot schedule new futures after shutdown (object=2435/1743387923_1743387094_5.jpg)
2026-01-12 17:29:57,674 - download.async_downloader - WARNING - 下载图片失败(可忽略): RuntimeError: cannot schedule new futures after shutdown (object=2435/1743387960_1743387153_610.jpg)
2026-01-12 17:29:57,704 - download.async_downloader - WARNING - 下载图片失败(可忽略): RuntimeError: cannot schedule new futures after shutdown (object=2435/1743387986_1743387212_630.jpg)
2026-01-12 17:29:57,734 - download.async_downloader - WARNING - 下载图片失败(可忽略): RuntimeError: cannot schedule new futures after shutdown (object=2435/1743388028_1743387256_710.jpg)
2026-01-12 17:29:57,764 - download.async_downloader - WARNING - 下载图片失败(可忽略): RuntimeError: cannot schedule new futures after shutdown (object=2435/1743401801_1743387309_730.jpg)
2026-01-12 17:29:57,794 - download.async_downloader - WARNING - 下载图片失败(可忽略): RuntimeError: cannot schedule new futures after shutdown (object=2435/1743401889_1743401463_4.jpg)
2026-01-12 17:29:57,824 - download.async_downloader - WARNING - 下载图片失败(可忽略): RuntimeError: cannot schedule new futures after shutdown (object=2435/1743401960_1743401495_5.jpg)
2026-01-12 17:29:57,854 - download.async_downloader - WARNING - 下载图片失败(可忽略): RuntimeError: cannot schedule new futures after shutdown (object=2435/1743402009_1743401554_610.jpg)
2026-01-12 17:29:57,885 - download.async_downloader - WARNING - 下载图片失败(可忽略): RuntimeError: cannot schedule new futures after shutdown (object=2435/1743402047_1743401606_630.jpg)
2026-01-12 17:29:57,915 - download.async_downloader - WARNING - 下载图片失败(可忽略): RuntimeError: cannot schedule new futures after shutdown (object=2435/1743409293_1743401654_710.jpg)
2026-01-12 17:29:57,946 - download.async_downloader - WARNING - 下载图片失败(可忽略): RuntimeError: cannot schedule new futures after shutdown (object=2435/1743409343_1743401704_730.jpg)
2026-01-12 17:29:57,976 - download.async_downloader - WARNING - 下载图片失败(可忽略): RuntimeError: cannot schedule new futures after shutdown (object=2435/1743409430_1743408663_4.jpg)
2026-01-12 17:29:58,006 - download.async_downloader - WARNING - 下载图片失败(可忽略): RuntimeError: cannot schedule new futures after shutdown (object=2435/1743409497_1743408702_5.jpg)
2026-01-12 17:29:58,037 - download.async_downloader - WARNING - 下载图片失败(可忽略): RuntimeError: cannot schedule new futures after shutdown (object=2435/1743409538_1743408760_610.jpg)
2026-01-12 17:29:58,068 - download.async_downloader - WARNING - 下载图片失败(可忽略): RuntimeError: cannot schedule new futures after shutdown (object=2435/1743409569_1743408813_630.jpg)
2026-01-12 17:29:58,099 - download.async_downloader - WARNING - 下载图片失败(可忽略): RuntimeError: cannot schedule new futures after shutdown (object=2435/1743409611_1743408861_710.jpg)
2026-01-12 17:29:58,129 - download.async_downloader - WARNING - 下载图片失败(可忽略): RuntimeError: cannot schedule new futures after shutdown (object=2435/1743409659_1743408913_730.jpg)
2026-01-12 17:29:58,160 - download.async_downloader - WARNING - 下载图片失败(可忽略): RuntimeError: cannot schedule new futures after shutdown (object=2435/1743488263_1743466263_4.jpg)
2026-01-12 17:29:58,175 - download.async_downloader - WARNING - 下载图片失败(可忽略): RuntimeError: cannot schedule new futures after shutdown (object=2435/1743488377_1743466301_5.jpg)
2026-01-12 17:29:58,191 - download.async_downloader - WARNING - 下载图片失败(可忽略): RuntimeError: cannot schedule new futures after shutdown (object=2435/1743495380_1743466369_610.jpg)
2026-01-12 17:29:58,206 - download.async_downloader - WARNING - 下载图片失败(可忽略): RuntimeError: cannot schedule new futures after shutdown (object=2435/1743495413_1743466422_630.jpg)
2026-01-12 17:29:58,236 - download.async_downloader - WARNING - 下载图片失败(可忽略): RuntimeError: cannot schedule new futures after shutdown (object=2435/1743495465_1743466469_710.jpg)
2026-01-12 17:29:58,252 - download.async_downloader - WARNING - 下载图片失败(可忽略): RuntimeError: cannot schedule new futures after shutdown (object=2435/1743495518_1743466522_730.jpg)
2026-01-12 17:29:58,281 - download.async_downloader - WARNING - 下载图片失败(可忽略): RuntimeError: cannot schedule new futures after shutdown (object=2435/1743495609_1743473463_4.jpg)
2026-01-12 17:29:58,312 - download.async_downloader - WARNING - 下载图片失败(可忽略): RuntimeError: cannot schedule new futures after shutdown (object=2435/1743495683_1743473496_5.jpg)
2026-01-12 17:29:58,343 - download.async_downloader - WARNING - 下载图片失败(可忽略): RuntimeError: cannot schedule new futures after shutdown (object=2435/1743495727_1743473557_610.jpg)
2026-01-12 17:29:58,374 - download.async_downloader - WARNING - 下载图片失败(可忽略): RuntimeError: cannot schedule new futures after shutdown (object=2435/1743495761_1743473607_630.jpg)
2026-01-12 17:29:58,404 - download.async_downloader - WARNING - 下载图片失败(可忽略): RuntimeError: cannot schedule new futures after shutdown (object=2435/1743495809_1743473653_710.jpg)
2026-01-12 17:29:58,435 - download.async_downloader - WARNING - 下载图片失败(可忽略): RuntimeError: cannot schedule new futures after shutdown (object=2435/1743495864_1743473705_730.jpg)
2026-01-12 17:29:58,465 - download.async_downloader - WARNING - 下载图片失败(可忽略): RuntimeError: cannot schedule new futures after shutdown (object=2435/1743495941_1743487863_4.jpg)
2026-01-12 17:29:58,495 - download.async_downloader - WARNING - 下载图片失败(可忽略): RuntimeError: cannot schedule new futures after shutdown (object=2435/1743496000_1743487891_5.jpg)
2026-01-12 17:29:58,526 - download.async_downloader - WARNING - 下载图片失败(可忽略): RuntimeError: cannot schedule new futures after shutdown (object=2435/1743496048_1743487946_610.jpg)
2026-01-12 17:29:58,557 - download.async_downloader - WARNING - 下载图片失败(可忽略): RuntimeError: cannot schedule new futures after shutdown (object=2435/1743496093_1743487997_630.jpg)
2026-01-12 17:29:58,588 - download.async_downloader - WARNING - 下载图片失败(可忽略): RuntimeError: cannot schedule new futures after shutdown (object=2435/1743496144_1743488048_710.jpg)
2026-01-12 17:29:58,619 - download.async_downloader - WARNING - 下载图片失败(可忽略): RuntimeError: cannot schedule new futures after shutdown (object=2435/1743553296_1743488100_730.jpg)
2026-01-12 17:29:58,649 - download.async_downloader - WARNING - 下载图片失败(可忽略): RuntimeError: cannot schedule new futures after shutdown (object=2435/1743553354_1743495063_4.jpg)
2026-01-12 17:29:58,680 - download.async_downloader - WARNING - 下载图片失败(可忽略): RuntimeError: cannot schedule new futures after shutdown (object=2435/1743560199_1743495089_5.jpg)
2026-01-12 17:29:58,710 - download.async_downloader - WARNING - 下载图片失败(可忽略): RuntimeError: cannot schedule new futures after shutdown (object=2435/1743560244_1743495143_610.jpg)
2026-01-12 17:29:58,741 - download.async_downloader - WARNING - 下载图片失败(可忽略): RuntimeError: cannot schedule new futures after shutdown (object=2435/1743560278_1743495194_630.jpg)
2026-01-12 17:29:58,772 - download.async_downloader - WARNING - 下载图片失败(可忽略): RuntimeError: cannot schedule new futures after shutdown (object=2435/1743560316_1743495242_710.jpg)
2026-01-12 17:29:58,802 - download.async_downloader - WARNING - 下载图片失败(可忽略): RuntimeError: cannot schedule new futures after shutdown (object=2435/1743560366_1743495291_730.jpg)
2026-01-12 17:29:58,832 - download.async_downloader - WARNING - 下载图片失败(可忽略): RuntimeError: cannot schedule new futures after shutdown (object=2435/1743560462_1743552664_4.jpg)
2026-01-12 17:29:58,864 - download.async_downloader - WARNING - 下载图片失败(可忽略): RuntimeError: cannot schedule new futures after shutdown (object=2435/1743560546_1743552699_5.jpg)
2026-01-12 17:29:58,895 - download.async_downloader - WARNING - 下载图片失败(可忽略): RuntimeError: cannot schedule new futures after shutdown (object=2435/1743560596_1743552765_610.jpg)
2026-01-12 17:29:58,926 - download.async_downloader - WARNING - 下载图片失败(可忽略): RuntimeError: cannot schedule new futures after shutdown (object=2435/1743560628_1743552817_630.jpg)
2026-01-12 17:29:58,956 - download.async_downloader - WARNING - 下载图片失败(可忽略): RuntimeError: cannot schedule new futures after shutdown (object=2435/1743560679_1743552864_710.jpg)
2026-01-12 17:29:58,987 - download.async_downloader - WARNING - 下载图片失败(可忽略): RuntimeError: cannot schedule new futures after shutdown (object=2435/1743560733_1743552914_730.jpg)
2026-01-12 17:29:59,017 - download.async_downloader - WARNING - 下载图片失败(可忽略): RuntimeError: cannot schedule new futures after shutdown (object=2435/1743560821_1743559863_4.jpg)
2026-01-12 17:29:59,048 - download.async_downloader - WARNING - 下载图片失败(可忽略): RuntimeError: cannot schedule new futures after shutdown (object=2435/1743560891_1743559895_5.jpg)
2026-01-12 17:29:59,078 - download.async_downloader - WARNING - 下载图片失败(可忽略): RuntimeError: cannot schedule new futures after shutdown (object=2435/1743574608_1743559956_610.jpg)
2026-01-12 17:29:59,108 - download.async_downloader - WARNING - 下载图片失败(可忽略): RuntimeError: cannot schedule new futures after shutdown (object=2435/1743574653_1743560007_630.jpg)
2026-01-12 17:29:59,138 - download.async_downloader - WARNING - 下载图片失败(可忽略): RuntimeError: cannot schedule new futures after shutdown (object=2435/1743574714_1743560057_710.jpg)
2026-01-12 17:29:59,169 - download.async_downloader - WARNING - 下载图片失败(可忽略): RuntimeError: cannot schedule new futures after shutdown (object=2435/1743574780_1743560110_730.jpg)
2026-01-12 17:29:59,199 - download.async_downloader - WARNING - 下载图片失败(可忽略): RuntimeError: cannot schedule new futures after shutdown (object=2435/1743574885_1743574263_4.jpg)
2026-01-12 17:29:59,231 - download.async_downloader - WARNING - 下载图片失败(可忽略): RuntimeError: cannot schedule new futures after shutdown (object=2435/1743581873_1743574296_5.jpg)
2026-01-12 17:29:59,261 - download.async_downloader - WARNING - 下载图片失败(可忽略): RuntimeError: cannot schedule new futures after shutdown (object=2435/1743581944_1743574357_610.jpg)
2026-01-12 17:29:59,292 - download.async_downloader - WARNING - 下载图片失败(可忽略): RuntimeError: cannot schedule new futures after shutdown (object=2435/1743581999_1743574407_630.jpg)
2026-01-12 17:29:59,322 - download.async_downloader - WARNING - 下载图片失败(可忽略): RuntimeError: cannot schedule new futures after shutdown (object=2435/1743582080_1743574456_710.jpg)
2026-01-12 17:29:59,353 - download.async_downloader - WARNING - 下载图片失败(可忽略): RuntimeError: cannot schedule new futures after shutdown (object=2435/1743582173_1743574512_730.jpg)
2026-01-12 17:29:59,384 - download.async_downloader - WARNING - 下载图片失败(可忽略): RuntimeError: cannot schedule new futures after shutdown (object=2435/1743582327_1743581463_4.jpg)
2026-01-12 17:29:59,414 - download.async_downloader - WARNING - 下载图片失败(可忽略): RuntimeError: cannot schedule new futures after shutdown (object=2435/1743582458_1743581503_5.jpg)
2026-01-12 17:29:59,446 - download.async_downloader - WARNING - 下载图片失败(可忽略): RuntimeError: cannot schedule new futures after shutdown (object=2435/1743582531_1743581570_610.jpg)
2026-01-12 17:29:59,476 - download.async_downloader - WARNING - 下载图片失败(可忽略): RuntimeError: cannot schedule new futures after shutdown (object=2435/1743639379_1743581624_630.jpg)
2026-01-12 17:29:59,506 - download.async_downloader - WARNING - 下载图片失败(可忽略): RuntimeError: cannot schedule new futures after shutdown (object=2435/1743639434_1743581674_710.jpg)
2026-01-12 17:29:59,538 - download.async_downloader - WARNING - 下载图片失败(可忽略): RuntimeError: cannot schedule new futures after shutdown (object=2435/1743639497_1743581727_730.jpg)
2026-01-12 17:29:59,570 - download.async_downloader - WARNING - 下载图片失败(可忽略): RuntimeError: cannot schedule new futures after shutdown (object=2435/1743639586_1743639063_4.jpg)
2026-01-12 17:29:59,599 - download.async_downloader - WARNING - 下载图片失败(可忽略): RuntimeError: cannot schedule new futures after shutdown (object=2435/1743639658_1743639095_5.jpg)
2026-01-12 17:29:59,630 - download.async_downloader - WARNING - 下载图片失败(可忽略): RuntimeError: cannot schedule new futures after shutdown (object=2435/1743639699_1743639157_610.jpg)
2026-01-12 17:29:59,660 - download.async_downloader - WARNING - 下载图片失败(可忽略): RuntimeError: cannot schedule new futures after shutdown (object=2435/1743639731_1743639206_630.jpg)
2026-01-12 17:29:59,675 - download.async_downloader - WARNING - 下载图片失败(可忽略): RuntimeError: cannot schedule new futures after shutdown (object=2435/1743639777_1743639252_710.jpg)
2026-01-12 17:29:59,690 - download.async_downloader - WARNING - 下载图片失败(可忽略): RuntimeError: cannot schedule new futures after shutdown (object=2435/1743639827_1743639302_730.jpg)
2026-01-12 17:29:59,722 - download.async_downloader - WARNING - 下载图片失败(可忽略): RuntimeError: cannot schedule new futures after shutdown (object=2435/1743646915_1743646263_4.jpg)
2026-01-12 17:29:59,736 - download.async_downloader - WARNING - 下载图片失败(可忽略): RuntimeError: cannot schedule new futures after shutdown (object=2435/1743646972_1743646293_5.jpg)
2026-01-12 17:29:59,752 - download.async_downloader - WARNING - 下载图片失败(可忽略): RuntimeError: cannot schedule new futures after shutdown (object=2435/1743647009_1743646352_610.jpg)
2026-01-12 17:29:59,781 - download.async_downloader - WARNING - 下载图片失败(可忽略): RuntimeError: cannot schedule new futures after shutdown (object=2435/1743647034_1743646403_630.jpg)
2026-01-12 17:29:59,813 - download.async_downloader - WARNING - 下载图片失败(可忽略): RuntimeError: cannot schedule new futures after shutdown (object=2435/1743647073_1743646449_710.jpg)
2026-01-12 17:29:59,843 - download.async_downloader - WARNING - 下载图片失败(可忽略): RuntimeError: cannot schedule new futures after shutdown (object=2435/1743647118_1743646500_730.jpg)
2026-01-12 17:29:59,873 - download.async_downloader - WARNING - 下载图片失败(可忽略): RuntimeError: cannot schedule new futures after shutdown (object=2435/1743661027_1743660663_4.jpg)
2026-01-12 17:29:59,904 - download.async_downloader - WARNING - 下载图片失败(可忽略): RuntimeError: cannot schedule new futures after shutdown (object=2435/1743661107_1743660692_5.jpg)
2026-01-12 17:29:59,936 - download.async_downloader - WARNING - 下载图片失败(可忽略): RuntimeError: cannot schedule new futures after shutdown (object=2435/1743661157_1743660749_610.jpg)
2026-01-12 17:29:59,963 - download.async_downloader - WARNING - 下载图片失败(可忽略): RuntimeError: cannot schedule new futures after shutdown (object=2435/1743661200_1743660798_630.jpg)
2026-01-12 17:29:59,994 - download.async_downloader - WARNING - 下载图片失败(可忽略): RuntimeError: cannot schedule new futures after shutdown (object=2435/1743668170_1743660844_710.jpg)
2026-01-12 17:30:00,024 - download.async_downloader - WARNING - 下载图片失败(可忽略): RuntimeError: cannot schedule new futures after shutdown (object=2435/1743668217_1743660894_730.jpg)
2026-01-12 17:30:00,054 - download.async_downloader - WARNING - 下载图片失败(可忽略): RuntimeError: cannot schedule new futures after shutdown (object=2435/1743668298_1743667863_4.jpg)
2026-01-12 17:30:00,084 - download.async_downloader - WARNING - 下载图片失败(可忽略): RuntimeError: cannot schedule new futures after shutdown (object=2435/1743668357_1743667892_5.jpg)
2026-01-12 17:30:00,116 - download.async_downloader - WARNING - 下载图片失败(可忽略): RuntimeError: cannot schedule new futures after shutdown (object=2435/1743668398_1743667946_610.jpg)
2026-01-12 17:30:00,145 - download.async_downloader - WARNING - 下载图片失败(可忽略): RuntimeError: cannot schedule new futures after shutdown (object=2435/1743668430_1743667995_630.jpg)
2026-01-12 17:30:00,175 - download.async_downloader - WARNING - 下载图片失败(可忽略): RuntimeError: cannot schedule new futures after shutdown (object=2435/1743668471_1743668041_710.jpg)
2026-01-12 17:30:00,190 - download.async_downloader - WARNING - 下载图片失败(可忽略): RuntimeError: cannot schedule new futures after shutdown (object=2435/1743668519_1743668090_730.jpg)
2026-01-12 17:30:00,220 - download.async_downloader - WARNING - 下载图片失败(可忽略): RuntimeError: cannot schedule new futures after shutdown (object=2435/1743725848_1743725464_4.jpg)
2026-01-12 17:30:00,250 - download.async_downloader - WARNING - 下载图片失败(可忽略): RuntimeError: cannot schedule new futures after shutdown (object=2435/1743726114_1743725498_5.jpg)
2026-01-12 17:30:00,282 - download.async_downloader - WARNING - 下载图片失败(可忽略): RuntimeError: cannot schedule new futures after shutdown (object=2435/1743726151_1743725556_610.jpg)
2026-01-12 17:30:00,313 - download.async_downloader - WARNING - 下载图片失败(可忽略): RuntimeError: cannot schedule new futures after shutdown (object=2435/1743726178_1743725607_630.jpg)
2026-01-12 17:30:00,344 - download.async_downloader - WARNING - 下载图片失败(可忽略): RuntimeError: cannot schedule new futures after shutdown (object=2435/1743726215_1743725653_710.jpg)
2026-01-12 17:30:00,375 - download.async_downloader - WARNING - 下载图片失败(可忽略): RuntimeError: cannot schedule new futures after shutdown (object=2435/1743726257_1743725701_730.jpg)
2026-01-12 17:30:00,407 - download.async_downloader - WARNING - 下载图片失败(可忽略): RuntimeError: cannot schedule new futures after shutdown (object=2435/1743733018_1743732664_4.jpg)
2026-01-12 17:30:00,437 - download.async_downloader - WARNING - 下载图片失败(可忽略): RuntimeError: cannot schedule new futures after shutdown (object=2435/1743733096_1743732692_5.jpg)
2026-01-12 17:30:00,467 - download.async_downloader - WARNING - 下载图片失败(可忽略): RuntimeError: cannot schedule new futures after shutdown (object=2435/1743733140_1743732750_610.jpg)
2026-01-12 17:30:00,497 - download.async_downloader - WARNING - 下载图片失败(可忽略): RuntimeError: cannot schedule new futures after shutdown (object=2435/1743733177_1743732799_630.jpg)
2026-01-12 17:30:00,528 - download.async_downloader - WARNING - 下载图片失败(可忽略): RuntimeError: cannot schedule new futures after shutdown (object=2435/1743733229_1743732845_710.jpg)
2026-01-12 17:30:00,558 - download.async_downloader - WARNING - 下载图片失败(可忽略): RuntimeError: cannot schedule new futures after shutdown (object=2435/1743733291_1743732895_730.jpg)
2026-01-12 17:30:00,588 - download.async_downloader - WARNING - 下载图片失败(可忽略): RuntimeError: cannot schedule new futures after shutdown (object=2435/1743747438_1743747063_4.jpg)
2026-01-12 17:30:00,618 - download.async_downloader - WARNING - 下载图片失败(可忽略): RuntimeError: cannot schedule new futures after shutdown (object=2435/1743747520_1743747088_5.jpg)
2026-01-12 17:30:00,648 - download.async_downloader - WARNING - 下载图片失败(可忽略): RuntimeError: cannot schedule new futures after shutdown (object=2435/1743747575_1743747147_610.jpg)
2026-01-12 17:30:00,678 - download.async_downloader - WARNING - 下载图片失败(可忽略): RuntimeError: cannot schedule new futures after shutdown (object=2435/1743747619_1743747198_630.jpg)
2026-01-12 17:30:00,709 - download.async_downloader - WARNING - 下载图片失败(可忽略): RuntimeError: cannot schedule new futures after shutdown (object=2435/1743747682_1743747246_710.jpg)
2026-01-12 17:30:00,739 - download.async_downloader - WARNING - 下载图片失败(可忽略): RuntimeError: cannot schedule new futures after shutdown (object=2435/1743747759_1743747299_730.jpg)
2026-01-12 17:30:00,769 - download.async_downloader - WARNING - 下载图片失败(可忽略): RuntimeError: cannot schedule new futures after shutdown (object=2435/1743754640_1743754263_4.jpg)
2026-01-12 17:30:00,784 - download.async_downloader - WARNING - 下载图片失败(可忽略): RuntimeError: cannot schedule new futures after shutdown (object=2435/1743754908_1743754296_5.jpg)
2026-01-12 17:30:00,805 - download.async_downloader - WARNING - 下载图片失败(可忽略): RuntimeError: cannot schedule new futures after shutdown (object=2435/1743754947_1743754356_610.jpg)
2026-01-12 17:30:00,835 - download.async_downloader - WARNING - 下载图片失败(可忽略): RuntimeError: cannot schedule new futures after shutdown (object=2435/1743754977_1743754407_630.jpg)
2026-01-12 17:30:00,865 - download.async_downloader - WARNING - 下载图片失败(可忽略): RuntimeError: cannot schedule new futures after shutdown (object=2435/1743755015_1743754455_710.jpg)
2026-01-12 17:30:00,896 - download.async_downloader - WARNING - 下载图片失败(可忽略): RuntimeError: cannot schedule new futures after shutdown (object=2435/1743755060_1743754505_730.jpg)
2026-01-12 17:30:00,927 - download.async_downloader - WARNING - 下载图片失败(可忽略): RuntimeError: cannot schedule new futures after shutdown (object=2435/1743812294_1743811863_4.jpg)
2026-01-12 17:30:00,957 - download.async_downloader - WARNING - 下载图片失败(可忽略): RuntimeError: cannot schedule new futures after shutdown (object=2435/1743812423_1743811900_5.jpg)
2026-01-12 17:30:00,969 - download.async_downloader - WARNING - 下载图片失败(可忽略): RuntimeError: cannot schedule new futures after shutdown (object=2435/1743812500_1743811961_610.jpg)
2026-01-12 17:30:01,003 - download.async_downloader - WARNING - 下载图片失败(可忽略): RuntimeError: cannot schedule new futures after shutdown (object=2435/1743812548_1743812014_630.jpg)
2026-01-12 17:30:01,033 - download.async_downloader - WARNING - 下载图片失败(可忽略): RuntimeError: cannot schedule new futures after shutdown (object=2435/1743812620_1743812061_710.jpg)
2026-01-12 17:30:01,063 - download.async_downloader - WARNING - 下载图片失败(可忽略): RuntimeError: cannot schedule new futures after shutdown (object=2435/1743812695_1743812114_730.jpg)
2026-01-12 17:30:01,093 - download.async_downloader - WARNING - 下载图片失败(可忽略): RuntimeError: cannot schedule new futures after shutdown (object=2435/1743819463_1743819063_4.jpg)
2026-01-12 17:30:01,123 - download.async_downloader - WARNING - 下载图片失败(可忽略): RuntimeError: cannot schedule new futures after shutdown (object=2435/1743819564_1743819095_5.jpg)
2026-01-12 17:30:01,153 - download.async_downloader - WARNING - 下载图片失败(可忽略): RuntimeError: cannot schedule new futures after shutdown (object=2435/1743819631_1743819156_610.jpg)
2026-01-12 17:30:01,183 - download.async_downloader - WARNING - 下载图片失败(可忽略): RuntimeError: cannot schedule new futures after shutdown (object=2435/1743819676_1743819208_630.jpg)
2026-01-12 17:30:01,215 - download.async_downloader - WARNING - 下载图片失败(可忽略): RuntimeError: cannot schedule new futures after shutdown (object=2435/1743819748_1743819255_710.jpg)
2026-01-12 17:30:01,246 - download.async_downloader - WARNING - 下载图片失败(可忽略): RuntimeError: cannot schedule new futures after shutdown (object=2435/1743819829_1743819309_730.jpg)
2026-01-12 17:30:01,277 - download.async_downloader - WARNING - 下载图片失败(可忽略): RuntimeError: cannot schedule new futures after shutdown (object=2435/1743833838_1743833463_4.jpg)
2026-01-12 17:30:01,308 - download.async_downloader - WARNING - 下载图片失败(可忽略): RuntimeError: cannot schedule new futures after shutdown (object=2435/1743833919_1743833492_5.jpg)
2026-01-12 17:30:01,338 - download.async_downloader - WARNING - 下载图片失败(可忽略): RuntimeError: cannot schedule new futures after shutdown (object=2435/1743833974_1743833550_610.jpg)
2026-01-12 17:30:01,369 - download.async_downloader - WARNING - 下载图片失败(可忽略): RuntimeError: cannot schedule new futures after shutdown (object=2435/1743834018_1743833602_630.jpg)
2026-01-12 17:30:01,405 - download.async_downloader - WARNING - 下载图片失败(可忽略): RuntimeError: cannot schedule new futures after shutdown (object=2435/1743834086_1743833650_710.jpg)
2026-01-12 17:30:01,436 - download.async_downloader - WARNING - 下载图片失败(可忽略): RuntimeError: cannot schedule new futures after shutdown (object=2435/1743834161_1743833701_730.jpg)
2026-01-12 17:30:01,460 - download.async_downloader - WARNING - 下载图片失败(可忽略): RuntimeError: cannot schedule new futures after shutdown (object=2435/1743841034_1743840664_4.jpg)
2026-01-12 17:30:01,492 - download.async_downloader - WARNING - 下载图片失败(可忽略): RuntimeError: cannot schedule new futures after shutdown (object=2435/1743841105_1743840693_5.jpg)
2026-01-12 17:30:01,521 - download.async_downloader - WARNING - 下载图片失败(可忽略): RuntimeError: cannot schedule new futures after shutdown (object=2435/1743841154_1743840760_610.jpg)
2026-01-12 17:30:01,552 - download.async_downloader - WARNING - 下载图片失败(可忽略): RuntimeError: cannot schedule new futures after shutdown (object=2435/1743841275_1743840809_630.jpg)
2026-01-12 17:30:01,583 - download.async_downloader - WARNING - 下载图片失败(可忽略): RuntimeError: cannot schedule new futures after shutdown (object=2435/1743841309_1743840856_710.jpg)
2026-01-12 17:30:01,597 - download.async_downloader - WARNING - 下载图片失败(可忽略): RuntimeError: cannot schedule new futures after shutdown (object=2435/1743841352_1743840905_730.jpg)
2026-01-12 17:30:01,613 - download.async_downloader - WARNING - 下载图片失败(可忽略): RuntimeError: cannot schedule new futures after shutdown (object=2435/1743898660_1743898263_4.jpg)
2026-01-12 17:30:01,628 - download.async_downloader - WARNING - 下载图片失败(可忽略): RuntimeError: cannot schedule new futures after shutdown (object=2435/1743898758_1743898294_5.jpg)
2026-01-12 17:30:01,672 - download.async_downloader - WARNING - 下载图片失败(可忽略): RuntimeError: cannot schedule new futures after shutdown (object=2435/1743898813_1743898360_610.jpg)
2026-01-12 17:30:01,721 - download.async_downloader - WARNING - 下载图片失败(可忽略): RuntimeError: cannot schedule new futures after shutdown (object=2435/1743898851_1743898412_630.jpg)
2026-01-12 17:30:01,754 - download.async_downloader - WARNING - 下载图片失败(可忽略): RuntimeError: cannot schedule new futures after shutdown (object=2435/1743898908_1743898459_710.jpg)
2026-01-12 17:30:01,793 - download.async_downloader - WARNING - 下载图片失败(可忽略): RuntimeError: cannot schedule new futures after shutdown (object=2435/1743898971_1743898512_730.jpg)
2026-01-12 17:30:01,828 - download.async_downloader - WARNING - 下载图片失败(可忽略): RuntimeError: cannot schedule new futures after shutdown (object=2435/1743905848_1743905463_4.jpg)
2026-01-12 17:30:01,857 - download.async_downloader - WARNING - 下载图片失败(可忽略): RuntimeError: cannot schedule new futures after shutdown (object=2435/1743906108_1743905495_5.jpg)
2026-01-12 17:30:01,879 - download.async_downloader - WARNING - 下载图片失败(可忽略): RuntimeError: cannot schedule new futures after shutdown (object=2435/1743906148_1743905556_610.jpg)
2026-01-12 17:30:01,960 - download.async_downloader - WARNING - 下载图片失败(可忽略): RuntimeError: cannot schedule new futures after shutdown (object=2435/1743906176_1743905608_630.jpg)
2026-01-12 17:30:02,000 - download.async_downloader - WARNING - 下载图片失败(可忽略): RuntimeError: cannot schedule new futures after shutdown (object=2435/1743906218_1743905655_710.jpg)
2026-01-12 17:30:02,026 - download.async_downloader - WARNING - 下载图片失败(可忽略): RuntimeError: cannot schedule new futures after shutdown (object=2435/1743906267_1743905708_730.jpg)
2026-01-12 17:30:02,059 - download.async_downloader - WARNING - 下载图片失败(可忽略): RuntimeError: cannot schedule new futures after shutdown (object=2435/1743920290_1743919863_4.jpg)
2026-01-12 17:30:02,086 - download.async_downloader - WARNING - 下载图片失败(可忽略): RuntimeError: cannot schedule new futures after shutdown (object=2435/1743920387_1743919897_5.jpg)
2026-01-12 17:30:02,119 - download.async_downloader - WARNING - 下载图片失败(可忽略): RuntimeError: cannot schedule new futures after shutdown (object=2435/1743927403_1743919955_610.jpg)
2026-01-12 17:30:02,148 - download.async_downloader - WARNING - 下载图片失败(可忽略): RuntimeError: cannot schedule new futures after shutdown (object=2435/1743927438_1743920007_630.jpg)
2026-01-12 17:30:02,180 - download.async_downloader - WARNING - 下载图片失败(可忽略): RuntimeError: cannot schedule new futures after shutdown (object=2435/1743927488_1743920054_710.jpg)
2026-01-12 17:30:02,208 - download.async_downloader - WARNING - 下载图片失败(可忽略): RuntimeError: cannot schedule new futures after shutdown (object=2435/1743927558_1743920114_730.jpg)
2026-01-12 17:30:02,238 - download.async_downloader - WARNING - 下载图片失败(可忽略): RuntimeError: cannot schedule new futures after shutdown (object=2435/1743927674_1743927063_4.jpg)
2026-01-12 17:30:02,254 - download.async_downloader - WARNING - 下载图片失败(可忽略): RuntimeError: cannot schedule new futures after shutdown (object=2435/1743927760_1743927101_5.jpg)
2026-01-12 17:30:02,285 - download.async_downloader - WARNING - 下载图片失败(可忽略): RuntimeError: cannot schedule new futures after shutdown (object=2435/1743927816_1743927164_610.jpg)
2026-01-12 17:30:02,315 - download.async_downloader - WARNING - 下载图片失败(可忽略): RuntimeError: cannot schedule new futures after shutdown (object=2435/1743927853_1743927215_630.jpg)
2026-01-12 17:30:02,331 - download.async_downloader - WARNING - 下载图片失败(可忽略): RuntimeError: cannot schedule new futures after shutdown (object=2435/1743927900_1743927262_710.jpg)
2026-01-12 17:30:02,361 - download.async_downloader - WARNING - 下载图片失败(可忽略): RuntimeError: cannot schedule new futures after shutdown (object=2435/1743927960_1743927311_730.jpg)
2026-01-12 17:30:02,392 - download.async_downloader - WARNING - 下载图片失败(可忽略): RuntimeError: cannot schedule new futures after shutdown (object=2435/1743985076_1743984663_4.jpg)
2026-01-12 17:30:02,422 - download.async_downloader - WARNING - 下载图片失败(可忽略): RuntimeError: cannot schedule new futures after shutdown (object=2435/1743985179_1743984701_5.jpg)
2026-01-12 17:30:02,452 - download.async_downloader - WARNING - 下载图片失败(可忽略): RuntimeError: cannot schedule new futures after shutdown (object=2435/1743985234_1743984766_610.jpg)
2026-01-12 17:30:02,482 - download.async_downloader - WARNING - 下载图片失败(可忽略): RuntimeError: cannot schedule new futures after shutdown (object=2435/1743985275_1743984817_630.jpg)
2026-01-12 17:30:02,512 - download.async_downloader - WARNING - 下载图片失败(可忽略): RuntimeError: cannot schedule new futures after shutdown (object=2435/1743985333_1743984865_710.jpg)
2026-01-12 17:30:02,542 - download.async_downloader - WARNING - 下载图片失败(可忽略): RuntimeError: cannot schedule new futures after shutdown (object=2435/1743992210_1743984917_730.jpg)
2026-01-12 17:30:02,572 - download.async_downloader - WARNING - 下载图片失败(可忽略): RuntimeError: cannot schedule new futures after shutdown (object=2435/1743992310_1743991863_4.jpg)
2026-01-12 17:30:02,603 - download.async_downloader - WARNING - 下载图片失败(可忽略): RuntimeError: cannot schedule new futures after shutdown (object=2435/1743992400_1743991891_5.jpg)
2026-01-12 17:30:02,634 - download.async_downloader - WARNING - 下载图片失败(可忽略): RuntimeError: cannot schedule new futures after shutdown (object=2435/1743992458_1743991949_610.jpg)
2026-01-12 17:30:02,665 - download.async_downloader - WARNING - 下载图片失败(可忽略): RuntimeError: cannot schedule new futures after shutdown (object=2435/1743992515_1743991999_630.jpg)
2026-01-12 17:30:02,696 - download.async_downloader - WARNING - 下载图片失败(可忽略): RuntimeError: cannot schedule new futures after shutdown (object=2435/1743992579_1743992049_710.jpg)
2026-01-12 17:30:02,726 - download.async_downloader - WARNING - 下载图片失败(可忽略): RuntimeError: cannot schedule new futures after shutdown (object=2435/1743992656_1743992099_730.jpg)
2026-01-12 17:30:02,756 - download.async_downloader - WARNING - 下载图片失败(可忽略): RuntimeError: cannot schedule new futures after shutdown (object=2435/1744006634_1744006263_4.jpg)
2026-01-12 17:30:02,786 - download.async_downloader - WARNING - 下载图片失败(可忽略): RuntimeError: cannot schedule new futures after shutdown (object=2435/1744006706_1744006293_5.jpg)
2026-01-12 17:30:02,816 - download.async_downloader - WARNING - 下载图片失败(可忽略): RuntimeError: cannot schedule new futures after shutdown (object=2435/1744006759_1744006350_610.jpg)
2026-01-12 17:30:02,846 - download.async_downloader - WARNING - 下载图片失败(可忽略): RuntimeError: cannot schedule new futures after shutdown (object=2435/1744006797_1744006401_630.jpg)
2026-01-12 17:30:02,877 - download.async_downloader - WARNING - 下载图片失败(可忽略): RuntimeError: cannot schedule new futures after shutdown (object=2435/1744006861_1744006448_710.jpg)
2026-01-12 17:30:02,907 - download.async_downloader - WARNING - 下载图片失败(可忽略): RuntimeError: cannot schedule new futures after shutdown (object=2435/1744006941_1744006503_730.jpg)
2026-01-12 17:30:02,938 - download.async_downloader - WARNING - 下载图片失败(可忽略): RuntimeError: cannot schedule new futures after shutdown (object=2435/1744013898_1744013463_4.jpg)
2026-01-12 17:30:02,968 - download.async_downloader - WARNING - 下载图片失败(可忽略): RuntimeError: cannot schedule new futures after shutdown (object=2435/1744014008_1744013503_5.jpg)
2026-01-12 17:30:02,999 - download.async_downloader - WARNING - 下载图片失败(可忽略): RuntimeError: cannot schedule new futures after shutdown (object=2435/1744014086_1744013565_610.jpg)
2026-01-12 17:30:03,029 - download.async_downloader - WARNING - 下载图片失败(可忽略): RuntimeError: cannot schedule new futures after shutdown (object=2435/1744014135_1744013619_630.jpg)
2026-01-12 17:30:03,060 - download.async_downloader - WARNING - 下载图片失败(可忽略): RuntimeError: cannot schedule new futures after shutdown (object=2435/1744014183_1744013667_710.jpg)
2026-01-12 17:30:03,091 - download.async_downloader - WARNING - 下载图片失败(可忽略): RuntimeError: cannot schedule new futures after shutdown (object=2435/1744014259_1744013714_730.jpg)
2026-01-12 17:30:03,121 - download.async_downloader - WARNING - 下载图片失败(可忽略): RuntimeError: cannot schedule new futures after shutdown (object=2435/1744071429_1744071063_4.jpg)
2026-01-12 17:30:03,152 - download.async_downloader - WARNING - 下载图片失败(可忽略): RuntimeError: cannot schedule new futures after shutdown (object=2435/1744071508_1744071091_5.jpg)
2026-01-12 17:30:03,182 - download.async_downloader - WARNING - 下载图片失败(可忽略): RuntimeError: cannot schedule new futures after shutdown (object=2435/1744078575_1744071148_610.jpg)
2026-01-12 17:30:03,212 - download.async_downloader - WARNING - 下载图片失败(可忽略): RuntimeError: cannot schedule new futures after shutdown (object=2435/1744078609_1744071199_630.jpg)
2026-01-12 17:30:03,243 - download.async_downloader - WARNING - 下载图片失败(可忽略): RuntimeError: cannot schedule new futures after shutdown (object=2435/1744078670_1744071244_710.jpg)
2026-01-12 17:30:03,273 - download.async_downloader - WARNING - 下载图片失败(可忽略): RuntimeError: cannot schedule new futures after shutdown (object=2435/1744078732_1744071296_730.jpg)
2026-01-12 17:30:03,304 - download.async_downloader - WARNING - 下载图片失败(可忽略): RuntimeError: cannot schedule new futures after shutdown (object=2435/1744078826_1744078263_4.jpg)
2026-01-12 17:30:03,334 - download.async_downloader - WARNING - 下载图片失败(可忽略): RuntimeError: cannot schedule new futures after shutdown (object=2435/1744078894_1744078287_5.jpg)
2026-01-12 17:30:03,364 - download.async_downloader - WARNING - 下载图片失败(可忽略): RuntimeError: cannot schedule new futures after shutdown (object=2435/1744078945_1744078344_610.jpg)
2026-01-12 17:30:03,395 - download.async_downloader - WARNING - 下载图片失败(可忽略): RuntimeError: cannot schedule new futures after shutdown (object=2435/1744078981_1744078394_630.jpg)
2026-01-12 17:30:03,425 - download.async_downloader - WARNING - 下载图片失败(可忽略): RuntimeError: cannot schedule new futures after shutdown (object=2435/1744079037_1744078440_710.jpg)
2026-01-12 17:30:03,440 - download.async_downloader - WARNING - 下载图片失败(可忽略): RuntimeError: cannot schedule new futures after shutdown (object=2435/1744079100_1744078492_730.jpg)
2026-01-12 17:30:03,471 - download.async_downloader - WARNING - 下载图片失败(可忽略): RuntimeError: cannot schedule new futures after shutdown (object=2435/1744093043_1744092664_4.jpg)
2026-01-12 17:30:03,501 - download.async_downloader - WARNING - 下载图片失败(可忽略): RuntimeError: cannot schedule new futures after shutdown (object=2435/1744093129_1744092692_5.jpg)
2026-01-12 17:30:03,532 - download.async_downloader - WARNING - 下载图片失败(可忽略): RuntimeError: cannot schedule new futures after shutdown (object=2435/1744093196_1744092748_610.jpg)
2026-01-12 17:30:03,563 - download.async_downloader - WARNING - 下载图片失败(可忽略): RuntimeError: cannot schedule new futures after shutdown (object=2435/1744093247_1744092798_630.jpg)
2026-01-12 17:30:03,593 - download.async_downloader - WARNING - 下载图片失败(可忽略): RuntimeError: cannot schedule new futures after shutdown (object=2435/1744093321_1744092844_710.jpg)
2026-01-12 17:30:03,623 - download.async_downloader - WARNING - 下载图片失败(可忽略): RuntimeError: cannot schedule new futures after shutdown (object=2435/1744100209_1744092895_730.jpg)
2026-01-12 17:30:03,653 - download.async_downloader - WARNING - 下载图片失败(可忽略): RuntimeError: cannot schedule new futures after shutdown (object=2435/1744100305_1744099863_4.jpg)
2026-01-12 17:30:03,684 - download.async_downloader - WARNING - 下载图片失败(可忽略): RuntimeError: cannot schedule new futures after shutdown (object=2435/1744100379_1744099892_5.jpg)
2026-01-12 17:30:03,715 - download.async_downloader - WARNING - 下载图片失败(可忽略): RuntimeError: cannot schedule new futures after shutdown (object=2435/1744100432_1744099947_610.jpg)
2026-01-12 17:30:03,745 - download.async_downloader - WARNING - 下载图片失败(可忽略): RuntimeError: cannot schedule new futures after shutdown (object=2435/1744100469_1744099997_630.jpg)
2026-01-12 17:30:03,775 - download.async_downloader - WARNING - 下载图片失败(可忽略): RuntimeError: cannot schedule new futures after shutdown (object=2435/1744100531_1744100042_710.jpg)
2026-01-12 17:30:03,805 - download.async_downloader - WARNING - 下载图片失败(可忽略): RuntimeError: cannot schedule new futures after shutdown (object=2435/1744100597_1744100104_730.jpg)
2026-01-12 17:30:03,836 - download.async_downloader - WARNING - 下载图片失败(可忽略): RuntimeError: cannot schedule new futures after shutdown (object=2435/1744157895_1744157463_4.jpg)
2026-01-12 17:30:03,866 - download.async_downloader - WARNING - 下载图片失败(可忽略): RuntimeError: cannot schedule new futures after shutdown (object=2435/1744158001_1744157501_5.jpg)
2026-01-12 17:30:03,896 - download.async_downloader - WARNING - 下载图片失败(可忽略): RuntimeError: cannot schedule new futures after shutdown (object=2435/1744158059_1744157566_610.jpg)
2026-01-12 17:30:03,926 - download.async_downloader - WARNING - 下载图片失败(可忽略): RuntimeError: cannot schedule new futures after shutdown (object=2435/1744158098_1744157627_630.jpg)
2026-01-12 17:30:03,956 - download.async_downloader - WARNING - 下载图片失败(可忽略): RuntimeError: cannot schedule new futures after shutdown (object=2435/1744165012_1744157673_710.jpg)
2026-01-12 17:30:03,971 - download.async_downloader - WARNING - 下载图片失败(可忽略): RuntimeError: cannot schedule new futures after shutdown (object=2435/1744165082_1744157725_730.jpg)
2026-01-12 17:30:04,002 - download.async_downloader - WARNING - 下载图片失败(可忽略): RuntimeError: cannot schedule new futures after shutdown (object=2435/1744179467_1744164663_4.jpg)
2026-01-12 17:30:04,033 - download.async_downloader - WARNING - 下载图片失败(可忽略): RuntimeError: cannot schedule new futures after shutdown (object=2435/1744179711_1744164697_5.jpg)
2026-01-12 17:30:04,064 - download.async_downloader - WARNING - 下载图片失败(可忽略): RuntimeError: cannot schedule new futures after shutdown (object=2435/1744179750_1744164758_610.jpg)
2026-01-12 17:30:04,093 - download.async_downloader - WARNING - 下载图片失败(可忽略): RuntimeError: cannot schedule new futures after shutdown (object=2435/1744179777_1744164810_630.jpg)
2026-01-12 17:30:04,123 - download.async_downloader - WARNING - 下载图片失败(可忽略): RuntimeError: cannot schedule new futures after shutdown (object=2435/1744179817_1744164856_710.jpg)
2026-01-12 17:30:04,154 - download.async_downloader - WARNING - 下载图片失败(可忽略): RuntimeError: cannot schedule new futures after shutdown (object=2435/1744179863_1744164908_730.jpg)
2026-01-12 17:30:04,184 - download.async_downloader - WARNING - 下载图片失败(可忽略): RuntimeError: cannot schedule new futures after shutdown (object=2435/1744179944_1744179063_4.jpg)
2026-01-12 17:30:04,214 - download.async_downloader - WARNING - 下载图片失败(可忽略): RuntimeError: cannot schedule new futures after shutdown (object=2435/1744180006_1744179098_5.jpg)
2026-01-12 17:30:04,245 - download.async_downloader - WARNING - 下载图片失败(可忽略): RuntimeError: cannot schedule new futures after shutdown (object=2435/1744180048_1744179160_610.jpg)
2026-01-12 17:30:04,275 - download.async_downloader - WARNING - 下载图片失败(可忽略): RuntimeError: cannot schedule new futures after shutdown (object=2435/1744180078_1744179212_630.jpg)
2026-01-12 17:30:04,306 - download.async_downloader - WARNING - 下载图片失败(可忽略): RuntimeError: cannot schedule new futures after shutdown (object=2435/1744180121_1744179260_710.jpg)
2026-01-12 17:30:04,337 - download.async_downloader - WARNING - 下载图片失败(可忽略): RuntimeError: cannot schedule new futures after shutdown (object=2435/1744180169_1744179313_730.jpg)
2026-01-12 17:30:04,367 - download.async_downloader - WARNING - 下载图片失败(可忽略): RuntimeError: cannot schedule new futures after shutdown (object=2435/1744186921_1744186263_4.jpg)
2026-01-12 17:30:04,397 - download.async_downloader - WARNING - 下载图片失败(可忽略): RuntimeError: cannot schedule new futures after shutdown (object=2435/1744244262_1744186295_5.jpg)
2026-01-12 17:30:04,427 - download.async_downloader - WARNING - 下载图片失败(可忽略): RuntimeError: cannot schedule new futures after shutdown (object=2435/1744244322_1744186353_610.jpg)
2026-01-12 17:30:04,458 - download.async_downloader - WARNING - 下载图片失败(可忽略): RuntimeError: cannot schedule new futures after shutdown (object=2435/1744244370_1744186403_630.jpg)
2026-01-12 17:30:04,489 - download.async_downloader - WARNING - 下载图片失败(可忽略): RuntimeError: cannot schedule new futures after shutdown (object=2435/1744251397_1744186449_710.jpg)
2026-01-12 17:30:04,518 - download.async_downloader - WARNING - 下载图片失败(可忽略): RuntimeError: cannot schedule new futures after shutdown (object=2435/1744251461_1744186497_730.jpg)
2026-01-12 17:30:04,534 - download.async_downloader - WARNING - 下载图片失败(可忽略): RuntimeError: cannot schedule new futures after shutdown (object=2435/1744251599_1744243863_4.jpg)
2026-01-12 17:30:04,565 - download.async_downloader - WARNING - 下载图片失败(可忽略): RuntimeError: cannot schedule new futures after shutdown (object=2435/1744251716_1744243904_5.jpg)
2026-01-12 17:30:04,596 - download.async_downloader - WARNING - 下载图片失败(可忽略): RuntimeError: cannot schedule new futures after shutdown (object=2435/1744251778_1744243973_610.jpg)
2026-01-12 17:30:04,626 - download.async_downloader - WARNING - 下载图片失败(可忽略): RuntimeError: cannot schedule new futures after shutdown (object=2435/1744251819_1744244026_630.jpg)
2026-01-12 17:30:04,658 - download.async_downloader - WARNING - 下载图片失败(可忽略): RuntimeError: cannot schedule new futures after shutdown (object=2435/1744251878_1744244073_710.jpg)
2026-01-12 17:30:04,688 - download.async_downloader - WARNING - 下载图片失败(可忽略): RuntimeError: cannot schedule new futures after shutdown (object=2435/1744251954_1744244126_730.jpg)
2026-01-12 17:30:04,718 - download.async_downloader - WARNING - 下载图片失败(可忽略): RuntimeError: cannot schedule new futures after shutdown (object=2435/1744252071_1744251064_4.jpg)
2026-01-12 17:30:04,749 - download.async_downloader - WARNING - 下载图片失败(可忽略): RuntimeError: cannot schedule new futures after shutdown (object=2435/1744252170_1744251099_5.jpg)
2026-01-12 17:30:04,780 - download.async_downloader - WARNING - 下载图片失败(可忽略): RuntimeError: cannot schedule new futures after shutdown (object=2435/1744252228_1744251162_610.jpg)
2026-01-12 17:30:04,802 - download.async_downloader - WARNING - 下载图片失败(可忽略): RuntimeError: cannot schedule new futures after shutdown (object=2435/1744252272_1744251214_630.jpg)
2026-01-12 17:30:04,833 - download.async_downloader - WARNING - 下载图片失败(可忽略): RuntimeError: cannot schedule new futures after shutdown (object=2435/1744252341_1744251261_710.jpg)
2026-01-12 17:30:04,865 - download.async_downloader - WARNING - 下载图片失败(可忽略): RuntimeError: cannot schedule new futures after shutdown (object=2435/1744266092_1744251261_710.jpg)
2026-01-12 17:30:04,896 - download.async_downloader - WARNING - 下载图片失败(可忽略): RuntimeError: cannot schedule new futures after shutdown (object=2435/1744266143_1744251314_730.jpg)
2026-01-12 17:30:04,928 - download.async_downloader - WARNING - 下载图片失败(可忽略): RuntimeError: cannot schedule new futures after shutdown (object=2435/1744273053_1744265463_4.jpg)
2026-01-12 17:30:04,959 - download.async_downloader - WARNING - 下载图片失败(可忽略): RuntimeError: cannot schedule new futures after shutdown (object=2435/1744273144_1744265494_5.jpg)
2026-01-12 17:30:04,990 - download.async_downloader - WARNING - 下载图片失败(可忽略): RuntimeError: cannot schedule new futures after shutdown (object=2435/1744273215_1744265552_610.jpg)
2026-01-12 17:30:05,021 - download.async_downloader - WARNING - 下载图片失败(可忽略): RuntimeError: cannot schedule new futures after shutdown (object=2435/1744330613_1744265604_630.jpg)
2026-01-12 17:30:05,053 - download.async_downloader - WARNING - 下载图片失败(可忽略): RuntimeError: cannot schedule new futures after shutdown (object=2435/1744330682_1744265651_710.jpg)
2026-01-12 17:30:05,083 - download.async_downloader - WARNING - 下载图片失败(可忽略): RuntimeError: cannot schedule new futures after shutdown (object=2435/1744330767_1744265703_730.jpg)
2026-01-12 17:30:05,114 - download.async_downloader - WARNING - 下载图片失败(可忽略): RuntimeError: cannot schedule new futures after shutdown (object=2435/1744330891_1744272664_4.jpg)
2026-01-12 17:30:05,145 - download.async_downloader - WARNING - 下载图片失败(可忽略): RuntimeError: cannot schedule new futures after shutdown (object=2435/1744330978_1744272695_5.jpg)
2026-01-12 17:30:05,176 - download.async_downloader - WARNING - 下载图片失败(可忽略): RuntimeError: cannot schedule new futures after shutdown (object=2435/1744331038_1744272749_610.jpg)
2026-01-12 17:30:05,208 - download.async_downloader - WARNING - 下载图片失败(可忽略): RuntimeError: cannot schedule new futures after shutdown (object=2435/1744331084_1744272799_630.jpg)
2026-01-12 17:30:05,239 - download.async_downloader - WARNING - 下载图片失败(可忽略): RuntimeError: cannot schedule new futures after shutdown (object=2435/1744331145_1744272845_710.jpg)
2026-01-12 17:30:05,270 - download.async_downloader - WARNING - 下载图片失败(可忽略): RuntimeError: cannot schedule new futures after shutdown (object=2435/1744331223_1744272894_730.jpg)
2026-01-12 17:30:05,301 - download.async_downloader - WARNING - 下载图片失败(可忽略): RuntimeError: cannot schedule new futures after shutdown (object=2435/1744331385_1744330264_4.jpg)
2026-01-12 17:30:05,332 - download.async_downloader - WARNING - 下载图片失败(可忽略): RuntimeError: cannot schedule new futures after shutdown (object=2435/1744331525_1744330303_5.jpg)
2026-01-12 17:30:05,364 - download.async_downloader - WARNING - 下载图片失败(可忽略): RuntimeError: cannot schedule new futures after shutdown (object=2435/1744331600_1744330370_610.jpg)
2026-01-12 17:30:05,395 - download.async_downloader - WARNING - 下载图片失败(可忽略): RuntimeError: cannot schedule new futures after shutdown (object=2435/1744331656_1744330422_630.jpg)
2026-01-12 17:30:05,426 - download.async_downloader - WARNING - 下载图片失败(可忽略): RuntimeError: cannot schedule new futures after shutdown (object=2435/1744331733_1744330470_710.jpg)
2026-01-12 17:30:05,457 - download.async_downloader - WARNING - 下载图片失败(可忽略): RuntimeError: cannot schedule new futures after shutdown (object=2435/1744331829_1744330523_730.jpg)
2026-01-12 17:30:05,472 - download.async_downloader - WARNING - 下载图片失败(可忽略): RuntimeError: cannot schedule new futures after shutdown (object=2435/1744337858_1744337463_4.jpg)
2026-01-12 17:30:05,488 - download.async_downloader - WARNING - 下载图片失败(可忽略): RuntimeError: cannot schedule new futures after shutdown (object=2435/1744337946_1744337498_5.jpg)
2026-01-12 17:30:05,503 - download.async_downloader - WARNING - 下载图片失败(可忽略): RuntimeError: cannot schedule new futures after shutdown (object=2435/1744337999_1744337558_610.jpg)
2026-01-12 17:30:05,518 - download.async_downloader - WARNING - 下载图片失败(可忽略): RuntimeError: cannot schedule new futures after shutdown (object=2435/1744338041_1744337610_630.jpg)
2026-01-12 17:30:05,549 - download.async_downloader - WARNING - 下载图片失败(可忽略): RuntimeError: cannot schedule new futures after shutdown (object=2435/1744352173_1744337658_710.jpg)
2026-01-12 17:30:05,560 - download.async_downloader - WARNING - 下载图片失败(可忽略): RuntimeError: cannot schedule new futures after shutdown (object=2435/1744352241_1744337709_730.jpg)
2026-01-12 17:30:05,595 - download.async_downloader - WARNING - 下载图片失败(可忽略): RuntimeError: cannot schedule new futures after shutdown (object=2435/1744352315_1744351863_4.jpg)
2026-01-12 17:30:05,626 - download.async_downloader - WARNING - 下载图片失败(可忽略): RuntimeError: cannot schedule new futures after shutdown (object=2435/1744352373_1744351888_5.jpg)
2026-01-12 17:30:05,641 - download.async_downloader - WARNING - 下载图片失败(可忽略): RuntimeError: cannot schedule new futures after shutdown (object=2435/1744352419_1744351942_610.jpg)
2026-01-12 17:30:05,672 - download.async_downloader - WARNING - 下载图片失败(可忽略): RuntimeError: cannot schedule new futures after shutdown (object=2435/1744352450_1744351991_630.jpg)
2026-01-12 17:30:05,702 - download.async_downloader - WARNING - 下载图片失败(可忽略): RuntimeError: cannot schedule new futures after shutdown (object=2435/1744352494_1744352036_710.jpg)
2026-01-12 17:30:05,733 - download.async_downloader - WARNING - 下载图片失败(可忽略): RuntimeError: cannot schedule new futures after shutdown (object=2435/1744352551_1744352085_730.jpg)
2026-01-12 17:30:05,764 - download.async_downloader - WARNING - 下载图片失败(可忽略): RuntimeError: cannot schedule new futures after shutdown (object=2435/1744359405_1744359063_4.jpg)
2026-01-12 17:30:05,794 - download.async_downloader - WARNING - 下载图片失败(可忽略): RuntimeError: cannot schedule new futures after shutdown (object=2435/1744359465_1744359088_5.jpg)
2026-01-12 17:30:05,825 - download.async_downloader - WARNING - 下载图片失败(可忽略): RuntimeError: cannot schedule new futures after shutdown (object=2435/1744359519_1744359141_610.jpg)
2026-01-12 17:30:05,856 - download.async_downloader - WARNING - 下载图片失败(可忽略): RuntimeError: cannot schedule new futures after shutdown (object=2435/1744359555_1744359191_630.jpg)
2026-01-12 17:30:05,887 - download.async_downloader - WARNING - 下载图片失败(可忽略): RuntimeError: cannot schedule new futures after shutdown (object=2435/1744359605_1744359237_710.jpg)
2026-01-12 17:30:05,919 - download.async_downloader - WARNING - 下载图片失败(可忽略): RuntimeError: cannot schedule new futures after shutdown (object=2435/1744416969_1744359286_730.jpg)
2026-01-12 17:30:05,949 - download.async_downloader - WARNING - 下载图片失败(可忽略): RuntimeError: cannot schedule new futures after shutdown (object=2435/1744417034_1744416663_4.jpg)
2026-01-12 17:30:05,980 - download.async_downloader - WARNING - 下载图片失败(可忽略): RuntimeError: cannot schedule new futures after shutdown (object=2435/1744417085_1744416685_5.jpg)
2026-01-12 17:30:06,011 - download.async_downloader - WARNING - 下载图片失败(可忽略): RuntimeError: cannot schedule new futures after shutdown (object=2435/1744417132_1744416737_610.jpg)
2026-01-12 17:30:06,042 - download.async_downloader - WARNING - 下载图片失败(可忽略): RuntimeError: cannot schedule new futures after shutdown (object=2435/1744417170_1744416787_630.jpg)
2026-01-12 17:30:06,073 - download.async_downloader - WARNING - 下载图片失败(可忽略): RuntimeError: cannot schedule new futures after shutdown (object=2435/1744424185_1744416835_710.jpg)
2026-01-12 17:30:06,104 - download.async_downloader - WARNING - 下载图片失败(可忽略): RuntimeError: cannot schedule new futures after shutdown (object=2435/1744424257_1744416886_730.jpg)
2026-01-12 17:30:06,136 - download.async_downloader - WARNING - 下载图片失败(可忽略): RuntimeError: cannot schedule new futures after shutdown (object=2435/1744424341_1744423863_4.jpg)
2026-01-12 17:30:06,167 - download.async_downloader - WARNING - 下载图片失败(可忽略): RuntimeError: cannot schedule new futures after shutdown (object=2435/1744424405_1744423885_5.jpg)
2026-01-12 17:30:06,198 - download.async_downloader - WARNING - 下载图片失败(可忽略): RuntimeError: cannot schedule new futures after shutdown (object=2435/1744438563_1744423937_610.jpg)
2026-01-12 17:30:06,229 - download.async_downloader - WARNING - 下载图片失败(可忽略): RuntimeError: cannot schedule new futures after shutdown (object=2435/1744438873_1744423984_630.jpg)
2026-01-12 17:30:06,260 - download.async_downloader - WARNING - 下载图片失败(可忽略): RuntimeError: cannot schedule new futures after shutdown (object=2435/1744503380_1744424029_710.jpg)
2026-01-12 17:30:06,291 - download.async_downloader - WARNING - 下载图片失败(可忽略): RuntimeError: cannot schedule new futures after shutdown (object=2435/1744503438_1744424080_730.jpg)
2026-01-12 17:30:06,322 - download.async_downloader - WARNING - 下载图片失败(可忽略): RuntimeError: cannot schedule new futures after shutdown (object=2435/1744503502_1744438263_4.jpg)
2026-01-12 17:30:06,353 - download.async_downloader - WARNING - 下载图片失败(可忽略): RuntimeError: cannot schedule new futures after shutdown (object=2435/1744503557_1744438284_5.jpg)
2026-01-12 17:30:06,384 - download.async_downloader - WARNING - 下载图片失败(可忽略): RuntimeError: cannot schedule new futures after shutdown (object=2435/1744503604_1744438335_610.jpg)
2026-01-12 17:30:06,415 - download.async_downloader - WARNING - 下载图片失败(可忽略): RuntimeError: cannot schedule new futures after shutdown (object=2435/1744503637_1744438384_630.jpg)
2026-01-12 17:30:06,446 - download.async_downloader - WARNING - 下载图片失败(可忽略): RuntimeError: cannot schedule new futures after shutdown (object=2435/1744510581_1744438427_710.jpg)
2026-01-12 17:30:06,476 - download.async_downloader - WARNING - 下载图片失败(可忽略): RuntimeError: cannot schedule new futures after shutdown (object=2435/1744510635_1744438478_730.jpg)
2026-01-12 17:30:06,507 - download.async_downloader - WARNING - 下载图片失败(可忽略): RuntimeError: cannot schedule new futures after shutdown (object=2435/1744510710_1744445463_4.jpg)
2026-01-12 17:30:06,538 - download.async_downloader - WARNING - 下载图片失败(可忽略): RuntimeError: cannot schedule new futures after shutdown (object=2435/1744510764_1744445484_5.jpg)
2026-01-12 17:30:06,568 - download.async_downloader - WARNING - 下载图片失败(可忽略): RuntimeError: cannot schedule new futures after shutdown (object=2435/1744510809_1744445533_610.jpg)
2026-01-12 17:30:06,600 - download.async_downloader - WARNING - 下载图片失败(可忽略): RuntimeError: cannot schedule new futures after shutdown (object=2435/1744510843_1744445580_630.jpg)
2026-01-12 17:30:06,631 - download.async_downloader - WARNING - 下载图片失败(可忽略): RuntimeError: cannot schedule new futures after shutdown (object=2435/1744510893_1744445625_710.jpg)
2026-01-12 17:30:06,662 - download.async_downloader - WARNING - 下载图片失败(可忽略): RuntimeError: cannot schedule new futures after shutdown (object=2435/1744510946_1744445676_730.jpg)
2026-01-12 17:30:06,694 - download.async_downloader - WARNING - 下载图片失败(可忽略): RuntimeError: cannot schedule new futures after shutdown (object=2435/1744525019_1744503063_4.jpg)
2026-01-12 17:30:06,724 - download.async_downloader - WARNING - 下载图片失败(可忽略): RuntimeError: cannot schedule new futures after shutdown (object=2435/1744525092_1744503088_5.jpg)
2026-01-12 17:30:06,756 - download.async_downloader - WARNING - 下载图片失败(可忽略): RuntimeError: cannot schedule new futures after shutdown (object=2435/1744525140_1744503143_610.jpg)
2026-01-12 17:30:06,786 - download.async_downloader - WARNING - 下载图片失败(可忽略): RuntimeError: cannot schedule new futures after shutdown (object=2435/1744525174_1744503192_630.jpg)
2026-01-12 17:30:06,817 - download.async_downloader - WARNING - 下载图片失败(可忽略): RuntimeError: cannot schedule new futures after shutdown (object=2435/1744525229_1744503237_710.jpg)
2026-01-12 17:30:06,849 - download.async_downloader - WARNING - 下载图片失败(可忽略): RuntimeError: cannot schedule new futures after shutdown (object=2435/1744525295_1744503289_730.jpg)
2026-01-12 17:30:06,880 - download.async_downloader - WARNING - 下载图片失败(可忽略): RuntimeError: cannot schedule new futures after shutdown (object=2435/1744525374_1744510263_4.jpg)
2026-01-12 17:30:06,910 - download.async_downloader - WARNING - 下载图片失败(可忽略): RuntimeError: cannot schedule new futures after shutdown (object=2435/1744525441_1744510288_5.jpg)
2026-01-12 17:30:06,942 - download.async_downloader - WARNING - 下载图片失败(可忽略): RuntimeError: cannot schedule new futures after shutdown (object=2435/1744525491_1744510343_610.jpg)
2026-01-12 17:30:06,972 - download.async_downloader - WARNING - 下载图片失败(可忽略): RuntimeError: cannot schedule new futures after shutdown (object=2435/1744525535_1744510393_630.jpg)
2026-01-12 17:30:06,988 - download.async_downloader - WARNING - 下载图片失败(可忽略): RuntimeError: cannot schedule new futures after shutdown (object=2435/1744525587_1744510441_710.jpg)
2026-01-12 17:30:07,003 - download.async_downloader - WARNING - 下载图片失败(可忽略): RuntimeError: cannot schedule new futures after shutdown (object=2435/1744525644_1744510493_730.jpg)
2026-01-12 17:30:07,034 - download.async_downloader - WARNING - 下载图片失败(可忽略): RuntimeError: cannot schedule new futures after shutdown (object=2435/1744525713_1744524663_4.jpg)
2026-01-12 17:30:07,065 - download.async_downloader - WARNING - 下载图片失败(可忽略): RuntimeError: cannot schedule new futures after shutdown (object=2435/1744525771_1744524686_5.jpg)
2026-01-12 17:30:07,096 - download.async_downloader - WARNING - 下载图片失败(可忽略): RuntimeError: cannot schedule new futures after shutdown (object=2435/1744525820_1744524738_610.jpg)
2026-01-12 17:30:07,127 - download.async_downloader - WARNING - 下载图片失败(可忽略): RuntimeError: cannot schedule new futures after shutdown (object=2435/1744525868_1744524788_630.jpg)
2026-01-12 17:30:07,158 - download.async_downloader - WARNING - 下载图片失败(可忽略): RuntimeError: cannot schedule new futures after shutdown (object=2435/1744525928_1744524837_710.jpg)
2026-01-12 17:30:07,189 - download.async_downloader - WARNING - 下载图片失败(可忽略): RuntimeError: cannot schedule new futures after shutdown (object=2435/1744525988_1744524908_730.jpg)
2026-01-12 17:30:07,219 - download.async_downloader - WARNING - 下载图片失败(可忽略): RuntimeError: cannot schedule new futures after shutdown (object=2435/1744532192_1744531864_4.jpg)
2026-01-12 17:30:07,251 - download.async_downloader - WARNING - 下载图片失败(可忽略): RuntimeError: cannot schedule new futures after shutdown (object=2435/1744532250_1744531887_5.jpg)
2026-01-12 17:30:07,282 - download.async_downloader - WARNING - 下载图片失败(可忽略): RuntimeError: cannot schedule new futures after shutdown (object=2435/1744532296_1744531938_610.jpg)
2026-01-12 17:30:07,313 - download.async_downloader - WARNING - 下载图片失败(可忽略): RuntimeError: cannot schedule new futures after shutdown (object=2435/1744532331_1744531987_630.jpg)
2026-01-12 17:30:07,343 - download.async_downloader - WARNING - 下载图片失败(可忽略): RuntimeError: cannot schedule new futures after shutdown (object=2435/1744532484_1744532032_710.jpg)
2026-01-12 17:30:07,374 - download.async_downloader - WARNING - 下载图片失败(可忽略): RuntimeError: cannot schedule new futures after shutdown (object=2435/1744532522_1744532082_730.jpg)
2026-01-12 17:30:07,405 - download.async_downloader - WARNING - 下载图片失败(可忽略): RuntimeError: cannot schedule new futures after shutdown (object=2435/1744589858_1744589463_4.jpg)
2026-01-12 17:30:07,436 - download.async_downloader - WARNING - 下载图片失败(可忽略): RuntimeError: cannot schedule new futures after shutdown (object=2435/1744589956_1744589494_5.jpg)
2026-01-12 17:30:07,467 - download.async_downloader - WARNING - 下载图片失败(可忽略): RuntimeError: cannot schedule new futures after shutdown (object=2435/1744590020_1744589553_610.jpg)
2026-01-12 17:30:07,499 - download.async_downloader - WARNING - 下载图片失败(可忽略): RuntimeError: cannot schedule new futures after shutdown (object=2435/1744596999_1744589604_630.jpg)
2026-01-12 17:30:07,529 - download.async_downloader - WARNING - 下载图片失败(可忽略): RuntimeError: cannot schedule new futures after shutdown (object=2435/1744597065_1744589654_710.jpg)
2026-01-12 17:30:07,561 - download.async_downloader - WARNING - 下载图片失败(可忽略): RuntimeError: cannot schedule new futures after shutdown (object=2435/1744597145_1744589706_730.jpg)
2026-01-12 17:30:07,593 - download.async_downloader - WARNING - 下载图片失败(可忽略): RuntimeError: cannot schedule new futures after shutdown (object=2435/1744597242_1744596663_4.jpg)
2026-01-12 17:30:07,624 - download.async_downloader - WARNING - 下载图片失败(可忽略): RuntimeError: cannot schedule new futures after shutdown (object=2435/1744597321_1744596689_5.jpg)
2026-01-12 17:30:07,655 - download.async_downloader - WARNING - 下载图片失败(可忽略): RuntimeError: cannot schedule new futures after shutdown (object=2435/1744597380_1744596741_610.jpg)
2026-01-12 17:30:07,686 - download.async_downloader - WARNING - 下载图片失败(可忽略): RuntimeError: cannot schedule new futures after shutdown (object=2435/1744597437_1744596792_630.jpg)
2026-01-12 17:30:07,717 - download.async_downloader - WARNING - 下载图片失败(可忽略): RuntimeError: cannot schedule new futures after shutdown (object=2435/1744597502_1744596842_710.jpg)
2026-01-12 17:30:07,752 - download.async_downloader - WARNING - 下载图片失败(可忽略): RuntimeError: cannot schedule new futures after shutdown (object=2435/1744597577_1744596904_730.jpg)
2026-01-12 17:30:07,783 - download.async_downloader - WARNING - 下载图片失败(可忽略): RuntimeError: cannot schedule new futures after shutdown (object=2435/1744611425_1744611064_4.jpg)
2026-01-12 17:30:07,814 - download.async_downloader - WARNING - 下载图片失败(可忽略): RuntimeError: cannot schedule new futures after shutdown (object=2435/1744611498_1744611090_5.jpg)
2026-01-12 17:30:07,846 - download.async_downloader - WARNING - 下载图片失败(可忽略): RuntimeError: cannot schedule new futures after shutdown (object=2435/1744611688_1744611146_610.jpg)
2026-01-12 17:30:07,876 - download.async_downloader - WARNING - 下载图片失败(可忽略): RuntimeError: cannot schedule new futures after shutdown (object=2435/1744611718_1744611198_630.jpg)
2026-01-12 17:30:07,907 - download.async_downloader - WARNING - 下载图片失败(可忽略): RuntimeError: cannot schedule new futures after shutdown (object=2435/1744611760_1744611245_710.jpg)
2026-01-12 17:30:07,939 - download.async_downloader - WARNING - 下载图片失败(可忽略): RuntimeError: cannot schedule new futures after shutdown (object=2435/1744611806_1744611298_730.jpg)
2026-01-12 17:30:07,970 - download.async_downloader - WARNING - 下载图片失败(可忽略): RuntimeError: cannot schedule new futures after shutdown (object=2435/1744618690_1744618263_4.jpg)
2026-01-12 17:30:08,001 - download.async_downloader - WARNING - 下载图片失败(可忽略): RuntimeError: cannot schedule new futures after shutdown (object=2435/1744618812_1744618301_5.jpg)
2026-01-12 17:30:08,032 - download.async_downloader - WARNING - 下载图片失败(可忽略): RuntimeError: cannot schedule new futures after shutdown (object=2435/1744618887_1744618358_610.jpg)
2026-01-12 17:30:08,063 - download.async_downloader - WARNING - 下载图片失败(可忽略): RuntimeError: cannot schedule new futures after shutdown (object=2435/1744618934_1744618408_630.jpg)
2026-01-12 17:30:08,094 - download.async_downloader - WARNING - 下载图片失败(可忽略): RuntimeError: cannot schedule new futures after shutdown (object=2435/1744619007_1744618455_710.jpg)
2026-01-12 17:30:08,125 - download.async_downloader - WARNING - 下载图片失败(可忽略): RuntimeError: cannot schedule new futures after shutdown (object=2435/1744619085_1744618506_730.jpg)
2026-01-12 17:30:08,157 - download.async_downloader - WARNING - 下载图片失败(可忽略): RuntimeError: cannot schedule new futures after shutdown (object=2435/1744676531_1744675863_4.jpg)
2026-01-12 17:30:08,187 - download.async_downloader - WARNING - 下载图片失败(可忽略): RuntimeError: cannot schedule new futures after shutdown (object=2435/1744676603_1744675900_5.jpg)
2026-01-12 17:30:08,219 - download.async_downloader - WARNING - 下载图片失败(可忽略): RuntimeError: cannot schedule new futures after shutdown (object=2435/1744676646_1744675965_610.jpg)
2026-01-12 17:30:08,250 - download.async_downloader - WARNING - 下载图片失败(可忽略): RuntimeError: cannot schedule new futures after shutdown (object=2435/1744676676_1744676018_630.jpg)
2026-01-12 17:30:08,281 - download.async_downloader - WARNING - 下载图片失败(可忽略): RuntimeError: cannot schedule new futures after shutdown (object=2435/1744676721_1744676066_710.jpg)
2026-01-12 17:30:08,311 - download.async_downloader - WARNING - 下载图片失败(可忽略): RuntimeError: cannot schedule new futures after shutdown (object=2435/1744676769_1744676120_730.jpg)
2026-01-12 17:30:08,342 - download.async_downloader - WARNING - 下载图片失败(可忽略): RuntimeError: cannot schedule new futures after shutdown (object=2435/1744683463_1744683063_4.jpg)
2026-01-12 17:30:08,374 - download.async_downloader - WARNING - 下载图片失败(可忽略): RuntimeError: cannot schedule new futures after shutdown (object=2435/1744683556_1744683090_5.jpg)
2026-01-12 17:30:08,405 - download.async_downloader - WARNING - 下载图片失败(可忽略): RuntimeError: cannot schedule new futures after shutdown (object=2435/1744697771_1744683149_610.jpg)
2026-01-12 17:30:08,437 - download.async_downloader - WARNING - 下载图片失败(可忽略): RuntimeError: cannot schedule new futures after shutdown (object=2435/1744697804_1744683201_630.jpg)
2026-01-12 17:30:08,468 - download.async_downloader - WARNING - 下载图片失败(可忽略): RuntimeError: cannot schedule new futures after shutdown (object=2435/1744697858_1744683248_710.jpg)
2026-01-12 17:30:08,499 - download.async_downloader - WARNING - 下载图片失败(可忽略): RuntimeError: cannot schedule new futures after shutdown (object=2435/1744697915_1744683297_730.jpg)
2026-01-12 17:30:08,529 - download.async_downloader - WARNING - 下载图片失败(可忽略): RuntimeError: cannot schedule new futures after shutdown (object=2435/1744697996_1744697463_4.jpg)
2026-01-12 17:30:08,561 - download.async_downloader - WARNING - 下载图片失败(可忽略): RuntimeError: cannot schedule new futures after shutdown (object=2435/1744698043_1744697491_5.jpg)
2026-01-12 17:30:08,592 - download.async_downloader - WARNING - 下载图片失败(可忽略): RuntimeError: cannot schedule new futures after shutdown (object=2435/1744698089_1744697543_610.jpg)
2026-01-12 17:30:08,623 - download.async_downloader - WARNING - 下载图片失败(可忽略): RuntimeError: cannot schedule new futures after shutdown (object=2435/1744698117_1744697590_630.jpg)
2026-01-12 17:30:08,653 - download.async_downloader - WARNING - 下载图片失败(可忽略): RuntimeError: cannot schedule new futures after shutdown (object=2435/1744698163_1744697635_710.jpg)
2026-01-12 17:30:08,684 - download.async_downloader - WARNING - 下载图片失败(可忽略): RuntimeError: cannot schedule new futures after shutdown (object=2435/1744698211_1744697684_730.jpg)
2026-01-12 17:30:08,716 - download.async_downloader - WARNING - 下载图片失败(可忽略): RuntimeError: cannot schedule new futures after shutdown (object=2435/1744762625_1744704663_4.jpg)
2026-01-12 17:30:08,747 - download.async_downloader - WARNING - 下载图片失败(可忽略): RuntimeError: cannot schedule new futures after shutdown (object=2435/1744762686_1744704691_5.jpg)
2026-01-12 17:30:08,778 - download.async_downloader - WARNING - 下载图片失败(可忽略): RuntimeError: cannot schedule new futures after shutdown (object=2435/1744762730_1744704744_610.jpg)
2026-01-12 17:30:08,809 - download.async_downloader - WARNING - 下载图片失败(可忽略): RuntimeError: cannot schedule new futures after shutdown (object=2435/1744762759_1744704804_630.jpg)
2026-01-12 17:30:08,840 - download.async_downloader - WARNING - 下载图片失败(可忽略): RuntimeError: cannot schedule new futures after shutdown (object=2435/1744769801_1744704849_710.jpg)
2026-01-12 17:30:08,870 - download.async_downloader - WARNING - 下载图片失败(可忽略): RuntimeError: cannot schedule new futures after shutdown (object=2435/1744769861_1744704900_730.jpg)
2026-01-12 17:30:08,901 - download.async_downloader - WARNING - 下载图片失败(可忽略): RuntimeError: cannot schedule new futures after shutdown (object=2435/1744769985_1744762263_4.jpg)
2026-01-12 17:30:08,931 - download.async_downloader - WARNING - 下载图片失败(可忽略): RuntimeError: cannot schedule new futures after shutdown (object=2435/1744770079_1744762299_5.jpg)
2026-01-12 17:30:08,962 - download.async_downloader - WARNING - 下载图片失败(可忽略): RuntimeError: cannot schedule new futures after shutdown (object=2435/1744770139_1744762361_610.jpg)
2026-01-12 17:30:08,993 - download.async_downloader - WARNING - 下载图片失败(可忽略): RuntimeError: cannot schedule new futures after shutdown (object=2435/1744770181_1744762413_630.jpg)
2026-01-12 17:30:09,023 - download.async_downloader - WARNING - 下载图片失败(可忽略): RuntimeError: cannot schedule new futures after shutdown (object=2435/1744770243_1744762460_710.jpg)
2026-01-12 17:30:09,055 - download.async_downloader - WARNING - 下载图片失败(可忽略): RuntimeError: cannot schedule new futures after shutdown (object=2435/1744770316_1744762513_730.jpg)
2026-01-12 17:30:09,085 - download.async_downloader - WARNING - 下载图片失败(可忽略): RuntimeError: cannot schedule new futures after shutdown (object=2435/1744770419_1744769463_4.jpg)
2026-01-12 17:30:09,116 - download.async_downloader - WARNING - 下载图片失败(可忽略): RuntimeError: cannot schedule new futures after shutdown (object=2435/1744784503_1744769496_5.jpg)
2026-01-12 17:30:09,146 - download.async_downloader - WARNING - 下载图片失败(可忽略): RuntimeError: cannot schedule new futures after shutdown (object=2435/1744784543_1744769554_610.jpg)
2026-01-12 17:30:09,176 - download.async_downloader - WARNING - 下载图片失败(可忽略): RuntimeError: cannot schedule new futures after shutdown (object=2435/1744784568_1744769615_630.jpg)
2026-01-12 17:30:09,206 - download.async_downloader - WARNING - 下载图片失败(可忽略): RuntimeError: cannot schedule new futures after shutdown (object=2435/1744784605_1744769661_710.jpg)
2026-01-12 17:30:09,221 - download.async_downloader - WARNING - 下载图片失败(可忽略): RuntimeError: cannot schedule new futures after shutdown (object=2435/1744784654_1744769712_730.jpg)
2026-01-12 17:30:09,251 - download.async_downloader - WARNING - 下载图片失败(可忽略): RuntimeError: cannot schedule new futures after shutdown (object=2435/1744784718_1744783863_4.jpg)
2026-01-12 17:30:09,282 - download.async_downloader - WARNING - 下载图片失败(可忽略): RuntimeError: cannot schedule new futures after shutdown (object=2435/1744784763_1744783887_5.jpg)
2026-01-12 17:30:09,313 - download.async_downloader - WARNING - 下载图片失败(可忽略): RuntimeError: cannot schedule new futures after shutdown (object=2435/1744784797_1744783941_610.jpg)
2026-01-12 17:30:09,344 - download.async_downloader - WARNING - 下载图片失败(可忽略): RuntimeError: cannot schedule new futures after shutdown (object=2435/1744784820_1744783990_630.jpg)
2026-01-12 17:30:09,374 - download.async_downloader - WARNING - 下载图片失败(可忽略): RuntimeError: cannot schedule new futures after shutdown (object=2435/1744784856_1744784035_710.jpg)
2026-01-12 17:30:09,404 - download.async_downloader - WARNING - 下载图片失败(可忽略): RuntimeError: cannot schedule new futures after shutdown (object=2435/1744784897_1744784083_730.jpg)
2026-01-12 17:30:09,434 - download.async_downloader - WARNING - 下载图片失败(可忽略): RuntimeError: cannot schedule new futures after shutdown (object=2435/1744791439_1744791063_4.jpg)
2026-01-12 17:30:09,465 - download.async_downloader - WARNING - 下载图片失败(可忽略): RuntimeError: cannot schedule new futures after shutdown (object=2435/1744791509_1744791095_5.jpg)
2026-01-12 17:30:09,495 - download.async_downloader - WARNING - 下载图片失败(可忽略): RuntimeError: cannot schedule new futures after shutdown (object=2435/1744791685_1744791151_610.jpg)
2026-01-12 17:30:09,525 - download.async_downloader - WARNING - 下载图片失败(可忽略): RuntimeError: cannot schedule new futures after shutdown (object=2435/1744791711_1744791201_630.jpg)
2026-01-12 17:30:09,556 - download.async_downloader - WARNING - 下载图片失败(可忽略): RuntimeError: cannot schedule new futures after shutdown (object=2435/1744791747_1744791247_710.jpg)
2026-01-12 17:30:09,586 - download.async_downloader - WARNING - 下载图片失败(可忽略): RuntimeError: cannot schedule new futures after shutdown (object=2435/1744849028_1744791297_730.jpg)
2026-01-12 17:30:09,617 - download.async_downloader - WARNING - 下载图片失败(可忽略): RuntimeError: cannot schedule new futures after shutdown (object=2435/1744849173_1744848663_4.jpg)
2026-01-12 17:30:09,647 - download.async_downloader - WARNING - 下载图片失败(可忽略): RuntimeError: cannot schedule new futures after shutdown (object=2435/1744849284_1744848703_5.jpg)
2026-01-12 17:30:09,678 - download.async_downloader - WARNING - 下载图片失败(可忽略): RuntimeError: cannot schedule new futures after shutdown (object=2435/1744849345_1744848766_610.jpg)
2026-01-12 17:30:09,709 - download.async_downloader - WARNING - 下载图片失败(可忽略): RuntimeError: cannot schedule new futures after shutdown (object=2435/1744849390_1744848827_630.jpg)
2026-01-12 17:30:09,740 - download.async_downloader - WARNING - 下载图片失败(可忽略): RuntimeError: cannot schedule new futures after shutdown (object=2435/1744849452_1744848874_710.jpg)
2026-01-12 17:30:09,770 - download.async_downloader - WARNING - 下载图片失败(可忽略): RuntimeError: cannot schedule new futures after shutdown (object=2435/1744849529_1744848924_730.jpg)
2026-01-12 17:30:09,801 - download.async_downloader - WARNING - 下载图片失败(可忽略): RuntimeError: cannot schedule new futures after shutdown (object=2435/1744856246_1744855863_4.jpg)
2026-01-12 17:30:09,831 - download.async_downloader - WARNING - 下载图片失败(可忽略): RuntimeError: cannot schedule new futures after shutdown (object=2435/1744856329_1744855897_5.jpg)
2026-01-12 17:30:09,846 - download.async_downloader - WARNING - 下载图片失败(可忽略): RuntimeError: cannot schedule new futures after shutdown (object=2435/1744856385_1744855956_610.jpg)
2026-01-12 17:30:09,876 - download.async_downloader - WARNING - 下载图片失败(可忽略): RuntimeError: cannot schedule new futures after shutdown (object=2435/1744856438_1744856007_630.jpg)
2026-01-12 17:30:09,906 - download.async_downloader - WARNING - 下载图片失败(可忽略): RuntimeError: cannot schedule new futures after shutdown (object=2435/1744856488_1744856057_710.jpg)
2026-01-12 17:30:09,937 - download.async_downloader - WARNING - 下载图片失败(可忽略): RuntimeError: cannot schedule new futures after shutdown (object=2435/1744856555_1744856108_730.jpg)
2026-01-12 17:30:09,968 - download.async_downloader - WARNING - 下载图片失败(可忽略): RuntimeError: cannot schedule new futures after shutdown (object=2435/1744870916_1744870263_4.jpg)
2026-01-12 17:30:09,999 - download.async_downloader - WARNING - 下载图片失败(可忽略): RuntimeError: cannot schedule new futures after shutdown (object=2435/1744870966_1744870294_5.jpg)
2026-01-12 17:30:10,029 - download.async_downloader - WARNING - 下载图片失败(可忽略): RuntimeError: cannot schedule new futures after shutdown (object=2435/1744871003_1744870357_610.jpg)
2026-01-12 17:30:10,059 - download.async_downloader - WARNING - 下载图片失败(可忽略): RuntimeError: cannot schedule new futures after shutdown (object=2435/1744871027_1744870407_630.jpg)
2026-01-12 17:30:10,089 - download.async_downloader - WARNING - 下载图片失败(可忽略): RuntimeError: cannot schedule new futures after shutdown (object=2435/1744871061_1744870452_710.jpg)
2026-01-12 17:30:10,120 - download.async_downloader - WARNING - 下载图片失败(可忽略): RuntimeError: cannot schedule new futures after shutdown (object=2435/1744871102_1744870502_730.jpg)
2026-01-12 17:30:10,150 - download.async_downloader - WARNING - 下载图片失败(可忽略): RuntimeError: cannot schedule new futures after shutdown (object=2435/1744877803_1744877463_4.jpg)
2026-01-12 17:30:10,181 - download.async_downloader - WARNING - 下载图片失败(可忽略): RuntimeError: cannot schedule new futures after shutdown (object=2435/1744877865_1744877487_5.jpg)
2026-01-12 17:30:10,211 - download.async_downloader - WARNING - 下载图片失败(可忽略): RuntimeError: cannot schedule new futures after shutdown (object=2435/1744877909_1744877541_610.jpg)
2026-01-12 17:30:10,241 - download.async_downloader - WARNING - 下载图片失败(可忽略): RuntimeError: cannot schedule new futures after shutdown (object=2435/1744877943_1744877589_630.jpg)
2026-01-12 17:30:10,273 - download.async_downloader - WARNING - 下载图片失败(可忽略): RuntimeError: cannot schedule new futures after shutdown (object=2435/1744877983_1744877634_710.jpg)
2026-01-12 17:30:10,304 - download.async_downloader - WARNING - 下载图片失败(可忽略): RuntimeError: cannot schedule new futures after shutdown (object=2435/1744935411_1744877682_730.jpg)
2026-01-12 17:30:10,334 - download.async_downloader - WARNING - 下载图片失败(可忽略): RuntimeError: cannot schedule new futures after shutdown (object=2435/1744935533_1744935063_4.jpg)
2026-01-12 17:30:10,364 - download.async_downloader - WARNING - 下载图片失败(可忽略): RuntimeError: cannot schedule new futures after shutdown (object=2435/1744935631_1744935097_5.jpg)
2026-01-12 17:30:10,394 - download.async_downloader - WARNING - 下载图片失败(可忽略): RuntimeError: cannot schedule new futures after shutdown (object=2435/1744935693_1744935157_610.jpg)
2026-01-12 17:30:10,409 - download.async_downloader - WARNING - 下载图片失败(可忽略): RuntimeError: cannot schedule new futures after shutdown (object=2435/1744935735_1744935208_630.jpg)
2026-01-12 17:30:10,424 - download.async_downloader - WARNING - 下载图片失败(可忽略): RuntimeError: cannot schedule new futures after shutdown (object=2435/1744935805_1744935254_710.jpg)
2026-01-12 17:30:10,454 - download.async_downloader - WARNING - 下载图片失败(可忽略): RuntimeError: cannot schedule new futures after shutdown (object=2435/1744935876_1744935307_730.jpg)
2026-01-12 17:30:10,485 - download.async_downloader - WARNING - 下载图片失败(可忽略): RuntimeError: cannot schedule new futures after shutdown (object=2435/1744942644_1744942263_4.jpg)
2026-01-12 17:30:10,517 - download.async_downloader - WARNING - 下载图片失败(可忽略): RuntimeError: cannot schedule new futures after shutdown (object=2435/1744942734_1744942292_5.jpg)
2026-01-12 17:30:10,547 - download.async_downloader - WARNING - 下载图片失败(可忽略): RuntimeError: cannot schedule new futures after shutdown (object=2435/1744957009_1744942349_610.jpg)
2026-01-12 17:30:10,578 - download.async_downloader - WARNING - 下载图片失败(可忽略): RuntimeError: cannot schedule new futures after shutdown (object=2435/1744957272_1744942401_630.jpg)
2026-01-12 17:30:10,609 - download.async_downloader - WARNING - 下载图片失败(可忽略): RuntimeError: cannot schedule new futures after shutdown (object=2435/1744957313_1744942446_710.jpg)
2026-01-12 17:30:10,640 - download.async_downloader - WARNING - 下载图片失败(可忽略): RuntimeError: cannot schedule new futures after shutdown (object=2435/1744957355_1744942498_730.jpg)
2026-01-12 17:30:10,671 - download.async_downloader - WARNING - 下载图片失败(可忽略): RuntimeError: cannot schedule new futures after shutdown (object=2435/1744957434_1744956663_4.jpg)
2026-01-12 17:30:10,702 - download.async_downloader - WARNING - 下载图片失败(可忽略): RuntimeError: cannot schedule new futures after shutdown (object=2435/1744957500_1744956698_5.jpg)
2026-01-12 17:30:10,732 - download.async_downloader - WARNING - 下载图片失败(可忽略): RuntimeError: cannot schedule new futures after shutdown (object=2435/1744957535_1744956761_610.jpg)
2026-01-12 17:30:10,763 - download.async_downloader - WARNING - 下载图片失败(可忽略): RuntimeError: cannot schedule new futures after shutdown (object=2435/1744957560_1744956811_630.jpg)
2026-01-12 17:30:10,793 - download.async_downloader - WARNING - 下载图片失败(可忽略): RuntimeError: cannot schedule new futures after shutdown (object=2435/1744957600_1744956856_710.jpg)
2026-01-12 17:30:10,824 - download.async_downloader - WARNING - 下载图片失败(可忽略): RuntimeError: cannot schedule new futures after shutdown (object=2435/1744957641_1744956908_730.jpg)
2026-01-12 17:30:10,854 - download.async_downloader - WARNING - 下载图片失败(可忽略): RuntimeError: cannot schedule new futures after shutdown (object=2435/1744964257_1744963863_4.jpg)
2026-01-12 17:30:10,885 - download.async_downloader - WARNING - 下载图片失败(可忽略): RuntimeError: cannot schedule new futures after shutdown (object=2435/1744964351_1744963899_5.jpg)
2026-01-12 17:30:10,915 - download.async_downloader - WARNING - 下载图片失败(可忽略): RuntimeError: cannot schedule new futures after shutdown (object=2435/1744964398_1744963961_610.jpg)
2026-01-12 17:30:10,947 - download.async_downloader - WARNING - 下载图片失败(可忽略): RuntimeError: cannot schedule new futures after shutdown (object=2435/1744964429_1744964011_630.jpg)
2026-01-12 17:30:10,977 - download.async_downloader - WARNING - 下载图片失败(可忽略): RuntimeError: cannot schedule new futures after shutdown (object=2435/1744964487_1744964056_710.jpg)
2026-01-12 17:30:11,008 - download.async_downloader - WARNING - 下载图片失败(可忽略): RuntimeError: cannot schedule new futures after shutdown (object=2435/1744964541_1744964108_730.jpg)
2026-01-12 17:30:11,039 - download.async_downloader - WARNING - 下载图片失败(可忽略): RuntimeError: cannot schedule new futures after shutdown (object=2435/1745021856_1745021463_4.jpg)
2026-01-12 17:30:11,069 - download.async_downloader - WARNING - 下载图片失败(可忽略): RuntimeError: cannot schedule new futures after shutdown (object=2435/1745021944_1745021498_5.jpg)
2026-01-12 17:30:11,100 - download.async_downloader - WARNING - 下载图片失败(可忽略): RuntimeError: cannot schedule new futures after shutdown (object=2435/1745021988_1745021561_610.jpg)
2026-01-12 17:30:11,129 - download.async_downloader - WARNING - 下载图片失败(可忽略): RuntimeError: cannot schedule new futures after shutdown (object=2435/1745028995_1745021610_630.jpg)
2026-01-12 17:30:11,160 - download.async_downloader - WARNING - 下载图片失败(可忽略): RuntimeError: cannot schedule new futures after shutdown (object=2435/1745029053_1745021654_710.jpg)
2026-01-12 17:30:11,176 - download.async_downloader - WARNING - 下载图片失败(可忽略): RuntimeError: cannot schedule new futures after shutdown (object=2435/1745029111_1745021707_730.jpg)
2026-01-12 17:30:11,206 - download.async_downloader - WARNING - 下载图片失败(可忽略): RuntimeError: cannot schedule new futures after shutdown (object=2435/1745029235_1745028663_4.jpg)
2026-01-12 17:30:11,237 - download.async_downloader - WARNING - 下载图片失败(可忽略): RuntimeError: cannot schedule new futures after shutdown (object=2435/1745029335_1745028703_5.jpg)
2026-01-12 17:30:11,266 - download.async_downloader - WARNING - 下载图片失败(可忽略): RuntimeError: cannot schedule new futures after shutdown (object=2435/1745029394_1745028770_610.jpg)
2026-01-12 17:30:11,297 - download.async_downloader - WARNING - 下载图片失败(可忽略): RuntimeError: cannot schedule new futures after shutdown (object=2435/1745029433_1745028822_630.jpg)
2026-01-12 17:30:11,327 - download.async_downloader - WARNING - 下载图片失败(可忽略): RuntimeError: cannot schedule new futures after shutdown (object=2435/1745043432_1745028869_710.jpg)
2026-01-12 17:30:11,357 - download.async_downloader - WARNING - 下载图片失败(可忽略): RuntimeError: cannot schedule new futures after shutdown (object=2435/1745043695_1745028922_730.jpg)
2026-01-12 17:30:11,387 - download.async_downloader - WARNING - 下载图片失败(可忽略): RuntimeError: cannot schedule new futures after shutdown (object=2435/1745043782_1745043064_4.jpg)
2026-01-12 17:30:11,417 - download.async_downloader - WARNING - 下载图片失败(可忽略): RuntimeError: cannot schedule new futures after shutdown (object=2435/1745043852_1745043102_5.jpg)
2026-01-12 17:30:11,447 - download.async_downloader - WARNING - 下载图片失败(可忽略): RuntimeError: cannot schedule new futures after shutdown (object=2435/1745043895_1745043166_610.jpg)
2026-01-12 17:30:11,478 - download.async_downloader - WARNING - 下载图片失败(可忽略): RuntimeError: cannot schedule new futures after shutdown (object=2435/1745043927_1745043220_630.jpg)
2026-01-12 17:30:11,508 - download.async_downloader - WARNING - 下载图片失败(可忽略): RuntimeError: cannot schedule new futures after shutdown (object=2435/1745043971_1745043268_710.jpg)
2026-01-12 17:30:11,538 - download.async_downloader - WARNING - 下载图片失败(可忽略): RuntimeError: cannot schedule new futures after shutdown (object=2435/1745044020_1745043321_730.jpg)
2026-01-12 17:30:11,568 - download.async_downloader - WARNING - 下载图片失败(可忽略): RuntimeError: cannot schedule new futures after shutdown (object=2435/1745050684_1745050263_4.jpg)
2026-01-12 17:30:11,599 - download.async_downloader - WARNING - 下载图片失败(可忽略): RuntimeError: cannot schedule new futures after shutdown (object=2435/1745050780_1745050305_5.jpg)
2026-01-12 17:30:11,629 - download.async_downloader - WARNING - 下载图片失败(可忽略): RuntimeError: cannot schedule new futures after shutdown (object=2435/1745050823_1745050368_610.jpg)
2026-01-12 17:30:11,660 - download.async_downloader - WARNING - 下载图片失败(可忽略): RuntimeError: cannot schedule new futures after shutdown (object=2435/1745108186_1745050417_630.jpg)
2026-01-12 17:30:11,691 - download.async_downloader - WARNING - 下载图片失败(可忽略): RuntimeError: cannot schedule new futures after shutdown (object=2435/1745108231_1745050463_710.jpg)
2026-01-12 17:30:11,707 - download.async_downloader - WARNING - 下载图片失败(可忽略): RuntimeError: cannot schedule new futures after shutdown (object=2435/1745108290_1745050511_730.jpg)
2026-01-12 17:30:11,722 - download.async_downloader - WARNING - 下载图片失败(可忽略): RuntimeError: cannot schedule new futures after shutdown (object=2435/1745108413_1745107864_4.jpg)
2026-01-12 17:30:11,737 - download.async_downloader - WARNING - 下载图片失败(可忽略): RuntimeError: cannot schedule new futures after shutdown (object=2435/1745115439_1745107901_5.jpg)
2026-01-12 17:30:11,767 - download.async_downloader - WARNING - 下载图片失败(可忽略): RuntimeError: cannot schedule new futures after shutdown (object=2435/1745115493_1745107965_610.jpg)
2026-01-12 17:30:11,797 - download.async_downloader - WARNING - 下载图片失败(可忽略): RuntimeError: cannot schedule new futures after shutdown (object=2435/1745115527_1745108016_630.jpg)
2026-01-12 17:30:11,828 - download.async_downloader - WARNING - 下载图片失败(可忽略): RuntimeError: cannot schedule new futures after shutdown (object=2435/1745115580_1745108062_710.jpg)
2026-01-12 17:30:11,858 - download.async_downloader - WARNING - 下载图片失败(可忽略): RuntimeError: cannot schedule new futures after shutdown (object=2435/1745115639_1745108114_730.jpg)
2026-01-12 17:30:11,889 - download.async_downloader - WARNING - 下载图片失败(可忽略): RuntimeError: cannot schedule new futures after shutdown (object=2435/1745115751_1745115064_4.jpg)
2026-01-12 17:30:11,919 - download.async_downloader - WARNING - 下载图片失败(可忽略): RuntimeError: cannot schedule new futures after shutdown (object=2435/1745115834_1745115099_5.jpg)
2026-01-12 17:30:11,949 - download.async_downloader - WARNING - 下载图片失败(可忽略): RuntimeError: cannot schedule new futures after shutdown (object=2435/1745115884_1745115155_610.jpg)
2026-01-12 17:30:11,980 - download.async_downloader - WARNING - 下载图片失败(可忽略): RuntimeError: cannot schedule new futures after shutdown (object=2435/1745115919_1745115204_630.jpg)
2026-01-12 17:30:12,011 - download.async_downloader - WARNING - 下载图片失败(可忽略): RuntimeError: cannot schedule new futures after shutdown (object=2435/1745115971_1745115249_710.jpg)
2026-01-12 17:30:12,042 - download.async_downloader - WARNING - 下载图片失败(可忽略): RuntimeError: cannot schedule new futures after shutdown (object=2435/1745116026_1745115311_730.jpg)
2026-01-12 17:30:12,073 - download.async_downloader - WARNING - 下载图片失败(可忽略): RuntimeError: cannot schedule new futures after shutdown (object=2435/1745194613_1745129463_4.jpg)
2026-01-12 17:30:12,103 - download.async_downloader - WARNING - 下载图片失败(可忽略): RuntimeError: cannot schedule new futures after shutdown (object=2435/1745194675_1745129491_5.jpg)
2026-01-12 17:30:12,120 - download.async_downloader - WARNING - 下载图片失败(可忽略): RuntimeError: cannot schedule new futures after shutdown (object=2435/1745194719_1745129546_610.jpg)
2026-01-12 17:30:12,149 - download.async_downloader - WARNING - 下载图片失败(可忽略): RuntimeError: cannot schedule new futures after shutdown (object=2435/1745194751_1745129592_630.jpg)
2026-01-12 17:30:12,179 - download.async_downloader - WARNING - 下载图片失败(可忽略): RuntimeError: cannot schedule new futures after shutdown (object=2435/1745194794_1745129637_710.jpg)
2026-01-12 17:30:12,210 - download.async_downloader - WARNING - 下载图片失败(可忽略): RuntimeError: cannot schedule new futures after shutdown (object=2435/1745194835_1745129686_730.jpg)
2026-01-12 17:30:12,241 - download.async_downloader - WARNING - 下载图片失败(可忽略): RuntimeError: cannot schedule new futures after shutdown (object=2435/1745194923_1745136663_4.jpg)
2026-01-12 17:30:12,271 - download.async_downloader - WARNING - 下载图片失败(可忽略): RuntimeError: cannot schedule new futures after shutdown (object=2435/1745194984_1745136691_5.jpg)
2026-01-12 17:30:12,301 - download.async_downloader - WARNING - 下载图片失败(可忽略): RuntimeError: cannot schedule new futures after shutdown (object=2435/1745195029_1745136745_610.jpg)
2026-01-12 17:30:12,332 - download.async_downloader - WARNING - 下载图片失败(可忽略): RuntimeError: cannot schedule new futures after shutdown (object=2435/1745281012_1745136803_630.jpg)
2026-01-12 17:30:12,363 - download.async_downloader - WARNING - 下载图片失败(可忽略): RuntimeError: cannot schedule new futures after shutdown (object=2435/1745281055_1745136848_710.jpg)
2026-01-12 17:30:12,378 - download.async_downloader - WARNING - 下载图片失败(可忽略): RuntimeError: cannot schedule new futures after shutdown (object=2435/1745281098_1745136897_730.jpg)
2026-01-12 17:30:12,393 - download.async_downloader - WARNING - 下载图片失败(可忽略): RuntimeError: cannot schedule new futures after shutdown (object=2435/1745281200_1745194263_4.jpg)
2026-01-12 17:30:12,424 - download.async_downloader - WARNING - 下载图片失败(可忽略): RuntimeError: cannot schedule new futures after shutdown (object=2435/1745281277_1745194295_5.jpg)
2026-01-12 17:30:12,453 - download.async_downloader - WARNING - 下载图片失败(可忽略): RuntimeError: cannot schedule new futures after shutdown (object=2435/1745281323_1745194353_610.jpg)
2026-01-12 17:30:12,483 - download.async_downloader - WARNING - 下载图片失败(可忽略): RuntimeError: cannot schedule new futures after shutdown (object=2435/1745281355_1745194401_630.jpg)
2026-01-12 17:30:12,514 - download.async_downloader - WARNING - 下载图片失败(可忽略): RuntimeError: cannot schedule new futures after shutdown (object=2435/1745281407_1745194446_710.jpg)
2026-01-12 17:30:12,544 - download.async_downloader - WARNING - 下载图片失败(可忽略): RuntimeError: cannot schedule new futures after shutdown (object=2435/1745281454_1745194496_730.jpg)
2026-01-12 17:30:12,575 - download.async_downloader - WARNING - 下载图片失败(可忽略): RuntimeError: cannot schedule new futures after shutdown (object=2435/1745281561_1745201463_4.jpg)
2026-01-12 17:30:12,605 - download.async_downloader - WARNING - 下载图片失败(可忽略): RuntimeError: cannot schedule new futures after shutdown (object=2435/1745281641_1745201497_5.jpg)
2026-01-12 17:30:12,637 - download.async_downloader - WARNING - 下载图片失败(可忽略): RuntimeError: cannot schedule new futures after shutdown (object=2435/1745281687_1745201556_610.jpg)
2026-01-12 17:30:12,667 - download.async_downloader - WARNING - 下载图片失败(可忽略): RuntimeError: cannot schedule new futures after shutdown (object=2435/1745281719_1745201606_630.jpg)
2026-01-12 17:30:12,698 - download.async_downloader - WARNING - 下载图片失败(可忽略): RuntimeError: cannot schedule new futures after shutdown (object=2435/1745281769_1745201651_710.jpg)
2026-01-12 17:30:12,728 - download.async_downloader - WARNING - 下载图片失败(可忽略): RuntimeError: cannot schedule new futures after shutdown (object=2435/1745281821_1745201701_730.jpg)
2026-01-12 17:30:12,759 - download.async_downloader - WARNING - 下载图片失败(可忽略): RuntimeError: cannot schedule new futures after shutdown (object=2435/1745281943_1745215864_4.jpg)
2026-01-12 17:30:12,790 - download.async_downloader - WARNING - 下载图片失败(可忽略): RuntimeError: cannot schedule new futures after shutdown (object=2435/1745288294_1745215864_4.jpg)
2026-01-12 17:30:12,821 - download.async_downloader - WARNING - 下载图片失败(可忽略): RuntimeError: cannot schedule new futures after shutdown (object=2435/1745288393_1745215900_5.jpg)
2026-01-12 17:30:12,851 - download.async_downloader - WARNING - 下载图片失败(可忽略): RuntimeError: cannot schedule new futures after shutdown (object=2435/1745288442_1745215963_610.jpg)
2026-01-12 17:30:12,881 - download.async_downloader - WARNING - 下载图片失败(可忽略): RuntimeError: cannot schedule new futures after shutdown (object=2435/1745288481_1745216010_630.jpg)
2026-01-12 17:30:12,912 - download.async_downloader - WARNING - 下载图片失败(可忽略): RuntimeError: cannot schedule new futures after shutdown (object=2435/1745288537_1745216054_710.jpg)
2026-01-12 17:30:12,943 - download.async_downloader - WARNING - 下载图片失败(可忽略): RuntimeError: cannot schedule new futures after shutdown (object=2435/1745288595_1745216104_730.jpg)
2026-01-12 17:30:12,973 - download.async_downloader - WARNING - 下载图片失败(可忽略): RuntimeError: cannot schedule new futures after shutdown (object=2435/1745288732_1745223064_4.jpg)
2026-01-12 17:30:13,004 - download.async_downloader - WARNING - 下载图片失败(可忽略): RuntimeError: cannot schedule new futures after shutdown (object=2435/1745288838_1745223104_5.jpg)
2026-01-12 17:30:13,035 - download.async_downloader - WARNING - 下载图片失败(可忽略): RuntimeError: cannot schedule new futures after shutdown (object=2435/1745288895_1745223168_610.jpg)
2026-01-12 17:30:13,067 - download.async_downloader - WARNING - 下载图片失败(可忽略): RuntimeError: cannot schedule new futures after shutdown (object=2435/1745288944_1745223219_630.jpg)
2026-01-12 17:30:13,098 - download.async_downloader - WARNING - 下载图片失败(可忽略): RuntimeError: cannot schedule new futures after shutdown (object=2435/1745289000_1745223267_710.jpg)
2026-01-12 17:30:13,113 - download.async_downloader - WARNING - 下载图片失败(可忽略): RuntimeError: cannot schedule new futures after shutdown (object=2435/1745302607_1745223317_730.jpg)
2026-01-12 17:30:13,129 - download.async_downloader - WARNING - 下载图片失败(可忽略): RuntimeError: cannot schedule new futures after shutdown (object=2435/1745302742_1745280663_4.jpg)
2026-01-12 17:30:13,143 - download.async_downloader - WARNING - 下载图片失败(可忽略): RuntimeError: cannot schedule new futures after shutdown (object=2435/1745302858_1745280707_5.jpg)
2026-01-12 17:30:13,173 - download.async_downloader - WARNING - 下载图片失败(可忽略): RuntimeError: cannot schedule new futures after shutdown (object=2435/1745302917_1745280778_610.jpg)
2026-01-12 17:30:13,203 - download.async_downloader - WARNING - 下载图片失败(可忽略): RuntimeError: cannot schedule new futures after shutdown (object=2435/1745302962_1745280842_630.jpg)
2026-01-12 17:30:13,233 - download.async_downloader - WARNING - 下载图片失败(可忽略): RuntimeError: cannot schedule new futures after shutdown (object=2435/1745309828_1745280890_710.jpg)
2026-01-12 17:30:13,263 - download.async_downloader - WARNING - 下载图片失败(可忽略): RuntimeError: cannot schedule new futures after shutdown (object=2435/1745309906_1745280941_730.jpg)
2026-01-12 17:30:13,294 - download.async_downloader - WARNING - 下载图片失败(可忽略): RuntimeError: cannot schedule new futures after shutdown (object=2435/1745389033_1745287863_4.jpg)
2026-01-12 17:30:13,323 - download.async_downloader - WARNING - 下载图片失败(可忽略): RuntimeError: cannot schedule new futures after shutdown (object=2435/1745389112_1745287901_5.jpg)
2026-01-12 17:30:13,354 - download.async_downloader - WARNING - 下载图片失败(可忽略): RuntimeError: cannot schedule new futures after shutdown (object=2435/1745389160_1745287965_610.jpg)
2026-01-12 17:30:13,384 - download.async_downloader - WARNING - 下载图片失败(可忽略): RuntimeError: cannot schedule new futures after shutdown (object=2435/1745389195_1745288018_630.jpg)
2026-01-12 17:30:13,402 - download.async_downloader - WARNING - 下载图片失败(可忽略): RuntimeError: cannot schedule new futures after shutdown (object=2435/1745389244_1745288066_710.jpg)
2026-01-12 17:30:13,430 - download.async_downloader - WARNING - 下载图片失败(可忽略): RuntimeError: cannot schedule new futures after shutdown (object=2435/1745389300_1745288119_730.jpg)
2026-01-12 17:30:13,460 - download.async_downloader - WARNING - 下载图片失败(可忽略): RuntimeError: cannot schedule new futures after shutdown (object=2435/1745389393_1745302263_4.jpg)
2026-01-12 17:30:13,491 - download.async_downloader - WARNING - 下载图片失败(可忽略): RuntimeError: cannot schedule new futures after shutdown (object=2435/1745389470_1745302301_5.jpg)
2026-01-12 17:30:13,522 - download.async_downloader - WARNING - 下载图片失败(可忽略): RuntimeError: cannot schedule new futures after shutdown (object=2435/1745389515_1745302364_610.jpg)
2026-01-12 17:30:13,552 - download.async_downloader - WARNING - 下载图片失败(可忽略): RuntimeError: cannot schedule new futures after shutdown (object=2435/1745389550_1745302417_630.jpg)
2026-01-12 17:30:13,584 - download.async_downloader - WARNING - 下载图片失败(可忽略): RuntimeError: cannot schedule new futures after shutdown (object=2435/1745389592_1745302465_710.jpg)
2026-01-12 17:30:13,613 - download.async_downloader - WARNING - 下载图片失败(可忽略): RuntimeError: cannot schedule new futures after shutdown (object=2435/1745389653_1745302517_730.jpg)
2026-01-12 17:30:13,645 - download.async_downloader - WARNING - 下载图片失败(可忽略): RuntimeError: cannot schedule new futures after shutdown (object=2435/1745396285_1745309463_4.jpg)
2026-01-12 17:30:13,676 - download.async_downloader - WARNING - 下载图片失败(可忽略): RuntimeError: cannot schedule new futures after shutdown (object=2435/1745396390_1745309508_5.jpg)
2026-01-12 17:30:13,691 - download.async_downloader - WARNING - 下载图片失败(可忽略): RuntimeError: cannot schedule new futures after shutdown (object=2435/1745396447_1745309576_610.jpg)
2026-01-12 17:30:13,706 - download.async_downloader - WARNING - 下载图片失败(可忽略): RuntimeError: cannot schedule new futures after shutdown (object=2435/1745453792_1745309629_630.jpg)
2026-01-12 17:30:13,721 - download.async_downloader - WARNING - 下载图片失败(可忽略): RuntimeError: cannot schedule new futures after shutdown (object=2435/1745453832_1745309676_710.jpg)
2026-01-12 17:30:13,752 - download.async_downloader - WARNING - 下载图片失败(可忽略): RuntimeError: cannot schedule new futures after shutdown (object=2435/1745453886_1745309724_730.jpg)
2026-01-12 17:30:13,783 - download.async_downloader - WARNING - 下载图片失败(可忽略): RuntimeError: cannot schedule new futures after shutdown (object=2435/1745453988_1745367063_4.jpg)
2026-01-12 17:30:13,813 - download.async_downloader - WARNING - 下载图片失败(可忽略): RuntimeError: cannot schedule new futures after shutdown (object=2435/1745454067_1745367102_5.jpg)
2026-01-12 17:30:13,843 - download.async_downloader - WARNING - 下载图片失败(可忽略): RuntimeError: cannot schedule new futures after shutdown (object=2435/1745454107_1745367166_610.jpg)
2026-01-12 17:30:13,873 - download.async_downloader - WARNING - 下载图片失败(可忽略): RuntimeError: cannot schedule new futures after shutdown (object=2435/1745454139_1745367215_630.jpg)
2026-01-12 17:30:13,903 - download.async_downloader - WARNING - 下载图片失败(可忽略): RuntimeError: cannot schedule new futures after shutdown (object=2435/1745454180_1745367262_710.jpg)
2026-01-12 17:30:13,934 - download.async_downloader - WARNING - 下载图片失败(可忽略): RuntimeError: cannot schedule new futures after shutdown (object=2435/1745460995_1745367311_730.jpg)
2026-01-12 17:30:13,964 - download.async_downloader - WARNING - 下载图片失败(可忽略): RuntimeError: cannot schedule new futures after shutdown (object=2435/1745461087_1745374263_4.jpg)
2026-01-12 17:30:13,994 - download.async_downloader - WARNING - 下载图片失败(可忽略): RuntimeError: cannot schedule new futures after shutdown (object=2435/1745461158_1745374297_5.jpg)
2026-01-12 17:30:14,025 - download.async_downloader - WARNING - 下载图片失败(可忽略): RuntimeError: cannot schedule new futures after shutdown (object=2435/1745475398_1745374357_610.jpg)
2026-01-12 17:30:14,055 - download.async_downloader - WARNING - 下载图片失败(可忽略): RuntimeError: cannot schedule new futures after shutdown (object=2435/1745475433_1745374408_630.jpg)
2026-01-12 17:30:14,085 - download.async_downloader - WARNING - 下载图片失败(可忽略): RuntimeError: cannot schedule new futures after shutdown (object=2435/1745475481_1745374455_710.jpg)
2026-01-12 17:30:14,116 - download.async_downloader - WARNING - 下载图片失败(可忽略): RuntimeError: cannot schedule new futures after shutdown (object=2435/1745475536_1745374506_730.jpg)
2026-01-12 17:30:14,146 - download.async_downloader - WARNING - 下载图片失败(可忽略): RuntimeError: cannot schedule new futures after shutdown (object=2435/1745475624_1745388663_4.jpg)
2026-01-12 17:30:14,176 - download.async_downloader - WARNING - 下载图片失败(可忽略): RuntimeError: cannot schedule new futures after shutdown (object=2435/1745475694_1745388695_5.jpg)
2026-01-12 17:30:14,191 - download.async_downloader - WARNING - 下载图片失败(可忽略): RuntimeError: cannot schedule new futures after shutdown (object=2435/1745482615_1745388753_610.jpg)
2026-01-12 17:30:14,206 - download.async_downloader - WARNING - 下载图片失败(可忽略): RuntimeError: cannot schedule new futures after shutdown (object=2435/1745482660_1745388804_630.jpg)
2026-01-12 17:30:14,236 - download.async_downloader - WARNING - 下载图片失败(可忽略): RuntimeError: cannot schedule new futures after shutdown (object=2435/1745482890_1745388852_710.jpg)
2026-01-12 17:30:14,267 - download.async_downloader - WARNING - 下载图片失败(可忽略): RuntimeError: cannot schedule new futures after shutdown (object=2435/1745482940_1745388904_730.jpg)
2026-01-12 17:30:14,282 - download.async_downloader - WARNING - 下载图片失败(可忽略): RuntimeError: cannot schedule new futures after shutdown (object=2435/1745483027_1745395863_4.jpg)
2026-01-12 17:30:14,312 - download.async_downloader - WARNING - 下载图片失败(可忽略): RuntimeError: cannot schedule new futures after shutdown (object=2435/1745483097_1745395902_5.jpg)
2026-01-12 17:30:14,343 - download.async_downloader - WARNING - 下载图片失败(可忽略): RuntimeError: cannot schedule new futures after shutdown (object=2435/1745483138_1745395966_610.jpg)
2026-01-12 17:30:14,373 - download.async_downloader - WARNING - 下载图片失败(可忽略): RuntimeError: cannot schedule new futures after shutdown (object=2435/1745483167_1745396018_630.jpg)
2026-01-12 17:30:14,403 - download.async_downloader - WARNING - 下载图片失败(可忽略): RuntimeError: cannot schedule new futures after shutdown (object=2435/1745483203_1745396065_710.jpg)
2026-01-12 17:30:14,432 - download.async_downloader - WARNING - 下载图片失败(可忽略): RuntimeError: cannot schedule new futures after shutdown (object=2435/1745483247_1745396115_730.jpg)
2026-01-12 17:30:14,463 - download.async_downloader - WARNING - 下载图片失败(可忽略): RuntimeError: cannot schedule new futures after shutdown (object=2435/1745540281_1745453463_4.jpg)
2026-01-12 17:30:14,493 - download.async_downloader - WARNING - 下载图片失败(可忽略): RuntimeError: cannot schedule new futures after shutdown (object=2435/1745540390_1745453504_5.jpg)
2026-01-12 17:30:14,523 - download.async_downloader - WARNING - 下载图片失败(可忽略): RuntimeError: cannot schedule new futures after shutdown (object=2435/1745540450_1745453566_610.jpg)
2026-01-12 17:30:14,555 - download.async_downloader - WARNING - 下载图片失败(可忽略): RuntimeError: cannot schedule new futures after shutdown (object=2435/1745540494_1745453619_630.jpg)
2026-01-12 17:30:14,584 - download.async_downloader - WARNING - 下载图片失败(可忽略): RuntimeError: cannot schedule new futures after shutdown (object=2435/1745540551_1745453667_710.jpg)
2026-01-12 17:30:14,615 - download.async_downloader - WARNING - 下载图片失败(可忽略): RuntimeError: cannot schedule new futures after shutdown (object=2435/1745540619_1745453721_730.jpg)
2026-01-12 17:30:14,645 - download.async_downloader - WARNING - 下载图片失败(可忽略): RuntimeError: cannot schedule new futures after shutdown (object=2435/1745540717_1745460663_4.jpg)
2026-01-12 17:30:14,676 - download.async_downloader - WARNING - 下载图片失败(可忽略): RuntimeError: cannot schedule new futures after shutdown (object=2435/1745540811_1745460695_5.jpg)
2026-01-12 17:30:14,707 - download.async_downloader - WARNING - 下载图片失败(可忽略): RuntimeError: cannot schedule new futures after shutdown (object=2435/1745540863_1745460757_610.jpg)
2026-01-12 17:30:14,737 - download.async_downloader - WARNING - 下载图片失败(可忽略): RuntimeError: cannot schedule new futures after shutdown (object=2435/1745540904_1745460808_630.jpg)
2026-01-12 17:30:14,752 - download.async_downloader - WARNING - 下载图片失败(可忽略): RuntimeError: cannot schedule new futures after shutdown (object=2435/1745540955_1745460856_710.jpg)
2026-01-12 17:30:14,783 - download.async_downloader - WARNING - 下载图片失败(可忽略): RuntimeError: cannot schedule new futures after shutdown (object=2435/1745541018_1745460908_730.jpg)
2026-01-12 17:30:14,813 - download.async_downloader - WARNING - 下载图片失败(可忽略): RuntimeError: cannot schedule new futures after shutdown (object=2435/1745541128_1745475063_4.jpg)
2026-01-12 17:30:14,843 - download.async_downloader - WARNING - 下载图片失败(可忽略): RuntimeError: cannot schedule new futures after shutdown (object=2435/1745547437_1745475098_5.jpg)
2026-01-12 17:30:14,873 - download.async_downloader - WARNING - 下载图片失败(可忽略): RuntimeError: cannot schedule new futures after shutdown (object=2435/1745547688_1745475159_610.jpg)
2026-01-12 17:30:14,903 - download.async_downloader - WARNING - 下载图片失败(可忽略): RuntimeError: cannot schedule new futures after shutdown (object=2435/1745547721_1745475211_630.jpg)
2026-01-12 17:30:14,933 - download.async_downloader - WARNING - 下载图片失败(可忽略): RuntimeError: cannot schedule new futures after shutdown (object=2435/1745547764_1745475260_710.jpg)
2026-01-12 17:30:14,964 - download.async_downloader - WARNING - 下载图片失败(可忽略): RuntimeError: cannot schedule new futures after shutdown (object=2435/1745547814_1745475313_730.jpg)
2026-01-12 17:30:14,994 - download.async_downloader - WARNING - 下载图片失败(可忽略): RuntimeError: cannot schedule new futures after shutdown (object=2435/1745547900_1745482263_4.jpg)
2026-01-12 17:30:15,025 - download.async_downloader - WARNING - 下载图片失败(可忽略): RuntimeError: cannot schedule new futures after shutdown (object=2435/1745547970_1745482301_5.jpg)
2026-01-12 17:30:15,056 - download.async_downloader - WARNING - 下载图片失败(可忽略): RuntimeError: cannot schedule new futures after shutdown (object=2435/1745548011_1745482366_610.jpg)
2026-01-12 17:30:15,087 - download.async_downloader - WARNING - 下载图片失败(可忽略): RuntimeError: cannot schedule new futures after shutdown (object=2435/1745548042_1745482418_630.jpg)
2026-01-12 17:30:15,117 - download.async_downloader - WARNING - 下载图片失败(可忽略): RuntimeError: cannot schedule new futures after shutdown (object=2435/1745548079_1745482466_710.jpg)
2026-01-12 17:30:15,147 - download.async_downloader - WARNING - 下载图片失败(可忽略): RuntimeError: cannot schedule new futures after shutdown (object=2435/1745548125_1745482517_730.jpg)
2026-01-12 17:30:15,177 - download.async_downloader - WARNING - 下载图片失败(可忽略): RuntimeError: cannot schedule new futures after shutdown (object=2435/1745548198_1745539864_4.jpg)
2026-01-12 17:30:15,207 - download.async_downloader - WARNING - 下载图片失败(可忽略): RuntimeError: cannot schedule new futures after shutdown (object=2435/1745548262_1745539896_5.jpg)
2026-01-12 17:30:15,239 - download.async_downloader - WARNING - 下载图片失败(可忽略): RuntimeError: cannot schedule new futures after shutdown (object=2435/1745548295_1745539958_610.jpg)
2026-01-12 17:30:15,268 - download.async_downloader - WARNING - 下载图片失败(可忽略): RuntimeError: cannot schedule new futures after shutdown (object=2435/1745548332_1745540007_630.jpg)
2026-01-12 17:30:15,299 - download.async_downloader - WARNING - 下载图片失败(可忽略): RuntimeError: cannot schedule new futures after shutdown (object=2435/1745561804_1745540007_630.jpg)
2026-01-12 17:30:15,329 - download.async_downloader - WARNING - 下载图片失败(可忽略): RuntimeError: cannot schedule new futures after shutdown (object=2435/1745561863_1745540054_710.jpg)
2026-01-12 17:30:15,360 - download.async_downloader - WARNING - 下载图片失败(可忽略): RuntimeError: cannot schedule new futures after shutdown (object=2435/1745561934_1745540108_730.jpg)
2026-01-12 17:30:15,375 - download.async_downloader - WARNING - 下载图片失败(可忽略): RuntimeError: cannot schedule new futures after shutdown (object=2435/1745562041_1745547064_4.jpg)
2026-01-12 17:30:15,405 - download.async_downloader - WARNING - 下载图片失败(可忽略): RuntimeError: cannot schedule new futures after shutdown (object=2435/1745562135_1745547098_5.jpg)
2026-01-12 17:30:15,436 - download.async_downloader - WARNING - 下载图片失败(可忽略): RuntimeError: cannot schedule new futures after shutdown (object=2435/1745562191_1745547161_610.jpg)
2026-01-12 17:30:15,467 - download.async_downloader - WARNING - 下载图片失败(可忽略): RuntimeError: cannot schedule new futures after shutdown (object=2435/1745562233_1745547214_630.jpg)
2026-01-12 17:30:15,497 - download.async_downloader - WARNING - 下载图片失败(可忽略): RuntimeError: cannot schedule new futures after shutdown (object=2435/1745562291_1745547262_710.jpg)
2026-01-12 17:30:15,527 - download.async_downloader - WARNING - 下载图片失败(可忽略): RuntimeError: cannot schedule new futures after shutdown (object=2435/1745562355_1745547316_730.jpg)
2026-01-12 17:30:15,558 - download.async_downloader - WARNING - 下载图片失败(可忽略): RuntimeError: cannot schedule new futures after shutdown (object=2435/1745562469_1745561463_4.jpg)
2026-01-12 17:30:15,588 - download.async_downloader - WARNING - 下载图片失败(可忽略): RuntimeError: cannot schedule new futures after shutdown (object=2435/1745562554_1745561501_5.jpg)
2026-01-12 17:30:15,618 - download.async_downloader - WARNING - 下载图片失败(可忽略): RuntimeError: cannot schedule new futures after shutdown (object=2435/1745562611_1745561572_610.jpg)
2026-01-12 17:30:15,649 - download.async_downloader - WARNING - 下载图片失败(可忽略): RuntimeError: cannot schedule new futures after shutdown (object=2435/1745562650_1745561622_630.jpg)
2026-01-12 17:30:15,679 - download.async_downloader - WARNING - 下载图片失败(可忽略): RuntimeError: cannot schedule new futures after shutdown (object=2435/1745562701_1745561670_710.jpg)
2026-01-12 17:30:15,710 - download.async_downloader - WARNING - 下载图片失败(可忽略): RuntimeError: cannot schedule new futures after shutdown (object=2435/1745562766_1745561722_730.jpg)
2026-01-12 17:30:15,741 - download.async_downloader - WARNING - 下载图片失败(可忽略): RuntimeError: cannot schedule new futures after shutdown (object=2435/1745569099_1745568663_4.jpg)
2026-01-12 17:30:15,772 - download.async_downloader - WARNING - 下载图片失败(可忽略): RuntimeError: cannot schedule new futures after shutdown (object=2435/1745569206_1745568706_5.jpg)
2026-01-12 17:30:15,802 - download.async_downloader - WARNING - 下载图片失败(可忽略): RuntimeError: cannot schedule new futures after shutdown (object=2435/1745569263_1745568771_610.jpg)
2026-01-12 17:30:15,833 - download.async_downloader - WARNING - 下载图片失败(可忽略): RuntimeError: cannot schedule new futures after shutdown (object=2435/1745569301_1745568823_630.jpg)
2026-01-12 17:30:15,863 - download.async_downloader - WARNING - 下载图片失败(可忽略): RuntimeError: cannot schedule new futures after shutdown (object=2435/1745569348_1745568869_710.jpg)
2026-01-12 17:30:15,879 - download.async_downloader - WARNING - 下载图片失败(可忽略): RuntimeError: cannot schedule new futures after shutdown (object=2435/1745569409_1745568929_730.jpg)
2026-01-12 17:30:15,895 - download.async_downloader - WARNING - 下载图片失败(可忽略): RuntimeError: cannot schedule new futures after shutdown (object=2435/1745626678_1745626263_4.jpg)
2026-01-12 17:30:15,925 - download.async_downloader - WARNING - 下载图片失败(可忽略): RuntimeError: cannot schedule new futures after shutdown (object=2435/1745626780_1745626302_5.jpg)
2026-01-12 17:30:15,940 - download.async_downloader - WARNING - 下载图片失败(可忽略): RuntimeError: cannot schedule new futures after shutdown (object=2435/1745626840_1745626367_610.jpg)
2026-01-12 17:30:15,970 - download.async_downloader - WARNING - 下载图片失败(可忽略): RuntimeError: cannot schedule new futures after shutdown (object=2435/1745633790_1745626418_630.jpg)
2026-01-12 17:30:16,001 - download.async_downloader - WARNING - 下载图片失败(可忽略): RuntimeError: cannot schedule new futures after shutdown (object=2435/1745634088_1745626465_710.jpg)
2026-01-12 17:30:16,031 - download.async_downloader - WARNING - 下载图片失败(可忽略): RuntimeError: cannot schedule new futures after shutdown (object=2435/1745634131_1745626517_730.jpg)
2026-01-12 17:30:16,061 - download.async_downloader - WARNING - 下载图片失败(可忽略): RuntimeError: cannot schedule new futures after shutdown (object=2435/1745634210_1745633463_4.jpg)
2026-01-12 17:30:16,092 - download.async_downloader - WARNING - 下载图片失败(可忽略): RuntimeError: cannot schedule new futures after shutdown (object=2435/1745634270_1745633498_5.jpg)
2026-01-12 17:30:16,124 - download.async_downloader - WARNING - 下载图片失败(可忽略): RuntimeError: cannot schedule new futures after shutdown (object=2435/1745634308_1745633558_610.jpg)
2026-01-12 17:30:16,154 - download.async_downloader - WARNING - 下载图片失败(可忽略): RuntimeError: cannot schedule new futures after shutdown (object=2435/1745634336_1745633609_630.jpg)
2026-01-12 17:30:16,184 - download.async_downloader - WARNING - 下载图片失败(可忽略): RuntimeError: cannot schedule new futures after shutdown (object=2435/1745634371_1745633656_710.jpg)
2026-01-12 17:30:16,214 - download.async_downloader - WARNING - 下载图片失败(可忽略): RuntimeError: cannot schedule new futures after shutdown (object=2435/1745634413_1745633714_730.jpg)
2026-01-12 17:30:16,245 - download.async_downloader - WARNING - 下载图片失败(可忽略): RuntimeError: cannot schedule new futures after shutdown (object=2435/1745648231_1745647864_4.jpg)
2026-01-12 17:30:16,276 - download.async_downloader - WARNING - 下载图片失败(可忽略): RuntimeError: cannot schedule new futures after shutdown (object=2435/1745648300_1745647895_5.jpg)
2026-01-12 17:30:16,307 - download.async_downloader - WARNING - 下载图片失败(可忽略): RuntimeError: cannot schedule new futures after shutdown (object=2435/1745648349_1745647952_610.jpg)
2026-01-12 17:30:16,338 - download.async_downloader - WARNING - 下载图片失败(可忽略): RuntimeError: cannot schedule new futures after shutdown (object=2435/1745648381_1745648002_630.jpg)
2026-01-12 17:30:16,368 - download.async_downloader - WARNING - 下载图片失败(可忽略): RuntimeError: cannot schedule new futures after shutdown (object=2435/1745648422_1745648047_710.jpg)
2026-01-12 17:30:16,398 - download.async_downloader - WARNING - 下载图片失败(可忽略): RuntimeError: cannot schedule new futures after shutdown (object=2435/1745713004_1745648095_730.jpg)
2026-01-12 17:30:16,428 - download.async_downloader - WARNING - 下载图片失败(可忽略): RuntimeError: cannot schedule new futures after shutdown (object=2435/1745713104_1745655063_4.jpg)
2026-01-12 17:30:16,444 - download.async_downloader - WARNING - 下载图片失败(可忽略): RuntimeError: cannot schedule new futures after shutdown (object=2435/1745713173_1745655096_5.jpg)
2026-01-12 17:34:28,687 - download.async_downloader - INFO - OSS连接成功
2026-01-12 17:34:33,165 - mysql.connector - INFO - package: mysql.connector.plugins
2026-01-12 17:34:33,165 - mysql.connector - INFO - plugin_name: mysql_native_password
2026-01-12 17:34:33,166 - mysql.connector - INFO - AUTHENTICATION_PLUGIN_CLASS: MySQLNativePasswordAuthPlugin
2026-01-12 17:35:16,187 - download.async_downloader - INFO - OSS连接成功
2026-01-12 17:35:16,191 - download.async_downloader - INFO - 数据表时间范围: 2025-01-01 00:00:00 到 2025-09-30 23:59:59
2026-01-12 17:35:16,200 - download.async_downloader - INFO - [10.0%] downloading: 2435 (1/1)
2026-01-12 17:35:29,409 - download.async_downloader - INFO - 下载任务已取消
2026-01-12 17:39:58,891 - download.async_downloader - INFO - OSS连接成功
2026-01-12 17:40:02,309 - mysql.connector - INFO - package: mysql.connector.plugins
2026-01-12 17:40:02,309 - mysql.connector - INFO - plugin_name: mysql_native_password
2026-01-12 17:40:02,310 - mysql.connector - INFO - AUTHENTICATION_PLUGIN_CLASS: MySQLNativePasswordAuthPlugin
2026-01-12 17:54:48,878 - download.async_downloader - INFO - OSS连接成功
2026-01-12 17:54:54,074 - mysql.connector - INFO - package: mysql.connector.plugins
2026-01-12 17:54:54,075 - mysql.connector - INFO - plugin_name: mysql_native_password
2026-01-12 17:54:54,077 - mysql.connector - INFO - AUTHENTICATION_PLUGIN_CLASS: MySQLNativePasswordAuthPlugin
2026-01-12 17:55:11,987 - download.async_downloader - INFO - OSS连接成功
2026-01-12 17:55:11,996 - download.async_downloader - INFO - 数据表时间范围: 2025-01-01 00:00:00 到 2025-09-30 23:59:59
2026-01-12 17:55:12,005 - download.async_downloader - INFO - [10.0%] downloading: 2435 (1/1)
2026-01-12 17:55:17,756 - download.async_downloader - INFO - 下载任务已取消
2026-01-12 19:47:38,366 - download.async_downloader - INFO - OSS连接成功
2026-01-12 19:47:42,837 - mysql.connector - INFO - package: mysql.connector.plugins
2026-01-12 19:47:42,837 - mysql.connector - INFO - plugin_name: mysql_native_password
2026-01-12 19:47:42,839 - mysql.connector - INFO - AUTHENTICATION_PLUGIN_CLASS: MySQLNativePasswordAuthPlugin
2026-01-12 19:47:55,324 - download.async_downloader - INFO - OSS连接成功
2026-01-12 19:47:55,330 - download.async_downloader - INFO - 数据表时间范围: 2025-01-01 00:00:00 到 2026-01-31 23:59:59
2026-01-12 19:47:55,340 - download.async_downloader - INFO - [10.0%] downloading: 2435 (1/1)
2026-01-12 19:48:03,388 - download.async_downloader - INFO - 下载任务已取消
2026-01-12 19:49:50,095 - download.async_downloader - INFO - OSS连接成功
2026-01-12 19:50:01,783 - mysql.connector - INFO - package: mysql.connector.plugins
2026-01-12 19:50:01,784 - mysql.connector - INFO - plugin_name: mysql_native_password
2026-01-12 19:50:01,785 - mysql.connector - INFO - AUTHENTICATION_PLUGIN_CLASS: MySQLNativePasswordAuthPlugin
2026-01-12 19:50:15,833 - download.async_downloader - INFO - OSS连接成功
2026-01-12 19:50:15,856 - download.async_downloader - INFO - 数据表时间范围: 2025-01-01 00:00:00 到 2026-01-31 23:59:59
2026-01-12 19:50:15,861 - download.async_downloader - INFO - [10.0%] downloading: 2435 (1/1)
2026-01-12 19:50:31,921 - download.async_downloader - INFO - 下载任务已取消
2026-01-12 19:50:43,250 - download.async_downloader - INFO - OSS连接成功
2026-01-12 19:51:16,453 - download.async_downloader - INFO - OSS连接成功
2026-01-12 19:51:20,270 - mysql.connector - INFO - package: mysql.connector.plugins
2026-01-12 19:51:20,271 - mysql.connector - INFO - plugin_name: mysql_native_password
2026-01-12 19:51:20,271 - mysql.connector - INFO - AUTHENTICATION_PLUGIN_CLASS: MySQLNativePasswordAuthPlugin
2026-01-12 19:51:27,777 - download.async_downloader - INFO - OSS连接成功
2026-01-12 19:51:27,804 - download.async_downloader - INFO - 数据表时间范围: 2025-01-01 00:00:00 到 2026-01-31 23:59:59
2026-01-12 19:51:27,810 - download.async_downloader - INFO - [10.0%] downloading: 2435 (1/1)
2026-01-12 19:51:33,788 - download.async_downloader - INFO - 下载任务已取消
2026-01-12 19:51:47,076 - download.async_downloader - INFO - OSS连接成功
2026-01-12 19:51:47,084 - download.async_downloader - INFO - 数据表时间范围: 2025-01-01 00:00:00 到 2026-01-31 23:59:59
2026-01-12 19:51:47,093 - download.async_downloader - INFO - [10.0%] downloading: 2435 (1/1)
2026-01-12 19:51:52,234 - download.async_downloader - INFO - 下载任务已取消
2026-01-12 20:04:26,370 - download.async_downloader - INFO - OSS连接成功
2026-01-12 20:04:36,481 - mysql.connector - INFO - package: mysql.connector.plugins
2026-01-12 20:04:36,482 - mysql.connector - INFO - plugin_name: mysql_native_password
2026-01-12 20:04:36,486 - mysql.connector - INFO - AUTHENTICATION_PLUGIN_CLASS: MySQLNativePasswordAuthPlugin
2026-01-12 20:05:28,186 - download.async_downloader - INFO - OSS连接成功
2026-01-12 20:05:28,192 - download.async_downloader - INFO - 数据表时间范围: 2025-01-01 00:00:00 到 2025-01-31 23:59:59
2026-01-12 20:05:28,201 - download.async_downloader - INFO - [10.0%] downloading: 2435 (1/1)
2026-01-12 20:05:28,757 - download.async_downloader - INFO - ZIP文件已创建: tmp\device_data_20260112_200528.zip
2026-01-12 20:05:28,760 - download.async_downloader - INFO - [100.0%] Download completed
2026-01-12 20:05:58,275 - download.async_downloader - INFO - OSS连接成功
2026-01-12 20:05:58,283 - download.async_downloader - INFO - 数据表时间范围: 2025-02-01 00:00:00 到 2025-02-28 23:59:59
2026-01-12 20:05:58,295 - download.async_downloader - INFO - [10.0%] downloading: 2435 (1/1)
2026-01-12 20:05:58,826 - download.async_downloader - INFO - ZIP文件已创建: tmp\device_data_20260112_200558.zip
2026-01-12 20:05:58,826 - download.async_downloader - INFO - [100.0%] Download completed
2026-01-12 20:06:08,095 - download.async_downloader - INFO - OSS连接成功
2026-01-12 20:06:08,101 - download.async_downloader - INFO - 数据表时间范围: 2025-03-01 00:00:00 到 2025-03-31 23:59:59
2026-01-12 20:06:08,112 - download.async_downloader - INFO - [10.0%] downloading: 2435 (1/1)
2026-01-12 20:07:31,645 - download.async_downloader - ERROR - 下载失败: [Errno 13] Permission denied: 'tmp\\download_20260112_200608\\2435\\~$data_rawkeys_20250305_to_20250306.xlsx'
2026-01-13 10:33:10,543 - download.async_downloader - INFO - OSS连接成功
2026-01-20 09:20:34,838 - download.async_downloader - INFO - OSS连接成功
2026-01-20 10:03:42,359 - mysql.connector - INFO - package: mysql.connector.plugins
2026-01-20 10:03:42,363 - mysql.connector - INFO - plugin_name: mysql_native_password
2026-01-20 10:03:42,367 - mysql.connector - INFO - AUTHENTICATION_PLUGIN_CLASS: MySQLNativePasswordAuthPlugin
2026-01-20 13:35:52,891 - download.async_downloader - INFO - OSS连接成功
2026-01-20 13:36:24,406 - tui_app - INFO - [USER_ADMIN][UI] create_user name='' phone='' email=''
2026-01-20 13:36:25,994 - tui_app - INFO - [USER_ADMIN][UI] clear_form
2026-01-20 13:36:59,501 - tui_app - INFO - [USER_ADMIN][UI] on_search keyword='saber'
2026-01-20 13:36:59,507 - download.db - INFO - [USER_ADMIN][DB_CALL] find_users_by_name_or_phone keyword='saber'
2026-01-20 13:36:59,507 - download.db - INFO - [USER_ADMIN][SQL] mode=name sql=SELECT id, name, phone, email, password, created_at, updated_at, avatar FROM users WHERE name = %s LIMIT 20 params=('saber',)
2026-01-20 13:36:59,798 - mysql.connector - INFO - package: mysql.connector.plugins
2026-01-20 13:36:59,799 - mysql.connector - INFO - plugin_name: mysql_native_password
2026-01-20 13:36:59,804 - mysql.connector - INFO - AUTHENTICATION_PLUGIN_CLASS: MySQLNativePasswordAuthPlugin
2026-01-20 13:36:59,920 - download.db - INFO - [USER_ADMIN][DB_RESULT] mode=name count=1 cost_ms=412
2026-01-20 13:36:59,920 - tui_app - INFO - [USER_ADMIN][UI] search_result ok=True count=1
2026-01-20 13:37:01,698 - tui_app - INFO - [USER_ADMIN][UI] pick_user user_id=2 name='saber'
2026-01-20 13:37:01,698 - tui_app - INFO - [USER_ADMIN][UI] refresh_bindings user_id=2
2026-01-20 13:37:01,705 - download.db - INFO - [USER_ADMIN][DB_CALL] list_bound_devices_for_user user_id=2
2026-01-20 13:37:01,780 - download.db - INFO - [USER_ADMIN][SQL] list_bindings sql=SELECT du.device_id, d.name, du.created_at FROM device_user du LEFT JOIN devices d ON d.id = du.device_id AND d.deleted_at IS NULL WHERE du.user_id = %s AND (du.deleted_at IS NULL) ORDER BY du.device_id ASC params=(2,)
2026-01-20 13:37:01,832 - download.db - INFO - [USER_ADMIN][DB_RESULT] list_bindings count=3 cost_ms=127
2026-01-20 13:37:01,832 - tui_app - INFO - [USER_ADMIN][UI] list_bindings_result ok=True count=3
2026-01-20 13:37:02,763 - tui_app - INFO - [USER_ADMIN][UI] pick_user user_id=2 name='saber'
2026-01-20 13:37:02,764 - tui_app - INFO - [USER_ADMIN][UI] refresh_bindings user_id=2
2026-01-20 13:37:02,765 - download.db - INFO - [USER_ADMIN][DB_CALL] list_bound_devices_for_user user_id=2
2026-01-20 13:37:02,853 - download.db - INFO - [USER_ADMIN][SQL] list_bindings sql=SELECT du.device_id, d.name, du.created_at FROM device_user du LEFT JOIN devices d ON d.id = du.device_id AND d.deleted_at IS NULL WHERE du.user_id = %s AND (du.deleted_at IS NULL) ORDER BY du.device_id ASC params=(2,)
2026-01-20 13:37:02,904 - download.db - INFO - [USER_ADMIN][DB_RESULT] list_bindings count=3 cost_ms=139
2026-01-20 13:37:02,905 - tui_app - INFO - [USER_ADMIN][UI] list_bindings_result ok=True count=3
2026-01-20 13:37:03,889 - tui_app - INFO - [USER_ADMIN][UI] pick_user user_id=2 name='saber'
2026-01-20 13:37:03,889 - tui_app - INFO - [USER_ADMIN][UI] refresh_bindings user_id=2
2026-01-20 13:37:03,891 - download.db - INFO - [USER_ADMIN][DB_CALL] list_bound_devices_for_user user_id=2
2026-01-20 13:37:03,965 - download.db - INFO - [USER_ADMIN][SQL] list_bindings sql=SELECT du.device_id, d.name, du.created_at FROM device_user du LEFT JOIN devices d ON d.id = du.device_id AND d.deleted_at IS NULL WHERE du.user_id = %s AND (du.deleted_at IS NULL) ORDER BY du.device_id ASC params=(2,)
2026-01-20 13:37:04,014 - download.db - INFO - [USER_ADMIN][DB_RESULT] list_bindings count=3 cost_ms=123
2026-01-20 13:37:04,014 - tui_app - INFO - [USER_ADMIN][UI] list_bindings_result ok=True count=3
2026-01-20 13:37:33,856 - tui_app - INFO - [USER_ADMIN][UI] clear_form
2026-01-20 13:37:43,490 - tui_app - INFO - [USER_ADMIN][UI] on_search keyword='测试'
2026-01-20 13:37:43,496 - download.db - INFO - [USER_ADMIN][DB_CALL] find_users_by_name_or_phone keyword='测试'
2026-01-20 13:37:43,496 - download.db - INFO - [USER_ADMIN][SQL] mode=name sql=SELECT id, name, phone, email, password, created_at, updated_at, avatar FROM users WHERE name = %s LIMIT 20 params=('测试',)
2026-01-20 13:37:43,643 - download.db - INFO - [USER_ADMIN][DB_RESULT] mode=name count=0 cost_ms=147
2026-01-20 13:37:43,643 - tui_app - INFO - [USER_ADMIN][UI] search_result ok=True count=0
2026-01-20 13:38:13,779 - tui_app - INFO - [USER_ADMIN][UI] create_user name='测试' phone='123123123' email='1137251856@qqcom'
2026-01-20 13:38:13,781 - download.db - INFO - [USER_ADMIN][DB_CALL] create_user name='测试' phone='123123123' email='1137251856@qqcom'
2026-01-20 13:38:13,859 - download.db - INFO - [USER_ADMIN][SQL] check_phone sql=SELECT id FROM users WHERE phone = %s LIMIT 1 params=('123123123',)
2026-01-20 13:38:13,911 - download.db - ERROR - [USER_ADMIN][DB_ERROR] create_user failed
Traceback (most recent call last):
  File "D:\OperationSpace\PycharmProjects\download\db.py", line 289, in create_user
    pw_hash = _hash_password_bcrypt(pw)
              ^^^^^^^^^^^^^^^^^^^^^^^^^
  File "D:\OperationSpace\PycharmProjects\download\db.py", line 134, in _hash_password_bcrypt
    raise RuntimeError("bcrypt 未安装：请先安装 bcrypt")
RuntimeError: bcrypt 未安装：请先安装 bcrypt
2026-01-20 13:38:13,913 - tui_app - INFO - [USER_ADMIN][UI] create_user_result ok=False user_id=None
2026-01-20 13:45:33,754 - download.async_downloader - INFO - OSS连接成功
2026-01-20 13:45:55,172 - tui_app - INFO - [USER_ADMIN][UI] on_search keyword='测试'
2026-01-20 13:45:55,175 - download.db - INFO - [USER_ADMIN][DB_CALL] find_users_by_name_or_phone keyword='测试'
2026-01-20 13:45:55,175 - download.db - INFO - [USER_ADMIN][SQL] mode=name sql=SELECT id, name, phone, email, password, created_at, updated_at, avatar FROM users WHERE name = %s LIMIT 20 params=('测试',)
2026-01-20 13:45:55,283 - mysql.connector - INFO - package: mysql.connector.plugins
2026-01-20 13:45:55,283 - mysql.connector - INFO - plugin_name: mysql_native_password
2026-01-20 13:45:55,284 - mysql.connector - INFO - AUTHENTICATION_PLUGIN_CLASS: MySQLNativePasswordAuthPlugin
2026-01-20 13:45:55,398 - download.db - INFO - [USER_ADMIN][DB_RESULT] mode=name count=0 cost_ms=223
2026-01-20 13:45:55,398 - tui_app - INFO - [USER_ADMIN][UI] search_result ok=True count=0
2026-01-20 13:46:15,253 - tui_app - INFO - [USER_ADMIN][UI] create_user name='测试' phone='15563725389' email='1137251856@qqcom'
2026-01-20 13:46:15,255 - download.db - INFO - [USER_ADMIN][DB_CALL] create_user name='测试' phone='15563725389' email='1137251856@qqcom'
2026-01-20 13:46:15,394 - download.db - INFO - [USER_ADMIN][SQL] check_phone sql=SELECT id FROM users WHERE phone = %s LIMIT 1 params=('15563725389',)
2026-01-20 13:46:15,662 - download.db - INFO - [USER_ADMIN][SECURITY] bcrypt hashed password ok
2026-01-20 13:46:15,662 - download.db - INFO - [USER_ADMIN][SQL] insert_user sql=INSERT INTO users (name, phone, email, password, created_at, updated_at) VALUES (%s, %s, %s, %s, CURRENT_TIMESTAMP, CURRENT_TIMESTAMP) params=('**name**', '**phone**', '1137251856@qqcom', '***')
2026-01-20 13:46:15,794 - download.db - INFO - [USER_ADMIN][DB_RESULT] create_user ok user_id=508 cost_ms=539
2026-01-20 13:46:15,795 - tui_app - INFO - [USER_ADMIN][UI] create_user_result ok=True user_id=508
2026-01-20 13:46:32,561 - tui_app - INFO - [USER_ADMIN][UI] on_search keyword='测试'
2026-01-20 13:46:32,563 - download.db - INFO - [USER_ADMIN][DB_CALL] find_users_by_name_or_phone keyword='测试'
2026-01-20 13:46:32,563 - download.db - INFO - [USER_ADMIN][SQL] mode=name sql=SELECT id, name, phone, email, password, created_at, updated_at, avatar FROM users WHERE name = %s LIMIT 20 params=('测试',)
2026-01-20 13:46:32,690 - download.db - INFO - [USER_ADMIN][DB_RESULT] mode=name count=1 cost_ms=127
2026-01-20 13:46:32,691 - tui_app - INFO - [USER_ADMIN][UI] search_result ok=True count=1
2026-01-20 13:46:33,787 - tui_app - INFO - [USER_ADMIN][UI] pick_user user_id=508 name='测试'
2026-01-20 13:46:33,790 - tui_app - INFO - [USER_ADMIN][UI] refresh_bindings user_id=508
2026-01-20 13:46:33,791 - download.db - INFO - [USER_ADMIN][DB_CALL] list_bound_devices_for_user user_id=508
2026-01-20 13:46:33,897 - download.db - INFO - [USER_ADMIN][SQL] list_bindings sql=SELECT du.device_id, d.name, du.created_at FROM device_user du LEFT JOIN devices d ON d.id = du.device_id AND d.deleted_at IS NULL WHERE du.user_id = %s AND (du.deleted_at IS NULL) ORDER BY du.device_id ASC params=(508,)
2026-01-20 13:46:33,954 - download.db - INFO - [USER_ADMIN][DB_RESULT] list_bindings count=0 cost_ms=163
2026-01-20 13:46:33,955 - tui_app - INFO - [USER_ADMIN][UI] list_bindings_result ok=True count=0
2026-01-20 13:47:05,463 - tui_app - INFO - [USER_ADMIN][UI] update_user user_id=508 name='测01试' email='1137251856@163.com' pw=None
2026-01-20 13:47:05,464 - download.db - INFO - [USER_ADMIN][DB_CALL] update_user_info user_id=508 name='测01试' email='1137251856@163.com' pw=None
2026-01-20 13:47:05,465 - download.db - INFO - [USER_ADMIN][SQL] update_user sql=UPDATE users SET name = %s, email = %s, updated_at = CURRENT_TIMESTAMP WHERE id = %s LIMIT 1 params=('测01试', '1137251856@163.com', 508)
2026-01-20 13:47:05,593 - download.db - INFO - [USER_ADMIN][DB_RESULT] update_user rows=1 cost_ms=129
2026-01-20 13:47:05,594 - tui_app - INFO - [USER_ADMIN][UI] update_user_result ok=True updated_rows=1
2026-01-20 13:47:22,983 - tui_app - INFO - [USER_ADMIN][UI] clear_form
2026-01-20 13:47:26,613 - tui_app - INFO - [USER_ADMIN][UI] on_search keyword='测01试'
2026-01-20 13:47:26,615 - download.db - INFO - [USER_ADMIN][DB_CALL] find_users_by_name_or_phone keyword='测01试'
2026-01-20 13:47:26,615 - download.db - INFO - [USER_ADMIN][SQL] mode=name sql=SELECT id, name, phone, email, password, created_at, updated_at, avatar FROM users WHERE name = %s LIMIT 20 params=('测01试',)
2026-01-20 13:47:26,739 - download.db - INFO - [USER_ADMIN][DB_RESULT] mode=name count=1 cost_ms=124
2026-01-20 13:47:26,739 - tui_app - INFO - [USER_ADMIN][UI] search_result ok=True count=1
2026-01-20 13:47:27,457 - tui_app - INFO - [USER_ADMIN][UI] pick_user user_id=508 name='测01试'
2026-01-20 13:47:27,459 - tui_app - INFO - [USER_ADMIN][UI] refresh_bindings user_id=508
2026-01-20 13:47:27,460 - download.db - INFO - [USER_ADMIN][DB_CALL] list_bound_devices_for_user user_id=508
2026-01-20 13:47:27,532 - download.db - INFO - [USER_ADMIN][SQL] list_bindings sql=SELECT du.device_id, d.name, du.created_at FROM device_user du LEFT JOIN devices d ON d.id = du.device_id AND d.deleted_at IS NULL WHERE du.user_id = %s AND (du.deleted_at IS NULL) ORDER BY du.device_id ASC params=(508,)
2026-01-20 13:47:27,580 - download.db - INFO - [USER_ADMIN][DB_RESULT] list_bindings count=0 cost_ms=120
2026-01-20 13:47:27,581 - tui_app - INFO - [USER_ADMIN][UI] list_bindings_result ok=True count=0
2026-01-20 13:47:46,129 - tui_app - INFO - [USER_ADMIN][UI] update_user user_id=508 name='测01试' email='1137251856@163.com' pw=None
2026-01-20 13:47:46,132 - download.db - INFO - [USER_ADMIN][DB_CALL] update_user_info user_id=508 name='测01试' email='1137251856@163.com' pw=None
2026-01-20 13:47:46,132 - download.db - INFO - [USER_ADMIN][SQL] update_user sql=UPDATE users SET name = %s, email = %s, updated_at = CURRENT_TIMESTAMP WHERE id = %s LIMIT 1 params=('测01试', '1137251856@163.com', 508)
2026-01-20 13:47:46,300 - download.db - INFO - [USER_ADMIN][DB_RESULT] update_user rows=1 cost_ms=168
2026-01-20 13:47:46,301 - tui_app - INFO - [USER_ADMIN][UI] update_user_result ok=True updated_rows=1
2026-01-20 13:47:53,657 - tui_app - INFO - [USER_ADMIN][UI] on_search keyword='测01试'
2026-01-20 13:47:53,659 - download.db - INFO - [USER_ADMIN][DB_CALL] find_users_by_name_or_phone keyword='测01试'
2026-01-20 13:47:53,659 - download.db - INFO - [USER_ADMIN][SQL] mode=name sql=SELECT id, name, phone, email, password, created_at, updated_at, avatar FROM users WHERE name = %s LIMIT 20 params=('测01试',)
2026-01-20 13:47:53,776 - download.db - INFO - [USER_ADMIN][DB_RESULT] mode=name count=1 cost_ms=117
2026-01-20 13:47:53,776 - tui_app - INFO - [USER_ADMIN][UI] search_result ok=True count=1
2026-01-20 13:47:54,507 - tui_app - INFO - [USER_ADMIN][UI] pick_user user_id=508 name='测01试'
2026-01-20 13:47:54,508 - tui_app - INFO - [USER_ADMIN][UI] refresh_bindings user_id=508
2026-01-20 13:47:54,509 - download.db - INFO - [USER_ADMIN][DB_CALL] list_bound_devices_for_user user_id=508
2026-01-20 13:47:54,589 - download.db - INFO - [USER_ADMIN][SQL] list_bindings sql=SELECT du.device_id, d.name, du.created_at FROM device_user du LEFT JOIN devices d ON d.id = du.device_id AND d.deleted_at IS NULL WHERE du.user_id = %s AND (du.deleted_at IS NULL) ORDER BY du.device_id ASC params=(508,)
2026-01-20 13:47:54,862 - download.db - INFO - [USER_ADMIN][DB_RESULT] list_bindings count=0 cost_ms=353
2026-01-20 13:47:54,862 - tui_app - INFO - [USER_ADMIN][UI] list_bindings_result ok=True count=0
2026-01-20 13:47:55,016 - tui_app - INFO - [USER_ADMIN][UI] pick_user user_id=508 name='测01试'
2026-01-20 13:47:55,018 - tui_app - INFO - [USER_ADMIN][UI] refresh_bindings user_id=508
2026-01-20 13:47:55,019 - download.db - INFO - [USER_ADMIN][DB_CALL] list_bound_devices_for_user user_id=508
2026-01-20 13:47:55,099 - download.db - INFO - [USER_ADMIN][SQL] list_bindings sql=SELECT du.device_id, d.name, du.created_at FROM device_user du LEFT JOIN devices d ON d.id = du.device_id AND d.deleted_at IS NULL WHERE du.user_id = %s AND (du.deleted_at IS NULL) ORDER BY du.device_id ASC params=(508,)
2026-01-20 13:47:55,161 - download.db - INFO - [USER_ADMIN][DB_RESULT] list_bindings count=0 cost_ms=142
2026-01-20 13:47:55,162 - tui_app - INFO - [USER_ADMIN][UI] list_bindings_result ok=True count=0
2026-01-20 13:47:56,116 - tui_app - INFO - [USER_ADMIN][UI] on_search keyword='测01试'
2026-01-20 13:47:56,118 - download.db - INFO - [USER_ADMIN][DB_CALL] find_users_by_name_or_phone keyword='测01试'
2026-01-20 13:47:56,118 - download.db - INFO - [USER_ADMIN][SQL] mode=name sql=SELECT id, name, phone, email, password, created_at, updated_at, avatar FROM users WHERE name = %s LIMIT 20 params=('测01试',)
2026-01-20 13:47:56,242 - download.db - INFO - [USER_ADMIN][DB_RESULT] mode=name count=1 cost_ms=124
2026-01-20 13:47:56,243 - tui_app - INFO - [USER_ADMIN][UI] search_result ok=True count=1
2026-01-20 13:47:56,800 - tui_app - INFO - [USER_ADMIN][UI] pick_user user_id=508 name='测01试'
2026-01-20 13:47:56,809 - tui_app - INFO - [USER_ADMIN][UI] refresh_bindings user_id=508
2026-01-20 13:47:56,809 - download.db - INFO - [USER_ADMIN][DB_CALL] list_bound_devices_for_user user_id=508
2026-01-20 13:47:56,889 - download.db - INFO - [USER_ADMIN][SQL] list_bindings sql=SELECT du.device_id, d.name, du.created_at FROM device_user du LEFT JOIN devices d ON d.id = du.device_id AND d.deleted_at IS NULL WHERE du.user_id = %s AND (du.deleted_at IS NULL) ORDER BY du.device_id ASC params=(508,)
2026-01-20 13:47:56,971 - download.db - INFO - [USER_ADMIN][DB_RESULT] list_bindings count=0 cost_ms=162
2026-01-20 13:47:56,972 - tui_app - INFO - [USER_ADMIN][UI] list_bindings_result ok=True count=0
2026-01-20 13:47:57,152 - tui_app - INFO - [USER_ADMIN][UI] pick_user user_id=508 name='测01试'
2026-01-20 13:47:57,152 - tui_app - INFO - [USER_ADMIN][UI] refresh_bindings user_id=508
2026-01-20 13:47:57,152 - download.db - INFO - [USER_ADMIN][DB_CALL] list_bound_devices_for_user user_id=508
2026-01-20 13:47:57,258 - download.db - INFO - [USER_ADMIN][SQL] list_bindings sql=SELECT du.device_id, d.name, du.created_at FROM device_user du LEFT JOIN devices d ON d.id = du.device_id AND d.deleted_at IS NULL WHERE du.user_id = %s AND (du.deleted_at IS NULL) ORDER BY du.device_id ASC params=(508,)
2026-01-20 13:47:57,321 - download.db - INFO - [USER_ADMIN][DB_RESULT] list_bindings count=0 cost_ms=169
2026-01-20 13:47:57,321 - tui_app - INFO - [USER_ADMIN][UI] list_bindings_result ok=True count=0
2026-01-20 13:48:25,097 - tui_app - INFO - [USER_ADMIN][UI] clear_form
2026-01-20 13:48:27,309 - tui_app - INFO - [USER_ADMIN][UI] on_search keyword='测01试'
2026-01-20 13:48:27,310 - download.db - INFO - [USER_ADMIN][DB_CALL] find_users_by_name_or_phone keyword='测01试'
2026-01-20 13:48:27,311 - download.db - INFO - [USER_ADMIN][SQL] mode=name sql=SELECT id, name, phone, email, password, created_at, updated_at, avatar FROM users WHERE name = %s LIMIT 20 params=('测01试',)
2026-01-20 13:48:27,475 - download.db - INFO - [USER_ADMIN][DB_RESULT] mode=name count=1 cost_ms=165
2026-01-20 13:48:27,476 - tui_app - INFO - [USER_ADMIN][UI] search_result ok=True count=1
2026-01-20 13:48:28,861 - tui_app - INFO - [USER_ADMIN][UI] pick_user user_id=508 name='测01试'
2026-01-20 13:48:28,863 - tui_app - INFO - [USER_ADMIN][UI] refresh_bindings user_id=508
2026-01-20 13:48:28,864 - download.db - INFO - [USER_ADMIN][DB_CALL] list_bound_devices_for_user user_id=508
2026-01-20 13:48:28,943 - download.db - INFO - [USER_ADMIN][SQL] list_bindings sql=SELECT du.device_id, d.name, du.created_at FROM device_user du LEFT JOIN devices d ON d.id = du.device_id AND d.deleted_at IS NULL WHERE du.user_id = %s AND (du.deleted_at IS NULL) ORDER BY du.device_id ASC params=(508,)
2026-01-20 13:48:28,990 - download.db - INFO - [USER_ADMIN][DB_RESULT] list_bindings count=0 cost_ms=126
2026-01-20 13:48:28,991 - tui_app - INFO - [USER_ADMIN][UI] list_bindings_result ok=True count=0
2026-01-20 13:48:35,386 - tui_app - INFO - [USER_ADMIN][UI] update_user user_id=508 name='测试' email='1137251856@163.com' pw=None
2026-01-20 13:48:35,388 - download.db - INFO - [USER_ADMIN][DB_CALL] update_user_info user_id=508 name='测试' email='1137251856@163.com' pw=None
2026-01-20 13:48:35,388 - download.db - INFO - [USER_ADMIN][SQL] update_user sql=UPDATE users SET name = %s, email = %s, updated_at = CURRENT_TIMESTAMP WHERE id = %s LIMIT 1 params=('测试', '1137251856@163.com', 508)
2026-01-20 13:48:35,528 - download.db - INFO - [USER_ADMIN][DB_RESULT] update_user rows=1 cost_ms=140
2026-01-20 13:48:35,528 - tui_app - INFO - [USER_ADMIN][UI] update_user_result ok=True updated_rows=1
2026-01-20 13:48:38,316 - tui_app - INFO - [USER_ADMIN][UI] on_search keyword='测01试'
2026-01-20 13:48:38,317 - download.db - INFO - [USER_ADMIN][DB_CALL] find_users_by_name_or_phone keyword='测01试'
2026-01-20 13:48:38,317 - download.db - INFO - [USER_ADMIN][SQL] mode=name sql=SELECT id, name, phone, email, password, created_at, updated_at, avatar FROM users WHERE name = %s LIMIT 20 params=('测01试',)
2026-01-20 13:48:38,461 - download.db - INFO - [USER_ADMIN][DB_RESULT] mode=name count=0 cost_ms=144
2026-01-20 13:48:38,461 - tui_app - INFO - [USER_ADMIN][UI] search_result ok=True count=0
2026-01-20 13:48:40,498 - tui_app - INFO - [USER_ADMIN][UI] on_search keyword='测试'
2026-01-20 13:48:40,500 - download.db - INFO - [USER_ADMIN][DB_CALL] find_users_by_name_or_phone keyword='测试'
2026-01-20 13:48:40,500 - download.db - INFO - [USER_ADMIN][SQL] mode=name sql=SELECT id, name, phone, email, password, created_at, updated_at, avatar FROM users WHERE name = %s LIMIT 20 params=('测试',)
2026-01-20 13:48:40,649 - download.db - INFO - [USER_ADMIN][DB_RESULT] mode=name count=1 cost_ms=149
2026-01-20 13:48:40,650 - tui_app - INFO - [USER_ADMIN][UI] search_result ok=True count=1
2026-01-20 13:48:41,881 - tui_app - INFO - [USER_ADMIN][UI] pick_user user_id=508 name='测试'
2026-01-20 13:48:41,881 - tui_app - INFO - [USER_ADMIN][UI] refresh_bindings user_id=508
2026-01-20 13:48:41,881 - download.db - INFO - [USER_ADMIN][DB_CALL] list_bound_devices_for_user user_id=508
2026-01-20 13:48:41,958 - download.db - INFO - [USER_ADMIN][SQL] list_bindings sql=SELECT du.device_id, d.name, du.created_at FROM device_user du LEFT JOIN devices d ON d.id = du.device_id AND d.deleted_at IS NULL WHERE du.user_id = %s AND (du.deleted_at IS NULL) ORDER BY du.device_id ASC params=(508,)
2026-01-20 13:48:42,011 - download.db - INFO - [USER_ADMIN][DB_RESULT] list_bindings count=0 cost_ms=130
2026-01-20 13:48:42,011 - tui_app - INFO - [USER_ADMIN][UI] list_bindings_result ok=True count=0
2026-01-20 13:49:00,546 - tui_app - INFO - [USER_ADMIN][UI] bind_device user_id=508 device_id=144
2026-01-20 13:49:00,548 - download.db - INFO - [USER_ADMIN][DB_CALL] add_device_binding user_id=508 device_id=144
2026-01-20 13:49:00,623 - download.db - INFO - [USER_ADMIN][SQL] check_user sql=SELECT id FROM users WHERE id = %s LIMIT 1 params=(508,)
2026-01-20 13:49:00,659 - download.db - INFO - [USER_ADMIN][SQL] check_device sql=SELECT id, name FROM devices WHERE deleted_at IS NULL AND id = %s LIMIT 1 params=(144,)
2026-01-20 13:49:00,674 - download.db - INFO - [USER_ADMIN][SQL] check_duplicate sql=SELECT id FROM device_user WHERE user_id = %s AND device_id = %s AND (deleted_at IS NULL) LIMIT 1 params=(508, 144)
2026-01-20 13:49:00,686 - download.db - INFO - [USER_ADMIN][SQL] insert_binding sql=INSERT INTO device_user (user_id, device_id, created_at, updated_at) VALUES (%s, %s, CURRENT_TIMESTAMP, CURRENT_TIMESTAMP) params=(508, 144)
2026-01-20 13:49:00,718 - download.db - INFO - [USER_ADMIN][DB_RESULT] add_binding ok id=11328 cost_ms=170
2026-01-20 13:49:00,719 - tui_app - INFO - [USER_ADMIN][UI] bind_device_result ok=True binding_id=11328
2026-01-20 13:49:02,228 - tui_app - INFO - [USER_ADMIN][UI] refresh_bindings user_id=508
2026-01-20 13:49:02,230 - download.db - INFO - [USER_ADMIN][DB_CALL] list_bound_devices_for_user user_id=508
2026-01-20 13:49:02,304 - download.db - INFO - [USER_ADMIN][SQL] list_bindings sql=SELECT du.device_id, d.name, du.created_at FROM device_user du LEFT JOIN devices d ON d.id = du.device_id AND d.deleted_at IS NULL WHERE du.user_id = %s AND (du.deleted_at IS NULL) ORDER BY du.device_id ASC params=(508,)
2026-01-20 13:49:02,357 - download.db - INFO - [USER_ADMIN][DB_RESULT] list_bindings count=1 cost_ms=127
2026-01-20 13:49:02,358 - tui_app - INFO - [USER_ADMIN][UI] list_bindings_result ok=True count=1
2026-01-20 13:51:11,905 - tui_app - INFO - [USER_ADMIN][UI] on_search keyword='测试'
2026-01-20 13:51:11,907 - download.db - INFO - [USER_ADMIN][DB_CALL] find_users_by_name_or_phone keyword='测试'
2026-01-20 13:51:11,907 - download.db - INFO - [USER_ADMIN][SQL] mode=name sql=SELECT id, name, phone, email, password, created_at, updated_at, avatar FROM users WHERE name = %s LIMIT 20 params=('测试',)
2026-01-20 13:51:12,054 - download.db - INFO - [USER_ADMIN][DB_RESULT] mode=name count=1 cost_ms=147
2026-01-20 13:51:12,054 - tui_app - INFO - [USER_ADMIN][UI] search_result ok=True count=1
2026-01-20 13:51:13,194 - tui_app - INFO - [USER_ADMIN][UI] pick_user user_id=508 name='测试'
2026-01-20 13:51:13,197 - tui_app - INFO - [USER_ADMIN][UI] refresh_bindings user_id=508
2026-01-20 13:51:13,198 - download.db - INFO - [USER_ADMIN][DB_CALL] list_bound_devices_for_user user_id=508
2026-01-20 13:51:13,278 - download.db - INFO - [USER_ADMIN][SQL] list_bindings sql=SELECT du.device_id, d.name, du.created_at FROM device_user du LEFT JOIN devices d ON d.id = du.device_id AND d.deleted_at IS NULL WHERE du.user_id = %s AND (du.deleted_at IS NULL) ORDER BY du.device_id ASC params=(508,)
2026-01-20 13:51:13,328 - download.db - INFO - [USER_ADMIN][DB_RESULT] list_bindings count=1 cost_ms=130
2026-01-20 13:51:13,328 - tui_app - INFO - [USER_ADMIN][UI] list_bindings_result ok=True count=1
2026-01-20 13:51:15,343 - tui_app - INFO - [USER_ADMIN][UI] refresh_bindings user_id=508
2026-01-20 13:51:15,346 - download.db - INFO - [USER_ADMIN][DB_CALL] list_bound_devices_for_user user_id=508
2026-01-20 13:51:15,424 - download.db - INFO - [USER_ADMIN][SQL] list_bindings sql=SELECT du.device_id, d.name, du.created_at FROM device_user du LEFT JOIN devices d ON d.id = du.device_id AND d.deleted_at IS NULL WHERE du.user_id = %s AND (du.deleted_at IS NULL) ORDER BY du.device_id ASC params=(508,)
2026-01-20 13:51:15,478 - download.db - INFO - [USER_ADMIN][DB_RESULT] list_bindings count=1 cost_ms=132
2026-01-20 13:51:15,478 - tui_app - INFO - [USER_ADMIN][UI] list_bindings_result ok=True count=1
2026-01-20 13:51:16,157 - tui_app - INFO - [USER_ADMIN][UI] refresh_bindings user_id=508
2026-01-20 13:51:16,159 - download.db - INFO - [USER_ADMIN][DB_CALL] list_bound_devices_for_user user_id=508
2026-01-20 13:51:16,235 - download.db - INFO - [USER_ADMIN][SQL] list_bindings sql=SELECT du.device_id, d.name, du.created_at FROM device_user du LEFT JOIN devices d ON d.id = du.device_id AND d.deleted_at IS NULL WHERE du.user_id = %s AND (du.deleted_at IS NULL) ORDER BY du.device_id ASC params=(508,)
2026-01-20 13:51:16,284 - download.db - INFO - [USER_ADMIN][DB_RESULT] list_bindings count=1 cost_ms=125
2026-01-20 13:51:16,284 - tui_app - INFO - [USER_ADMIN][UI] list_bindings_result ok=True count=1
2026-01-20 13:58:11,027 - tui_app - INFO - [USER_ADMIN][UI] unbind_device(user_id=508, device_id=144)
2026-01-20 13:58:12,310 - download.db - INFO - [USER_ADMIN][DB_CALL] delete_device_binding user_id=508 device_id=144
2026-01-20 13:58:12,413 - download.db - INFO - [USER_ADMIN][SQL] delete_binding sql=DELETE FROM device_user WHERE user_id = %s AND device_id = %s params=(508, 144)
2026-01-20 13:58:12,472 - download.db - INFO - [USER_ADMIN][DB_RESULT] delete_binding rows=1 cost_ms=162
2026-01-20 13:58:12,472 - tui_app - INFO - [USER_ADMIN][UI] unbind_result ok=True deleted_rows=1
2026-01-20 13:58:13,822 - tui_app - INFO - [USER_ADMIN][UI] refresh_bindings user_id=508
2026-01-20 13:58:13,823 - download.db - INFO - [USER_ADMIN][DB_CALL] list_bound_devices_for_user user_id=508
2026-01-20 13:58:13,903 - download.db - INFO - [USER_ADMIN][SQL] list_bindings sql=SELECT du.device_id, d.name, du.created_at FROM device_user du LEFT JOIN devices d ON d.id = du.device_id AND d.deleted_at IS NULL WHERE du.user_id = %s AND (du.deleted_at IS NULL) ORDER BY du.device_id ASC params=(508,)
2026-01-20 13:58:13,956 - download.db - INFO - [USER_ADMIN][DB_RESULT] list_bindings count=0 cost_ms=133
2026-01-20 13:58:13,956 - tui_app - INFO - [USER_ADMIN][UI] list_bindings_result ok=True count=0
2026-01-20 13:58:15,563 - tui_app - INFO - [USER_ADMIN][UI] pick_user user_id=508 name='测试'
2026-01-20 13:58:15,565 - tui_app - INFO - [USER_ADMIN][UI] refresh_bindings user_id=508
2026-01-20 13:58:15,565 - download.db - INFO - [USER_ADMIN][DB_CALL] list_bound_devices_for_user user_id=508
2026-01-20 13:58:15,639 - download.db - INFO - [USER_ADMIN][SQL] list_bindings sql=SELECT du.device_id, d.name, du.created_at FROM device_user du LEFT JOIN devices d ON d.id = du.device_id AND d.deleted_at IS NULL WHERE du.user_id = %s AND (du.deleted_at IS NULL) ORDER BY du.device_id ASC params=(508,)
2026-01-20 13:58:15,687 - download.db - INFO - [USER_ADMIN][DB_RESULT] list_bindings count=0 cost_ms=122
2026-01-20 13:58:15,688 - tui_app - INFO - [USER_ADMIN][UI] list_bindings_result ok=True count=0
2026-01-20 13:58:16,312 - tui_app - INFO - [USER_ADMIN][UI] on_search keyword='测试'
2026-01-20 13:58:16,314 - download.db - INFO - [USER_ADMIN][DB_CALL] find_users_by_name_or_phone keyword='测试'
2026-01-20 13:58:16,314 - download.db - INFO - [USER_ADMIN][SQL] mode=name sql=SELECT id, name, phone, email, password, created_at, updated_at, avatar FROM users WHERE name = %s LIMIT 20 params=('测试',)
2026-01-20 13:58:16,440 - download.db - INFO - [USER_ADMIN][DB_RESULT] mode=name count=1 cost_ms=126
2026-01-20 13:58:16,441 - tui_app - INFO - [USER_ADMIN][UI] search_result ok=True count=1
2026-01-20 13:59:15,309 - tui_app - INFO - [USER_ADMIN][UI] on_search keyword='测试'
2026-01-20 13:59:15,311 - download.db - INFO - [USER_ADMIN][DB_CALL] find_users_by_name_or_phone keyword='测试'
2026-01-20 13:59:15,311 - download.db - INFO - [USER_ADMIN][SQL] mode=name sql=SELECT id, name, phone, email, password, created_at, updated_at, avatar FROM users WHERE name = %s LIMIT 20 params=('测试',)
2026-01-20 13:59:15,453 - download.db - INFO - [USER_ADMIN][DB_RESULT] mode=name count=1 cost_ms=142
2026-01-20 13:59:15,453 - tui_app - INFO - [USER_ADMIN][UI] search_result ok=True count=1
2026-01-20 13:59:16,937 - tui_app - INFO - [USER_ADMIN][UI] pick_user user_id=508 name='测试'
2026-01-20 13:59:16,941 - tui_app - INFO - [USER_ADMIN][UI] refresh_bindings user_id=508
2026-01-20 13:59:16,941 - download.db - INFO - [USER_ADMIN][DB_CALL] list_bound_devices_for_user user_id=508
2026-01-20 13:59:17,022 - download.db - INFO - [USER_ADMIN][SQL] list_bindings sql=SELECT du.device_id, d.name, du.created_at FROM device_user du LEFT JOIN devices d ON d.id = du.device_id AND d.deleted_at IS NULL WHERE du.user_id = %s AND (du.deleted_at IS NULL) ORDER BY du.device_id ASC params=(508,)
2026-01-20 13:59:17,075 - download.db - INFO - [USER_ADMIN][DB_RESULT] list_bindings count=0 cost_ms=134
2026-01-20 13:59:17,075 - tui_app - INFO - [USER_ADMIN][UI] list_bindings_result ok=True count=0
2026-01-20 13:59:30,405 - tui_app - INFO - [USER_ADMIN][UI] on_search keyword='测试'
2026-01-20 13:59:30,405 - download.db - INFO - [USER_ADMIN][DB_CALL] find_users_by_name_or_phone keyword='测试'
2026-01-20 13:59:30,405 - download.db - INFO - [USER_ADMIN][SQL] mode=name sql=SELECT id, name, phone, email, password, created_at, updated_at, avatar FROM users WHERE name = %s LIMIT 20 params=('测试',)
2026-01-20 13:59:30,537 - download.db - INFO - [USER_ADMIN][DB_RESULT] mode=name count=1 cost_ms=132
2026-01-20 13:59:30,538 - tui_app - INFO - [USER_ADMIN][UI] search_result ok=True count=1
2026-01-20 13:59:31,831 - tui_app - INFO - [USER_ADMIN][UI] pick_user user_id=508 name='测试'
2026-01-20 13:59:31,831 - tui_app - INFO - [USER_ADMIN][UI] refresh_bindings user_id=508
2026-01-20 13:59:31,831 - download.db - INFO - [USER_ADMIN][DB_CALL] list_bound_devices_for_user user_id=508
2026-01-20 13:59:31,902 - download.db - INFO - [USER_ADMIN][SQL] list_bindings sql=SELECT du.device_id, d.name, du.created_at FROM device_user du LEFT JOIN devices d ON d.id = du.device_id AND d.deleted_at IS NULL WHERE du.user_id = %s AND (du.deleted_at IS NULL) ORDER BY du.device_id ASC params=(508,)
2026-01-20 13:59:31,947 - download.db - INFO - [USER_ADMIN][DB_RESULT] list_bindings count=0 cost_ms=116
2026-01-20 13:59:31,947 - tui_app - INFO - [USER_ADMIN][UI] list_bindings_result ok=True count=0
2026-01-20 13:59:38,765 - tui_app - INFO - [USER_ADMIN][UI] clear_form
2026-01-20 13:59:58,749 - tui_app - INFO - [USER_ADMIN][UI] on_search keyword='测试'
2026-01-20 13:59:58,749 - download.db - INFO - [USER_ADMIN][DB_CALL] find_users_by_name_or_phone keyword='测试'
2026-01-20 13:59:58,750 - download.db - INFO - [USER_ADMIN][SQL] mode=name sql=SELECT id, name, phone, email, password, created_at, updated_at, avatar FROM users WHERE name = %s LIMIT 20 params=('测试',)
2026-01-20 13:59:58,908 - download.db - INFO - [USER_ADMIN][DB_RESULT] mode=name count=1 cost_ms=159
2026-01-20 13:59:58,908 - tui_app - INFO - [USER_ADMIN][UI] search_result ok=True count=1
2026-01-20 14:00:02,008 - tui_app - INFO - [USER_ADMIN][UI] pick_user user_id=508 name='测试'
2026-01-20 14:00:02,011 - tui_app - INFO - [USER_ADMIN][UI] refresh_bindings user_id=508
2026-01-20 14:00:02,012 - download.db - INFO - [USER_ADMIN][DB_CALL] list_bound_devices_for_user user_id=508
2026-01-20 14:00:02,086 - download.db - INFO - [USER_ADMIN][SQL] list_bindings sql=SELECT du.device_id, d.name, du.created_at FROM device_user du LEFT JOIN devices d ON d.id = du.device_id AND d.deleted_at IS NULL WHERE du.user_id = %s AND (du.deleted_at IS NULL) ORDER BY du.device_id ASC params=(508,)
2026-01-20 14:00:02,137 - download.db - INFO - [USER_ADMIN][DB_RESULT] list_bindings count=0 cost_ms=125
2026-01-20 14:00:02,137 - tui_app - INFO - [USER_ADMIN][UI] list_bindings_result ok=True count=0
2026-01-20 14:00:12,852 - tui_app - INFO - [USER_ADMIN][UI] update_user user_id=508 name='测试01' email='测试' pw=None
2026-01-20 14:00:12,852 - download.db - INFO - [USER_ADMIN][DB_CALL] update_user_info user_id=508 name='测试01' email='测试' pw=None
2026-01-20 14:00:12,852 - download.db - INFO - [USER_ADMIN][SQL] update_user sql=UPDATE users SET name = %s, email = %s, updated_at = CURRENT_TIMESTAMP WHERE id = %s LIMIT 1 params=('测试01', '测试', 508)
2026-01-20 14:00:12,994 - download.db - INFO - [USER_ADMIN][DB_RESULT] update_user rows=1 cost_ms=142
2026-01-20 14:00:12,995 - tui_app - INFO - [USER_ADMIN][UI] update_user_result ok=True updated_rows=1
2026-01-20 14:00:23,656 - tui_app - INFO - [USER_ADMIN][UI] update_user user_id=508 name='测试01' email='测试01' pw=None
2026-01-20 14:00:23,657 - download.db - INFO - [USER_ADMIN][DB_CALL] update_user_info user_id=508 name='测试01' email='测试01' pw=None
2026-01-20 14:00:23,658 - download.db - INFO - [USER_ADMIN][SQL] update_user sql=UPDATE users SET name = %s, email = %s, updated_at = CURRENT_TIMESTAMP WHERE id = %s LIMIT 1 params=('测试01', '测试01', 508)
2026-01-20 14:00:23,777 - download.db - INFO - [USER_ADMIN][DB_RESULT] update_user rows=1 cost_ms=120
2026-01-20 14:00:23,778 - tui_app - INFO - [USER_ADMIN][UI] update_user_result ok=True updated_rows=1
2026-01-20 14:00:32,133 - tui_app - INFO - [USER_ADMIN][UI] update_user user_id=508 name='测试01' email='测试01' pw=None
2026-01-20 14:00:32,143 - download.db - INFO - [USER_ADMIN][DB_CALL] update_user_info user_id=508 name='测试01' email='测试01' pw=None
2026-01-20 14:00:32,143 - download.db - INFO - [USER_ADMIN][SQL] update_user sql=UPDATE users SET name = %s, email = %s, updated_at = CURRENT_TIMESTAMP WHERE id = %s LIMIT 1 params=('测试01', '测试01', 508)
2026-01-20 14:00:32,265 - download.db - INFO - [USER_ADMIN][DB_RESULT] update_user rows=1 cost_ms=122
2026-01-20 14:00:32,265 - tui_app - INFO - [USER_ADMIN][UI] update_user_result ok=True updated_rows=1
2026-01-20 14:00:39,628 - tui_app - INFO - [USER_ADMIN][UI] pick_user user_id=508 name='测试'
2026-01-20 14:00:39,631 - tui_app - INFO - [USER_ADMIN][UI] refresh_bindings user_id=508
2026-01-20 14:00:39,631 - download.db - INFO - [USER_ADMIN][DB_CALL] list_bound_devices_for_user user_id=508
2026-01-20 14:00:39,724 - download.db - INFO - [USER_ADMIN][SQL] list_bindings sql=SELECT du.device_id, d.name, du.created_at FROM device_user du LEFT JOIN devices d ON d.id = du.device_id AND d.deleted_at IS NULL WHERE du.user_id = %s AND (du.deleted_at IS NULL) ORDER BY du.device_id ASC params=(508,)
2026-01-20 14:00:39,812 - download.db - INFO - [USER_ADMIN][DB_RESULT] list_bindings count=0 cost_ms=181
2026-01-20 14:00:39,812 - tui_app - INFO - [USER_ADMIN][UI] list_bindings_result ok=True count=0
2026-01-20 14:00:40,211 - tui_app - INFO - [USER_ADMIN][UI] pick_user user_id=508 name='测试'
2026-01-20 14:00:40,212 - tui_app - INFO - [USER_ADMIN][UI] refresh_bindings user_id=508
2026-01-20 14:00:40,213 - download.db - INFO - [USER_ADMIN][DB_CALL] list_bound_devices_for_user user_id=508
2026-01-20 14:00:40,291 - download.db - INFO - [USER_ADMIN][SQL] list_bindings sql=SELECT du.device_id, d.name, du.created_at FROM device_user du LEFT JOIN devices d ON d.id = du.device_id AND d.deleted_at IS NULL WHERE du.user_id = %s AND (du.deleted_at IS NULL) ORDER BY du.device_id ASC params=(508,)
2026-01-20 14:00:40,342 - download.db - INFO - [USER_ADMIN][DB_RESULT] list_bindings count=0 cost_ms=129
2026-01-20 14:00:40,342 - tui_app - INFO - [USER_ADMIN][UI] list_bindings_result ok=True count=0
2026-01-20 14:00:41,183 - tui_app - INFO - [USER_ADMIN][UI] on_search keyword='测试'
2026-01-20 14:00:41,183 - download.db - INFO - [USER_ADMIN][DB_CALL] find_users_by_name_or_phone keyword='测试'
2026-01-20 14:00:41,183 - download.db - INFO - [USER_ADMIN][SQL] mode=name sql=SELECT id, name, phone, email, password, created_at, updated_at, avatar FROM users WHERE name = %s LIMIT 20 params=('测试',)
2026-01-20 14:00:41,306 - download.db - INFO - [USER_ADMIN][DB_RESULT] mode=name count=0 cost_ms=123
2026-01-20 14:00:41,306 - tui_app - INFO - [USER_ADMIN][UI] search_result ok=True count=0
2026-01-20 14:00:44,512 - tui_app - INFO - [USER_ADMIN][UI] on_search keyword='测试01'
2026-01-20 14:00:44,512 - download.db - INFO - [USER_ADMIN][DB_CALL] find_users_by_name_or_phone keyword='测试01'
2026-01-20 14:00:44,513 - download.db - INFO - [USER_ADMIN][SQL] mode=name sql=SELECT id, name, phone, email, password, created_at, updated_at, avatar FROM users WHERE name = %s LIMIT 20 params=('测试01',)
2026-01-20 14:00:44,663 - download.db - INFO - [USER_ADMIN][DB_RESULT] mode=name count=1 cost_ms=151
2026-01-20 14:00:44,665 - tui_app - INFO - [USER_ADMIN][UI] search_result ok=True count=1
2026-01-20 14:00:45,344 - tui_app - INFO - [USER_ADMIN][UI] pick_user user_id=508 name='测试01'
2026-01-20 14:00:45,347 - tui_app - INFO - [USER_ADMIN][UI] refresh_bindings user_id=508
2026-01-20 14:00:45,348 - download.db - INFO - [USER_ADMIN][DB_CALL] list_bound_devices_for_user user_id=508
2026-01-20 14:00:45,436 - download.db - INFO - [USER_ADMIN][SQL] list_bindings sql=SELECT du.device_id, d.name, du.created_at FROM device_user du LEFT JOIN devices d ON d.id = du.device_id AND d.deleted_at IS NULL WHERE du.user_id = %s AND (du.deleted_at IS NULL) ORDER BY du.device_id ASC params=(508,)
2026-01-20 14:00:45,488 - download.db - INFO - [USER_ADMIN][DB_RESULT] list_bindings count=0 cost_ms=140
2026-01-20 14:00:45,488 - tui_app - INFO - [USER_ADMIN][UI] list_bindings_result ok=True count=0
2026-01-20 14:00:51,090 - tui_app - INFO - [USER_ADMIN][UI] bind_device user_id=508 device_id=144
2026-01-20 14:00:51,090 - download.db - INFO - [USER_ADMIN][DB_CALL] add_device_binding user_id=508 device_id=144
2026-01-20 14:00:51,173 - download.db - INFO - [USER_ADMIN][SQL] check_user sql=SELECT id FROM users WHERE id = %s LIMIT 1 params=(508,)
2026-01-20 14:00:51,211 - download.db - INFO - [USER_ADMIN][SQL] check_device sql=SELECT id, name FROM devices WHERE deleted_at IS NULL AND id = %s LIMIT 1 params=(144,)
2026-01-20 14:00:51,224 - download.db - INFO - [USER_ADMIN][SQL] check_duplicate sql=SELECT id FROM device_user WHERE user_id = %s AND device_id = %s AND (deleted_at IS NULL) LIMIT 1 params=(508, 144)
2026-01-20 14:00:51,237 - download.db - INFO - [USER_ADMIN][SQL] insert_binding sql=INSERT INTO device_user (user_id, device_id, created_at, updated_at) VALUES (%s, %s, CURRENT_TIMESTAMP, CURRENT_TIMESTAMP) params=(508, 144)
2026-01-20 14:00:51,266 - download.db - INFO - [USER_ADMIN][DB_RESULT] add_binding ok id=11329 cost_ms=176
2026-01-20 14:00:51,266 - tui_app - INFO - [USER_ADMIN][UI] bind_device_result ok=True binding_id=11329
2026-01-20 14:00:52,624 - tui_app - INFO - [USER_ADMIN][UI] refresh_bindings user_id=508
2026-01-20 14:00:52,624 - download.db - INFO - [USER_ADMIN][DB_CALL] list_bound_devices_for_user user_id=508
2026-01-20 14:00:52,704 - download.db - INFO - [USER_ADMIN][SQL] list_bindings sql=SELECT du.device_id, d.name, du.created_at FROM device_user du LEFT JOIN devices d ON d.id = du.device_id AND d.deleted_at IS NULL WHERE du.user_id = %s AND (du.deleted_at IS NULL) ORDER BY du.device_id ASC params=(508,)
2026-01-20 14:00:52,758 - download.db - INFO - [USER_ADMIN][DB_RESULT] list_bindings count=1 cost_ms=134
2026-01-20 14:00:52,759 - tui_app - INFO - [USER_ADMIN][UI] list_bindings_result ok=True count=1
2026-01-20 14:00:53,480 - tui_app - INFO - [USER_ADMIN][UI] refresh_bindings user_id=508
2026-01-20 14:00:53,481 - download.db - INFO - [USER_ADMIN][DB_CALL] list_bound_devices_for_user user_id=508
2026-01-20 14:00:53,558 - download.db - INFO - [USER_ADMIN][SQL] list_bindings sql=SELECT du.device_id, d.name, du.created_at FROM device_user du LEFT JOIN devices d ON d.id = du.device_id AND d.deleted_at IS NULL WHERE du.user_id = %s AND (du.deleted_at IS NULL) ORDER BY du.device_id ASC params=(508,)
2026-01-20 14:00:53,612 - download.db - INFO - [USER_ADMIN][DB_RESULT] list_bindings count=1 cost_ms=131
2026-01-20 14:00:53,613 - tui_app - INFO - [USER_ADMIN][UI] list_bindings_result ok=True count=1
2026-01-20 14:00:59,808 - tui_app - INFO - [USER_ADMIN][UI] bind_device user_id=508 device_id=155
2026-01-20 14:00:59,809 - download.db - INFO - [USER_ADMIN][DB_CALL] add_device_binding user_id=508 device_id=155
2026-01-20 14:01:00,000 - download.db - INFO - [USER_ADMIN][SQL] check_user sql=SELECT id FROM users WHERE id = %s LIMIT 1 params=(508,)
2026-01-20 14:01:00,038 - download.db - INFO - [USER_ADMIN][SQL] check_device sql=SELECT id, name FROM devices WHERE deleted_at IS NULL AND id = %s LIMIT 1 params=(155,)
2026-01-20 14:01:00,051 - download.db - INFO - [USER_ADMIN][SQL] check_duplicate sql=SELECT id FROM device_user WHERE user_id = %s AND device_id = %s AND (deleted_at IS NULL) LIMIT 1 params=(508, 155)
2026-01-20 14:01:00,064 - download.db - INFO - [USER_ADMIN][SQL] insert_binding sql=INSERT INTO device_user (user_id, device_id, created_at, updated_at) VALUES (%s, %s, CURRENT_TIMESTAMP, CURRENT_TIMESTAMP) params=(508, 155)
2026-01-20 14:01:00,092 - download.db - INFO - [USER_ADMIN][DB_RESULT] add_binding ok id=11330 cost_ms=283
2026-01-20 14:01:00,092 - tui_app - INFO - [USER_ADMIN][UI] bind_device_result ok=True binding_id=11330
2026-01-20 14:01:01,149 - tui_app - INFO - [USER_ADMIN][UI] refresh_bindings user_id=508
2026-01-20 14:01:01,149 - download.db - INFO - [USER_ADMIN][DB_CALL] list_bound_devices_for_user user_id=508
2026-01-20 14:01:01,232 - download.db - INFO - [USER_ADMIN][SQL] list_bindings sql=SELECT du.device_id, d.name, du.created_at FROM device_user du LEFT JOIN devices d ON d.id = du.device_id AND d.deleted_at IS NULL WHERE du.user_id = %s AND (du.deleted_at IS NULL) ORDER BY du.device_id ASC params=(508,)
2026-01-20 14:01:01,285 - download.db - INFO - [USER_ADMIN][DB_RESULT] list_bindings count=2 cost_ms=136
2026-01-20 14:01:01,285 - tui_app - INFO - [USER_ADMIN][UI] list_bindings_result ok=True count=2
2026-01-20 14:01:02,044 - tui_app - INFO - [USER_ADMIN][UI] refresh_bindings user_id=508
2026-01-20 14:01:02,044 - download.db - INFO - [USER_ADMIN][DB_CALL] list_bound_devices_for_user user_id=508
2026-01-20 14:01:02,118 - download.db - INFO - [USER_ADMIN][SQL] list_bindings sql=SELECT du.device_id, d.name, du.created_at FROM device_user du LEFT JOIN devices d ON d.id = du.device_id AND d.deleted_at IS NULL WHERE du.user_id = %s AND (du.deleted_at IS NULL) ORDER BY du.device_id ASC params=(508,)
2026-01-20 14:01:02,168 - download.db - INFO - [USER_ADMIN][DB_RESULT] list_bindings count=2 cost_ms=124
2026-01-20 14:01:02,169 - tui_app - INFO - [USER_ADMIN][UI] list_bindings_result ok=True count=2
2026-01-20 14:01:03,111 - tui_app - INFO - [USER_ADMIN][UI] refresh_bindings user_id=508
2026-01-20 14:01:03,111 - download.db - INFO - [USER_ADMIN][DB_CALL] list_bound_devices_for_user user_id=508
2026-01-20 14:01:03,191 - download.db - INFO - [USER_ADMIN][SQL] list_bindings sql=SELECT du.device_id, d.name, du.created_at FROM device_user du LEFT JOIN devices d ON d.id = du.device_id AND d.deleted_at IS NULL WHERE du.user_id = %s AND (du.deleted_at IS NULL) ORDER BY du.device_id ASC params=(508,)
2026-01-20 14:01:03,248 - download.db - INFO - [USER_ADMIN][DB_RESULT] list_bindings count=2 cost_ms=137
2026-01-20 14:01:03,249 - tui_app - INFO - [USER_ADMIN][UI] list_bindings_result ok=True count=2
2026-01-20 14:01:15,125 - tui_app - INFO - [USER_ADMIN][UI] on_search keyword='saber'
2026-01-20 14:01:15,126 - download.db - INFO - [USER_ADMIN][DB_CALL] find_users_by_name_or_phone keyword='saber'
2026-01-20 14:01:15,127 - download.db - INFO - [USER_ADMIN][SQL] mode=name sql=SELECT id, name, phone, email, password, created_at, updated_at, avatar FROM users WHERE name = %s LIMIT 20 params=('saber',)
2026-01-20 14:01:15,494 - download.db - INFO - [USER_ADMIN][DB_RESULT] mode=name count=1 cost_ms=368
2026-01-20 14:01:15,495 - tui_app - INFO - [USER_ADMIN][UI] search_result ok=True count=1
2026-01-20 14:01:17,641 - tui_app - INFO - [USER_ADMIN][UI] pick_user user_id=2 name='saber'
2026-01-20 14:01:17,643 - tui_app - INFO - [USER_ADMIN][UI] refresh_bindings user_id=2
2026-01-20 14:01:17,644 - download.db - INFO - [USER_ADMIN][DB_CALL] list_bound_devices_for_user user_id=2
2026-01-20 14:01:17,726 - download.db - INFO - [USER_ADMIN][SQL] list_bindings sql=SELECT du.device_id, d.name, du.created_at FROM device_user du LEFT JOIN devices d ON d.id = du.device_id AND d.deleted_at IS NULL WHERE du.user_id = %s AND (du.deleted_at IS NULL) ORDER BY du.device_id ASC params=(2,)
2026-01-20 14:01:17,780 - download.db - INFO - [USER_ADMIN][DB_RESULT] list_bindings count=3 cost_ms=136
2026-01-20 14:01:17,781 - tui_app - INFO - [USER_ADMIN][UI] list_bindings_result ok=True count=3
2026-01-20 14:01:24,235 - tui_app - INFO - [USER_ADMIN][UI] on_search keyword='测试01'
2026-01-20 14:01:24,237 - download.db - INFO - [USER_ADMIN][DB_CALL] find_users_by_name_or_phone keyword='测试01'
2026-01-20 14:01:24,237 - download.db - INFO - [USER_ADMIN][SQL] mode=name sql=SELECT id, name, phone, email, password, created_at, updated_at, avatar FROM users WHERE name = %s LIMIT 20 params=('测试01',)
2026-01-20 14:01:24,373 - download.db - INFO - [USER_ADMIN][DB_RESULT] mode=name count=1 cost_ms=136
2026-01-20 14:01:24,373 - tui_app - INFO - [USER_ADMIN][UI] search_result ok=True count=1
2026-01-20 14:01:28,041 - tui_app - INFO - [USER_ADMIN][UI] pick_user user_id=508 name='测试01'
2026-01-20 14:01:28,042 - tui_app - INFO - [USER_ADMIN][UI] refresh_bindings user_id=508
2026-01-20 14:01:28,043 - download.db - INFO - [USER_ADMIN][DB_CALL] list_bound_devices_for_user user_id=508
2026-01-20 14:01:28,119 - download.db - INFO - [USER_ADMIN][SQL] list_bindings sql=SELECT du.device_id, d.name, du.created_at FROM device_user du LEFT JOIN devices d ON d.id = du.device_id AND d.deleted_at IS NULL WHERE du.user_id = %s AND (du.deleted_at IS NULL) ORDER BY du.device_id ASC params=(508,)
2026-01-20 14:01:28,171 - download.db - INFO - [USER_ADMIN][DB_RESULT] list_bindings count=2 cost_ms=129
2026-01-20 14:01:28,172 - tui_app - INFO - [USER_ADMIN][UI] list_bindings_result ok=True count=2
2026-01-20 14:01:31,321 - tui_app - INFO - [USER_ADMIN][UI] unbind_device(user_id=508, device_id=144)
2026-01-20 14:01:32,459 - download.db - INFO - [USER_ADMIN][DB_CALL] delete_device_binding user_id=508 device_id=144
2026-01-20 14:01:32,534 - download.db - INFO - [USER_ADMIN][SQL] delete_binding sql=DELETE FROM device_user WHERE user_id = %s AND device_id = %s params=(508, 144)
2026-01-20 14:01:32,584 - download.db - INFO - [USER_ADMIN][DB_RESULT] delete_binding rows=1 cost_ms=125
2026-01-20 14:01:32,584 - tui_app - INFO - [USER_ADMIN][UI] unbind_result ok=True deleted_rows=1
2026-01-20 14:01:33,555 - tui_app - INFO - [USER_ADMIN][UI] refresh_bindings user_id=508
2026-01-20 14:01:33,562 - download.db - INFO - [USER_ADMIN][DB_CALL] list_bound_devices_for_user user_id=508
2026-01-20 14:01:33,651 - download.db - INFO - [USER_ADMIN][SQL] list_bindings sql=SELECT du.device_id, d.name, du.created_at FROM device_user du LEFT JOIN devices d ON d.id = du.device_id AND d.deleted_at IS NULL WHERE du.user_id = %s AND (du.deleted_at IS NULL) ORDER BY du.device_id ASC params=(508,)
2026-01-20 14:01:33,704 - download.db - INFO - [USER_ADMIN][DB_RESULT] list_bindings count=1 cost_ms=142
2026-01-20 14:01:33,705 - tui_app - INFO - [USER_ADMIN][UI] list_bindings_result ok=True count=1
2026-01-20 14:01:34,452 - tui_app - INFO - [USER_ADMIN][UI] refresh_bindings user_id=508
2026-01-20 14:01:34,453 - download.db - INFO - [USER_ADMIN][DB_CALL] list_bound_devices_for_user user_id=508
2026-01-20 14:01:34,533 - download.db - INFO - [USER_ADMIN][SQL] list_bindings sql=SELECT du.device_id, d.name, du.created_at FROM device_user du LEFT JOIN devices d ON d.id = du.device_id AND d.deleted_at IS NULL WHERE du.user_id = %s AND (du.deleted_at IS NULL) ORDER BY du.device_id ASC params=(508,)
2026-01-20 14:01:34,586 - download.db - INFO - [USER_ADMIN][DB_RESULT] list_bindings count=1 cost_ms=133
2026-01-20 14:01:34,586 - tui_app - INFO - [USER_ADMIN][UI] list_bindings_result ok=True count=1
2026-01-20 14:01:49,405 - tui_app - INFO - [USER_ADMIN][UI] refresh_bindings user_id=508
2026-01-20 14:01:49,407 - download.db - INFO - [USER_ADMIN][DB_CALL] list_bound_devices_for_user user_id=508
2026-01-20 14:01:49,516 - download.db - INFO - [USER_ADMIN][SQL] list_bindings sql=SELECT du.device_id, d.name, du.created_at FROM device_user du LEFT JOIN devices d ON d.id = du.device_id AND d.deleted_at IS NULL WHERE du.user_id = %s AND (du.deleted_at IS NULL) ORDER BY du.device_id ASC params=(508,)
2026-01-20 14:01:49,564 - download.db - INFO - [USER_ADMIN][DB_RESULT] list_bindings count=1 cost_ms=157
2026-01-20 14:01:49,565 - tui_app - INFO - [USER_ADMIN][UI] list_bindings_result ok=True count=1
2026-01-20 14:01:51,084 - tui_app - INFO - [USER_ADMIN][UI] unbind_device(user_id=508, device_id=155)
2026-01-20 14:01:52,236 - download.db - INFO - [USER_ADMIN][DB_CALL] delete_device_binding user_id=508 device_id=155
2026-01-20 14:01:52,312 - download.db - INFO - [USER_ADMIN][SQL] delete_binding sql=DELETE FROM device_user WHERE user_id = %s AND device_id = %s params=(508, 155)
2026-01-20 14:01:52,366 - download.db - INFO - [USER_ADMIN][DB_RESULT] delete_binding rows=1 cost_ms=130
2026-01-20 14:01:52,367 - tui_app - INFO - [USER_ADMIN][UI] unbind_result ok=True deleted_rows=1
2026-01-20 14:01:53,531 - tui_app - INFO - [USER_ADMIN][UI] refresh_bindings user_id=508
2026-01-20 14:01:53,532 - download.db - INFO - [USER_ADMIN][DB_CALL] list_bound_devices_for_user user_id=508
2026-01-20 14:01:53,605 - download.db - INFO - [USER_ADMIN][SQL] list_bindings sql=SELECT du.device_id, d.name, du.created_at FROM device_user du LEFT JOIN devices d ON d.id = du.device_id AND d.deleted_at IS NULL WHERE du.user_id = %s AND (du.deleted_at IS NULL) ORDER BY du.device_id ASC params=(508,)
2026-01-20 14:01:53,653 - download.db - INFO - [USER_ADMIN][DB_RESULT] list_bindings count=0 cost_ms=121
2026-01-20 14:01:53,653 - tui_app - INFO - [USER_ADMIN][UI] list_bindings_result ok=True count=0
2026-01-20 14:02:02,461 - tui_app - INFO - [USER_ADMIN][UI] on_search keyword='测试01'
2026-01-20 14:02:02,465 - download.db - INFO - [USER_ADMIN][DB_CALL] find_users_by_name_or_phone keyword='测试01'
2026-01-20 14:02:02,465 - download.db - INFO - [USER_ADMIN][SQL] mode=name sql=SELECT id, name, phone, email, password, created_at, updated_at, avatar FROM users WHERE name = %s LIMIT 20 params=('测试01',)
2026-01-20 14:02:02,587 - download.db - INFO - [USER_ADMIN][DB_RESULT] mode=name count=1 cost_ms=122
2026-01-20 14:02:02,587 - tui_app - INFO - [USER_ADMIN][UI] search_result ok=True count=1
2026-01-20 14:02:10,044 - tui_app - INFO - [USER_ADMIN][UI] on_search keyword='测试02'
2026-01-20 14:02:10,046 - download.db - INFO - [USER_ADMIN][DB_CALL] find_users_by_name_or_phone keyword='测试02'
2026-01-20 14:02:10,046 - download.db - INFO - [USER_ADMIN][SQL] mode=name sql=SELECT id, name, phone, email, password, created_at, updated_at, avatar FROM users WHERE name = %s LIMIT 20 params=('测试02',)
2026-01-20 14:02:10,187 - download.db - INFO - [USER_ADMIN][DB_RESULT] mode=name count=0 cost_ms=141
2026-01-20 14:02:10,188 - tui_app - INFO - [USER_ADMIN][UI] search_result ok=True count=0
2026-01-20 14:02:25,713 - tui_app - INFO - [USER_ADMIN][UI] create_user name='测试02' phone='测试02' email='测试02'
2026-01-20 14:02:25,714 - download.db - INFO - [USER_ADMIN][DB_CALL] create_user name='测试02' phone='测试02' email='测试02'
2026-01-20 14:02:25,714 - download.db - WARNING - [USER_ADMIN][VALIDATE] invalid phone format
2026-01-20 14:02:25,715 - tui_app - INFO - [USER_ADMIN][UI] create_user_result ok=False user_id=None
2026-01-20 14:02:33,522 - tui_app - INFO - [USER_ADMIN][UI] create_user name='测试02' phone='999999999' email='测试02'
2026-01-20 14:02:33,532 - download.db - INFO - [USER_ADMIN][DB_CALL] create_user name='测试02' phone='999999999' email='测试02'
2026-01-20 14:02:33,625 - download.db - INFO - [USER_ADMIN][SQL] check_phone sql=SELECT id FROM users WHERE phone = %s LIMIT 1 params=('999999999',)
2026-01-20 14:02:33,874 - download.db - INFO - [USER_ADMIN][SECURITY] bcrypt hashed password ok
2026-01-20 14:02:33,874 - download.db - INFO - [USER_ADMIN][SQL] insert_user sql=INSERT INTO users (name, phone, email, password, created_at, updated_at) VALUES (%s, %s, %s, %s, CURRENT_TIMESTAMP, CURRENT_TIMESTAMP) params=('**name**', '**phone**', '测试02', '***')
2026-01-20 14:02:34,000 - download.db - INFO - [USER_ADMIN][DB_RESULT] create_user ok user_id=509 cost_ms=468
2026-01-20 14:02:34,001 - tui_app - INFO - [USER_ADMIN][UI] create_user_result ok=True user_id=509
2026-01-20 14:04:18,257 - tui_app - INFO - [USER_ADMIN][UI] on_search keyword='测试02'
2026-01-20 14:04:18,258 - download.db - INFO - [USER_ADMIN][DB_CALL] find_users_by_name_or_phone keyword='测试02'
2026-01-20 14:04:18,258 - download.db - INFO - [USER_ADMIN][SQL] mode=name sql=SELECT id, name, phone, email, password, created_at, updated_at, avatar FROM users WHERE name = %s LIMIT 20 params=('测试02',)
2026-01-20 14:04:18,409 - download.db - INFO - [USER_ADMIN][DB_RESULT] mode=name count=1 cost_ms=151
2026-01-20 14:04:18,410 - tui_app - INFO - [USER_ADMIN][UI] search_result ok=True count=1
2026-01-20 14:04:19,783 - tui_app - INFO - [USER_ADMIN][UI] pick_user user_id=509 name='测试02'
2026-01-20 14:04:19,785 - tui_app - INFO - [USER_ADMIN][UI] refresh_bindings user_id=509
2026-01-20 14:04:19,785 - download.db - INFO - [USER_ADMIN][DB_CALL] list_bound_devices_for_user user_id=509
2026-01-20 14:04:19,860 - download.db - INFO - [USER_ADMIN][SQL] list_bindings sql=SELECT du.device_id, d.name, du.created_at FROM device_user du LEFT JOIN devices d ON d.id = du.device_id AND d.deleted_at IS NULL WHERE du.user_id = %s AND (du.deleted_at IS NULL) ORDER BY du.device_id ASC params=(509,)
2026-01-20 14:04:19,911 - download.db - INFO - [USER_ADMIN][DB_RESULT] list_bindings count=0 cost_ms=126
2026-01-20 14:04:19,911 - tui_app - INFO - [USER_ADMIN][UI] list_bindings_result ok=True count=0
2026-01-20 14:04:23,300 - tui_app - INFO - [USER_ADMIN][UI] on_search keyword='测试01'
2026-01-20 14:04:23,302 - download.db - INFO - [USER_ADMIN][DB_CALL] find_users_by_name_or_phone keyword='测试01'
2026-01-20 14:04:23,302 - download.db - INFO - [USER_ADMIN][SQL] mode=name sql=SELECT id, name, phone, email, password, created_at, updated_at, avatar FROM users WHERE name = %s LIMIT 20 params=('测试01',)
2026-01-20 14:04:23,425 - download.db - INFO - [USER_ADMIN][DB_RESULT] mode=name count=1 cost_ms=123
2026-01-20 14:04:23,425 - tui_app - INFO - [USER_ADMIN][UI] search_result ok=True count=1
2026-01-20 14:04:24,865 - tui_app - INFO - [USER_ADMIN][UI] pick_user user_id=508 name='测试01'
2026-01-20 14:04:24,866 - tui_app - INFO - [USER_ADMIN][UI] refresh_bindings user_id=508
2026-01-20 14:04:24,866 - download.db - INFO - [USER_ADMIN][DB_CALL] list_bound_devices_for_user user_id=508
2026-01-20 14:04:24,956 - download.db - INFO - [USER_ADMIN][SQL] list_bindings sql=SELECT du.device_id, d.name, du.created_at FROM device_user du LEFT JOIN devices d ON d.id = du.device_id AND d.deleted_at IS NULL WHERE du.user_id = %s AND (du.deleted_at IS NULL) ORDER BY du.device_id ASC params=(508,)
2026-01-20 14:04:25,007 - download.db - INFO - [USER_ADMIN][DB_RESULT] list_bindings count=0 cost_ms=141
2026-01-20 14:04:25,007 - tui_app - INFO - [USER_ADMIN][UI] list_bindings_result ok=True count=0
2026-01-20 14:21:37,868 - root - ERROR - 应用启动失败: 'DownloadManagerApp' object has no attribute 'latest_data_query_widget'
2026-01-20 14:22:06,595 - download.async_downloader - INFO - OSS连接成功
2026-01-20 14:22:25,774 - tui_app - INFO - [USER_ADMIN][UI] on_search keyword='测试01'
2026-01-20 14:22:25,776 - download.db - INFO - [USER_ADMIN][DB_CALL] find_users_by_name_or_phone keyword='测试01'
2026-01-20 14:22:25,776 - download.db - INFO - [USER_ADMIN][SQL] mode=name sql=SELECT id, name, phone, email, password, created_at, updated_at, avatar FROM users WHERE name = %s LIMIT 20 params=('测试01',)
2026-01-20 14:22:25,888 - mysql.connector - INFO - package: mysql.connector.plugins
2026-01-20 14:22:25,888 - mysql.connector - INFO - plugin_name: mysql_native_password
2026-01-20 14:22:25,890 - mysql.connector - INFO - AUTHENTICATION_PLUGIN_CLASS: MySQLNativePasswordAuthPlugin
2026-01-20 14:22:25,987 - download.db - INFO - [USER_ADMIN][DB_RESULT] mode=name count=1 cost_ms=211
2026-01-20 14:22:25,988 - tui_app - INFO - [USER_ADMIN][UI] search_result ok=True count=1
2026-01-20 14:22:27,919 - tui_app - INFO - [USER_ADMIN][UI] pick_user user_id=508 name='测试01'
2026-01-20 14:22:27,919 - tui_app - INFO - [USER_ADMIN][UI] refresh_bindings user_id=508
2026-01-20 14:22:27,919 - download.db - INFO - [USER_ADMIN][DB_CALL] list_bound_devices_for_user user_id=508
2026-01-20 14:22:28,005 - download.db - INFO - [USER_ADMIN][SQL] list_bindings sql=SELECT du.device_id, d.name, du.created_at FROM device_user du LEFT JOIN devices d ON d.id = du.device_id AND d.deleted_at IS NULL WHERE du.user_id = %s AND (du.deleted_at IS NULL) ORDER BY du.device_id ASC params=(508,)
2026-01-20 14:22:28,063 - download.db - INFO - [USER_ADMIN][DB_RESULT] list_bindings count=0 cost_ms=144
2026-01-20 14:22:28,063 - tui_app - INFO - [USER_ADMIN][UI] list_bindings_result ok=True count=0
2026-01-20 14:22:56,651 - download.async_downloader - INFO - OSS连接成功
2026-01-20 14:23:08,179 - mysql.connector - INFO - package: mysql.connector.plugins
2026-01-20 14:23:08,180 - mysql.connector - INFO - plugin_name: mysql_native_password
2026-01-20 14:23:08,182 - mysql.connector - INFO - AUTHENTICATION_PLUGIN_CLASS: MySQLNativePasswordAuthPlugin
2026-01-20 14:28:30,274 - tui_app - INFO - [USER_ADMIN][UI] on_search keyword='测试01'
2026-01-20 14:28:30,279 - download.db - INFO - [USER_ADMIN][DB_CALL] find_users_by_name_or_phone keyword='测试01'
2026-01-20 14:28:30,281 - download.db - INFO - [USER_ADMIN][SQL] mode=name sql=SELECT id, name, phone, email, password, created_at, updated_at, avatar FROM users WHERE name = %s LIMIT 20 params=('测试01',)
2026-01-20 14:28:30,444 - download.db - INFO - [USER_ADMIN][DB_RESULT] mode=name count=1 cost_ms=165
2026-01-20 14:28:30,445 - tui_app - INFO - [USER_ADMIN][UI] search_result ok=True count=1
2026-01-20 14:28:41,528 - tui_app - INFO - [USER_ADMIN][UI] pick_user user_id=508 name='测试01'
2026-01-20 14:28:41,529 - tui_app - INFO - [USER_ADMIN][UI] refresh_bindings user_id=508
2026-01-20 14:28:41,532 - download.db - INFO - [USER_ADMIN][DB_CALL] list_bound_devices_for_user user_id=508
2026-01-20 14:28:41,608 - download.db - INFO - [USER_ADMIN][SQL] list_bindings sql=SELECT du.device_id, d.name, du.created_at FROM device_user du LEFT JOIN devices d ON d.id = du.device_id AND d.deleted_at IS NULL WHERE du.user_id = %s AND (du.deleted_at IS NULL) ORDER BY du.device_id ASC params=(508,)
2026-01-20 14:28:41,685 - download.db - INFO - [USER_ADMIN][DB_RESULT] list_bindings count=0 cost_ms=153
2026-01-20 14:28:41,686 - tui_app - INFO - [USER_ADMIN][UI] list_bindings_result ok=True count=0
2026-01-20 14:28:57,632 - tui_app - INFO - [USER_ADMIN][UI] clear_form
2026-01-20 14:29:02,551 - tui_app - INFO - [USER_ADMIN][UI] on_search keyword='测试02'
2026-01-20 14:29:02,553 - download.db - INFO - [USER_ADMIN][DB_CALL] find_users_by_name_or_phone keyword='测试02'
2026-01-20 14:29:02,554 - download.db - INFO - [USER_ADMIN][SQL] mode=name sql=SELECT id, name, phone, email, password, created_at, updated_at, avatar FROM users WHERE name = %s LIMIT 20 params=('测试02',)
2026-01-20 14:29:02,717 - download.db - INFO - [USER_ADMIN][DB_RESULT] mode=name count=1 cost_ms=164
2026-01-20 14:29:02,718 - tui_app - INFO - [USER_ADMIN][UI] search_result ok=True count=1
2026-01-20 14:29:15,142 - tui_app - INFO - [USER_ADMIN][UI] pick_user user_id=509 name='测试02'
2026-01-20 14:29:15,146 - tui_app - INFO - [USER_ADMIN][UI] refresh_bindings user_id=509
2026-01-20 14:29:15,147 - download.db - INFO - [USER_ADMIN][DB_CALL] list_bound_devices_for_user user_id=509
2026-01-20 14:29:15,240 - download.db - INFO - [USER_ADMIN][SQL] list_bindings sql=SELECT du.device_id, d.name, du.created_at FROM device_user du LEFT JOIN devices d ON d.id = du.device_id AND d.deleted_at IS NULL WHERE du.user_id = %s AND (du.deleted_at IS NULL) ORDER BY du.device_id ASC params=(509,)
2026-01-20 14:29:15,297 - download.db - INFO - [USER_ADMIN][DB_RESULT] list_bindings count=0 cost_ms=150
2026-01-20 14:29:15,298 - tui_app - INFO - [USER_ADMIN][UI] list_bindings_result ok=True count=0
2026-01-20 14:29:38,226 - tui_app - INFO - [USER_ADMIN][UI] clear_form
2026-01-20 14:31:04,054 - download.async_downloader - INFO - OSS连接成功
2026-01-20 14:33:03,690 - download.async_downloader - INFO - OSS连接成功
2026-01-20 14:33:21,024 - download.async_downloader - INFO - OSS连接成功
2026-01-20 15:01:30,140 - tui_app - INFO - [USER_ADMIN][UI] create_user name='' phone='564' email=''
2026-01-20 15:01:32,816 - tui_app - INFO - [USER_ADMIN][UI] clear_form
2026-01-20 15:01:34,557 - tui_app - INFO - [USER_ADMIN][UI] create_user name='' phone='' email=''
2026-01-20 15:22:04,832 - tui_app - INFO - [USER_ADMIN][UI] on_search keyword='测试01'
2026-01-20 15:22:04,850 - download.db - INFO - [USER_ADMIN][DB_CALL] find_users_by_name_or_phone keyword='测试01'
2026-01-20 15:22:04,857 - download.db - INFO - [USER_ADMIN][SQL] mode=name sql=SELECT id, name, phone, email, password, created_at, updated_at, avatar FROM users WHERE name = %s LIMIT 20 params=('测试01',)
2026-01-20 15:22:05,043 - mysql.connector - INFO - package: mysql.connector.plugins
2026-01-20 15:22:05,052 - mysql.connector - INFO - plugin_name: mysql_native_password
2026-01-20 15:22:05,064 - mysql.connector - INFO - AUTHENTICATION_PLUGIN_CLASS: MySQLNativePasswordAuthPlugin
2026-01-20 15:22:05,191 - download.db - INFO - [USER_ADMIN][DB_RESULT] mode=name count=1 cost_ms=342
2026-01-20 15:22:05,192 - tui_app - INFO - [USER_ADMIN][UI] search_result ok=True count=1
2026-01-20 15:22:06,146 - tui_app - INFO - [USER_ADMIN][UI] pick_user user_id=508 name='测试01'
2026-01-20 15:22:06,147 - tui_app - INFO - [USER_ADMIN][UI] refresh_bindings user_id=508
2026-01-20 15:22:06,148 - download.db - INFO - [USER_ADMIN][DB_CALL] list_bound_devices_for_user user_id=508
2026-01-20 15:22:06,225 - download.db - INFO - [USER_ADMIN][SQL] list_bindings sql=SELECT du.device_id, d.name, du.created_at FROM device_user du LEFT JOIN devices d ON d.id = du.device_id AND d.deleted_at IS NULL WHERE du.user_id = %s AND (du.deleted_at IS NULL) ORDER BY du.device_id ASC params=(508,)
2026-01-20 15:22:06,277 - download.db - INFO - [USER_ADMIN][DB_RESULT] list_bindings count=0 cost_ms=129
2026-01-20 15:22:06,277 - tui_app - INFO - [USER_ADMIN][UI] list_bindings_result ok=True count=0
2026-01-20 15:22:15,290 - tui_app - INFO - [USER_ADMIN][UI] update_user user_id=508 name='测试01' email='测试01' pw=None
2026-01-20 15:22:15,290 - download.db - INFO - [USER_ADMIN][DB_CALL] update_user_info user_id=508 name='测试01' email='测试01' pw=None
2026-01-20 15:22:15,290 - download.db - INFO - [USER_ADMIN][SQL] update_user sql=UPDATE users SET name = %s, email = %s, updated_at = CURRENT_TIMESTAMP WHERE id = %s LIMIT 1 params=('测试01', '测试01', 508)
2026-01-20 15:22:15,422 - download.db - INFO - [USER_ADMIN][DB_RESULT] update_user rows=1 cost_ms=132
2026-01-20 15:22:15,423 - tui_app - INFO - [USER_ADMIN][UI] update_user_result ok=True updated_rows=1
2026-01-20 15:22:22,863 - tui_app - INFO - [USER_ADMIN][UI] create_user name='测试01' phone='00' email='测试01'
2026-01-20 15:22:28,924 - tui_app - INFO - [USER_ADMIN][UI] create_user name='测试01' phone='00' email='测试01'
2026-01-20 15:24:00,209 - tui_app - INFO - [USER_ADMIN][UI] clear_form
2026-01-20 15:24:03,969 - tui_app - INFO - [USER_ADMIN][UI] on_search keyword='测试03'
2026-01-20 15:24:03,970 - download.db - INFO - [USER_ADMIN][DB_CALL] find_users_by_name_or_phone keyword='测试03'
2026-01-20 15:24:03,970 - download.db - INFO - [USER_ADMIN][SQL] mode=name sql=SELECT id, name, phone, email, password, created_at, updated_at, avatar FROM users WHERE name = %s LIMIT 20 params=('测试03',)
2026-01-20 15:24:04,205 - download.db - INFO - [USER_ADMIN][DB_RESULT] mode=name count=0 cost_ms=235
2026-01-20 15:24:04,205 - tui_app - INFO - [USER_ADMIN][UI] search_result ok=True count=0
2026-01-20 15:24:17,161 - tui_app - INFO - [USER_ADMIN][UI] create_user name='测试03' phone='00' email='00'
2026-01-20 15:24:17,163 - download.db - INFO - [USER_ADMIN][DB_CALL] create_user name='测试03' phone='00' email='00'
2026-01-20 15:24:17,164 - download.db - WARNING - [USER_ADMIN][VALIDATE] invalid phone format
2026-01-20 15:24:17,164 - tui_app - INFO - [USER_ADMIN][UI] create_user_result ok=False user_id=None
2026-01-20 15:32:08,947 - tui_app - INFO - [USER_ADMIN][UI] on_search keyword='测试03'
2026-01-20 15:32:08,949 - download.db - INFO - [USER_ADMIN][DB_CALL] find_users_by_name_or_phone keyword='测试03'
2026-01-20 15:32:08,949 - download.db - INFO - [USER_ADMIN][SQL] mode=name sql=SELECT id, name, phone, email, password, created_at, updated_at, avatar FROM users WHERE name = %s LIMIT 20 params=('测试03',)
2026-01-20 15:32:09,124 - download.db - INFO - [USER_ADMIN][DB_RESULT] mode=name count=0 cost_ms=175
2026-01-20 15:32:09,125 - tui_app - INFO - [USER_ADMIN][UI] search_result ok=True count=0
2026-01-20 15:32:13,262 - tui_app - INFO - [USER_ADMIN][UI] on_search keyword='测试02'
2026-01-20 15:32:13,263 - download.db - INFO - [USER_ADMIN][DB_CALL] find_users_by_name_or_phone keyword='测试02'
2026-01-20 15:32:13,264 - download.db - INFO - [USER_ADMIN][SQL] mode=name sql=SELECT id, name, phone, email, password, created_at, updated_at, avatar FROM users WHERE name = %s LIMIT 20 params=('测试02',)
2026-01-20 15:32:13,413 - download.db - INFO - [USER_ADMIN][DB_RESULT] mode=name count=1 cost_ms=150
2026-01-20 15:32:13,413 - tui_app - INFO - [USER_ADMIN][UI] search_result ok=True count=1
2026-01-20 15:32:14,427 - tui_app - INFO - [USER_ADMIN][UI] pick_user user_id=509 name='测试02'
2026-01-20 15:32:14,434 - tui_app - INFO - [USER_ADMIN][UI] refresh_bindings user_id=509
2026-01-20 15:32:14,435 - download.db - INFO - [USER_ADMIN][DB_CALL] list_bound_devices_for_user user_id=509
2026-01-20 15:32:14,530 - download.db - INFO - [USER_ADMIN][SQL] list_bindings sql=SELECT du.device_id, d.name, du.created_at FROM device_user du LEFT JOIN devices d ON d.id = du.device_id AND d.deleted_at IS NULL WHERE du.user_id = %s AND (du.deleted_at IS NULL) ORDER BY du.device_id ASC params=(509,)
2026-01-20 15:32:14,594 - download.db - INFO - [USER_ADMIN][DB_RESULT] list_bindings count=0 cost_ms=159
2026-01-20 15:32:14,594 - tui_app - INFO - [USER_ADMIN][UI] list_bindings_result ok=True count=0
2026-01-20 16:12:20,682 - download.async_downloader - INFO - OSS连接成功
2026-01-20 16:39:24,462 - download.async_downloader - INFO - OSS连接成功
2026-01-20 16:39:44,977 - mysql.connector - INFO - package: mysql.connector.plugins
2026-01-20 16:39:44,977 - mysql.connector - INFO - plugin_name: mysql_native_password
2026-01-20 16:39:44,983 - mysql.connector - INFO - AUTHENTICATION_PLUGIN_CLASS: MySQLNativePasswordAuthPlugin
2026-01-20 16:40:02,410 - download.async_downloader - INFO - OSS连接成功
2026-01-20 16:40:02,415 - download.async_downloader - INFO - 数据表时间范围: 2026-01-01 00:00:00 到 2026-01-31 23:59:59
2026-01-20 16:40:02,424 - download.async_downloader - INFO - [10.0%] downloading: 1135 (1/1)
2026-01-20 16:40:03,305 - download.async_downloader - INFO - [100.0%] Download completed
2026-01-20 16:42:26,543 - download.async_downloader - INFO - OSS连接成功
2026-01-20 16:42:32,040 - mysql.connector - INFO - package: mysql.connector.plugins
2026-01-20 16:42:32,041 - mysql.connector - INFO - plugin_name: mysql_native_password
2026-01-20 16:42:32,042 - mysql.connector - INFO - AUTHENTICATION_PLUGIN_CLASS: MySQLNativePasswordAuthPlugin
2026-01-20 16:42:52,120 - tui_app - INFO - [USER_ADMIN][UI] on_search keyword='测试01'
2026-01-20 16:42:52,121 - download.db - INFO - [USER_ADMIN][DB_CALL] find_users_by_name_or_phone keyword='测试01'
2026-01-20 16:42:52,122 - download.db - INFO - [USER_ADMIN][SQL] mode=name sql=SELECT id, name, phone, email, password, created_at, updated_at, avatar FROM users WHERE name = %s LIMIT 20 params=('测试01',)
2026-01-20 16:42:52,292 - download.db - INFO - [USER_ADMIN][DB_RESULT] mode=name count=1 cost_ms=171
2026-01-20 16:42:52,292 - tui_app - INFO - [USER_ADMIN][UI] search_result ok=True count=1
2026-01-20 16:42:53,237 - tui_app - INFO - [USER_ADMIN][UI] pick_user user_id=508 name='测试01'
2026-01-20 16:42:53,238 - tui_app - INFO - [USER_ADMIN][UI] refresh_bindings user_id=508
2026-01-20 16:42:53,238 - download.db - INFO - [USER_ADMIN][DB_CALL] list_bound_devices_for_user user_id=508
2026-01-20 16:42:53,340 - download.db - INFO - [USER_ADMIN][SQL] list_bindings sql=SELECT du.device_id, d.name, du.created_at FROM device_user du LEFT JOIN devices d ON d.id = du.device_id AND d.deleted_at IS NULL WHERE du.user_id = %s AND (du.deleted_at IS NULL) ORDER BY du.device_id ASC params=(508,)
2026-01-20 16:42:53,398 - download.db - INFO - [USER_ADMIN][DB_RESULT] list_bindings count=0 cost_ms=160
2026-01-20 16:42:53,398 - tui_app - INFO - [USER_ADMIN][UI] list_bindings_result ok=True count=0
2026-01-20 16:43:24,001 - tui_app - INFO - [USER_ADMIN][UI] update_user user_id=508 name='测试01' email='1137256548@163.com' pw=None
2026-01-20 16:43:24,002 - download.db - INFO - [USER_ADMIN][DB_CALL] update_user_info user_id=508 name='测试01' email='1137256548@163.com' pw=None
2026-01-20 16:43:24,003 - download.db - INFO - [USER_ADMIN][SQL] update_user sql=UPDATE users SET name = %s, email = %s, updated_at = CURRENT_TIMESTAMP WHERE id = %s LIMIT 1 params=('测试01', '1137256548@163.com', 508)
2026-01-20 16:43:24,170 - download.db - INFO - [USER_ADMIN][DB_RESULT] update_user rows=1 cost_ms=168
2026-01-20 16:43:24,170 - tui_app - INFO - [USER_ADMIN][UI] update_user_result ok=True updated_rows=1
2026-01-20 16:43:38,911 - tui_app - INFO - [USER_ADMIN][UI] clear_form
2026-01-20 16:43:43,963 - tui_app - INFO - [USER_ADMIN][UI] on_search keyword='测试'
2026-01-20 16:43:43,963 - download.db - INFO - [USER_ADMIN][DB_CALL] find_users_by_name_or_phone keyword='测试'
2026-01-20 16:43:43,963 - download.db - INFO - [USER_ADMIN][SQL] mode=name sql=SELECT id, name, phone, email, password, created_at, updated_at, avatar FROM users WHERE name = %s LIMIT 20 params=('测试',)
2026-01-20 16:43:44,174 - download.db - INFO - [USER_ADMIN][DB_RESULT] mode=name count=0 cost_ms=211
2026-01-20 16:43:44,175 - tui_app - INFO - [USER_ADMIN][UI] search_result ok=True count=0
2026-01-20 16:50:59,333 - tui_app - INFO - [USER_ADMIN][UI] on_search keyword='测试'
2026-01-20 16:50:59,335 - download.db - INFO - [USER_ADMIN][DB_CALL] find_users_by_name_or_phone keyword='测试'
2026-01-20 16:50:59,335 - download.db - INFO - [USER_ADMIN][SQL] mode=name sql=SELECT id, name, phone, email, password, created_at, updated_at, avatar FROM users WHERE name = %s LIMIT 20 params=('测试',)
2026-01-20 16:50:59,966 - download.db - INFO - [USER_ADMIN][DB_RESULT] mode=name count=0 cost_ms=631
2026-01-20 16:50:59,966 - tui_app - INFO - [USER_ADMIN][UI] search_result ok=True count=0
2026-01-20 16:51:35,646 - tui_app - INFO - [USER_ADMIN][UI] on_search keyword='测试'
2026-01-20 16:51:35,649 - download.db - INFO - [USER_ADMIN][DB_CALL] find_users_by_name_or_phone keyword='测试'
2026-01-20 16:51:35,649 - download.db - INFO - [USER_ADMIN][SQL] mode=name sql=SELECT id, name, phone, email, password, created_at, updated_at, avatar FROM users WHERE name = %s LIMIT 20 params=('测试',)
2026-01-20 16:51:35,839 - download.db - INFO - [USER_ADMIN][DB_RESULT] mode=name count=0 cost_ms=191
2026-01-20 16:51:35,840 - tui_app - INFO - [USER_ADMIN][UI] search_result ok=True count=0
2026-01-20 16:51:38,596 - tui_app - INFO - [USER_ADMIN][UI] on_search keyword='测试01'
2026-01-20 16:51:38,598 - download.db - INFO - [USER_ADMIN][DB_CALL] find_users_by_name_or_phone keyword='测试01'
2026-01-20 16:51:38,598 - download.db - INFO - [USER_ADMIN][SQL] mode=name sql=SELECT id, name, phone, email, password, created_at, updated_at, avatar FROM users WHERE name = %s LIMIT 20 params=('测试01',)
2026-01-20 16:51:38,868 - download.db - INFO - [USER_ADMIN][DB_RESULT] mode=name count=1 cost_ms=270
2026-01-20 16:51:38,868 - tui_app - INFO - [USER_ADMIN][UI] search_result ok=True count=1
2026-01-20 16:51:43,106 - tui_app - INFO - [USER_ADMIN][UI] pick_user user_id=508 name='测试01'
2026-01-20 16:51:43,107 - tui_app - INFO - [USER_ADMIN][UI] refresh_bindings user_id=508
2026-01-20 16:51:43,108 - download.db - INFO - [USER_ADMIN][DB_CALL] list_bound_devices_for_user user_id=508
2026-01-20 16:51:44,453 - download.db - INFO - [USER_ADMIN][SQL] list_bindings sql=SELECT du.device_id, d.name, du.created_at FROM device_user du LEFT JOIN devices d ON d.id = du.device_id AND d.deleted_at IS NULL WHERE du.user_id = %s AND (du.deleted_at IS NULL) ORDER BY du.device_id ASC params=(508,)
2026-01-20 16:51:44,722 - download.db - INFO - [USER_ADMIN][DB_RESULT] list_bindings count=0 cost_ms=1614
2026-01-20 16:51:44,723 - tui_app - INFO - [USER_ADMIN][UI] list_bindings_result ok=True count=0
2026-01-20 16:51:49,491 - tui_app - INFO - [USER_ADMIN][UI] update_user user_id=508 name='测试01' email='1137256548@163.com' pw=None
2026-01-20 16:51:49,492 - download.db - INFO - [USER_ADMIN][DB_CALL] update_user_info user_id=508 name='测试01' email='1137256548@163.com' pw=None
2026-01-20 16:51:49,493 - download.db - INFO - [USER_ADMIN][SQL] update_user sql=UPDATE users SET name = %s, email = %s, updated_at = CURRENT_TIMESTAMP WHERE id = %s LIMIT 1 params=('测试01', '1137256548@163.com', 508)
2026-01-20 16:51:50,181 - download.db - INFO - [USER_ADMIN][DB_RESULT] update_user rows=1 cost_ms=689
2026-01-20 16:51:50,181 - tui_app - INFO - [USER_ADMIN][UI] update_user_result ok=True updated_rows=1
2026-01-20 16:52:04,236 - tui_app - INFO - [USER_ADMIN][UI] update_user user_id=508 name='测试01' email='1137256548@163.com' pw=None
2026-01-20 16:52:04,238 - download.db - INFO - [USER_ADMIN][DB_CALL] update_user_info user_id=508 name='测试01' email='1137256548@163.com' pw=None
2026-01-20 16:52:04,239 - download.db - INFO - [USER_ADMIN][SQL] update_user sql=UPDATE users SET name = %s, email = %s, updated_at = CURRENT_TIMESTAMP WHERE id = %s LIMIT 1 params=('测试01', '1137256548@163.com', 508)
2026-01-20 16:52:05,114 - download.db - INFO - [USER_ADMIN][DB_RESULT] update_user rows=1 cost_ms=876
2026-01-20 16:52:05,114 - tui_app - INFO - [USER_ADMIN][UI] update_user_result ok=True updated_rows=1
2026-01-20 16:56:59,339 - download.async_downloader - INFO - OSS连接成功
2026-01-20 16:57:09,865 - tui_app - INFO - [USER_ADMIN][UI] on_search keyword='测试01'
2026-01-20 16:57:09,865 - download.db - INFO - [USER_ADMIN][DB_CALL] find_users_by_name_or_phone keyword='测试01'
2026-01-20 16:57:09,865 - download.db - INFO - [USER_ADMIN][SQL] mode=name sql=SELECT id, name, phone, email, password, created_at, updated_at, avatar FROM users WHERE name = %s LIMIT 20 params=('测试01',)
2026-01-20 16:57:09,981 - mysql.connector - INFO - package: mysql.connector.plugins
2026-01-20 16:57:09,982 - mysql.connector - INFO - plugin_name: mysql_native_password
2026-01-20 16:57:09,982 - mysql.connector - INFO - AUTHENTICATION_PLUGIN_CLASS: MySQLNativePasswordAuthPlugin
2026-01-20 16:57:10,114 - download.db - INFO - [USER_ADMIN][DB_RESULT] mode=name count=1 cost_ms=249
2026-01-20 16:57:10,115 - tui_app - INFO - [USER_ADMIN][UI] search_result ok=True count=1
2026-01-20 16:57:29,726 - tui_app - INFO - [USER_ADMIN][UI] pick_user user_id=508 name='测试01'
2026-01-20 16:57:29,727 - tui_app - INFO - [USER_ADMIN][UI] refresh_bindings user_id=508
2026-01-20 16:57:29,728 - download.db - INFO - [USER_ADMIN][DB_CALL] list_bound_devices_for_user user_id=508
2026-01-20 16:57:29,887 - download.db - INFO - [USER_ADMIN][SQL] list_bindings sql=SELECT du.device_id, d.name, du.created_at FROM device_user du LEFT JOIN devices d ON d.id = du.device_id AND d.deleted_at IS NULL WHERE du.user_id = %s AND (du.deleted_at IS NULL) ORDER BY du.device_id ASC params=(508,)
2026-01-20 16:57:29,957 - download.db - INFO - [USER_ADMIN][DB_RESULT] list_bindings count=0 cost_ms=229
2026-01-20 16:57:29,957 - tui_app - INFO - [USER_ADMIN][UI] list_bindings_result ok=True count=0
2026-01-20 16:57:32,846 - tui_app - INFO - [USER_ADMIN][UI] pick_user user_id=508 name='测试01'
2026-01-20 16:57:32,846 - tui_app - INFO - [USER_ADMIN][UI] refresh_bindings user_id=508
2026-01-20 16:57:32,846 - download.db - INFO - [USER_ADMIN][DB_CALL] list_bound_devices_for_user user_id=508
2026-01-20 16:57:32,981 - download.db - INFO - [USER_ADMIN][SQL] list_bindings sql=SELECT du.device_id, d.name, du.created_at FROM device_user du LEFT JOIN devices d ON d.id = du.device_id AND d.deleted_at IS NULL WHERE du.user_id = %s AND (du.deleted_at IS NULL) ORDER BY du.device_id ASC params=(508,)
2026-01-20 16:57:33,044 - download.db - INFO - [USER_ADMIN][DB_RESULT] list_bindings count=0 cost_ms=198
2026-01-20 16:57:33,044 - tui_app - INFO - [USER_ADMIN][UI] list_bindings_result ok=True count=0
2026-01-20 16:59:39,945 - download.async_downloader - INFO - OSS连接成功
2026-01-20 17:01:04,162 - download.async_downloader - INFO - OSS连接成功
2026-01-22 09:45:11,548 - download.async_downloader - INFO - OSS连接成功
2026-01-22 09:45:19,900 - tui_app - INFO - [USER_ADMIN][UI] on_search keyword='123'
2026-01-22 09:45:19,901 - download.db - INFO - [USER_ADMIN][DB_CALL] find_users_by_name_or_phone keyword='123'
2026-01-22 09:45:19,901 - download.db - INFO - [USER_ADMIN][SQL] mode=name sql=SELECT id, name, phone, email, password, created_at, updated_at, avatar FROM users WHERE name = %s LIMIT 20 params=('123',)
2026-01-22 09:45:20,018 - mysql.connector - INFO - package: mysql.connector.plugins
2026-01-22 09:45:20,019 - mysql.connector - INFO - plugin_name: mysql_native_password
2026-01-22 09:45:20,025 - mysql.connector - INFO - AUTHENTICATION_PLUGIN_CLASS: MySQLNativePasswordAuthPlugin
2026-01-22 09:45:20,121 - download.db - INFO - [USER_ADMIN][DB_RESULT] mode=name count=1 cost_ms=220
2026-01-22 09:45:20,121 - tui_app - INFO - [USER_ADMIN][UI] search_result ok=True count=1
2026-01-22 09:45:21,596 - tui_app - INFO - [USER_ADMIN][UI] pick_user user_id=236 name='123'
2026-01-22 09:45:21,597 - tui_app - INFO - [USER_ADMIN][UI] refresh_bindings user_id=236
2026-01-22 09:45:21,598 - download.db - INFO - [USER_ADMIN][DB_CALL] list_bound_devices_for_user user_id=236
2026-01-22 09:45:21,666 - download.db - INFO - [USER_ADMIN][SQL] list_bindings sql=SELECT du.device_id, d.name, du.created_at FROM device_user du LEFT JOIN devices d ON d.id = du.device_id AND d.deleted_at IS NULL WHERE du.user_id = %s AND (du.deleted_at IS NULL) ORDER BY du.device_id ASC params=(236,)
2026-01-22 09:45:21,715 - download.db - INFO - [USER_ADMIN][DB_RESULT] list_bindings count=0 cost_ms=117
2026-01-22 09:45:21,715 - tui_app - INFO - [USER_ADMIN][UI] list_bindings_result ok=True count=0
2026-01-22 09:48:14,246 - tui_app - INFO - [USER_ADMIN][UI] clear_form
2026-01-22 09:48:18,411 - tui_app - INFO - [USER_ADMIN][UI] on_search keyword='240'
2026-01-22 09:48:18,413 - download.db - INFO - [USER_ADMIN][DB_CALL] find_users_by_name_or_phone keyword='240'
2026-01-22 09:48:18,413 - download.db - INFO - [USER_ADMIN][SQL] mode=name sql=SELECT id, name, phone, email, password, created_at, updated_at, avatar FROM users WHERE name = %s LIMIT 20 params=('240',)
2026-01-22 09:48:18,592 - download.db - INFO - [USER_ADMIN][DB_RESULT] mode=name count=0 cost_ms=179
2026-01-22 09:48:18,592 - tui_app - INFO - [USER_ADMIN][UI] search_result ok=True count=0
2026-01-22 09:48:26,081 - tui_app - INFO - [USER_ADMIN][UI] on_search keyword='240'
2026-01-22 09:48:26,087 - download.db - INFO - [USER_ADMIN][DB_CALL] find_users_by_name_or_phone keyword='240'
2026-01-22 09:48:26,087 - download.db - INFO - [USER_ADMIN][SQL] mode=name sql=SELECT id, name, phone, email, password, created_at, updated_at, avatar FROM users WHERE name = %s LIMIT 20 params=('240',)
2026-01-22 09:48:26,221 - download.db - INFO - [USER_ADMIN][DB_RESULT] mode=name count=0 cost_ms=134
2026-01-22 09:48:26,221 - tui_app - INFO - [USER_ADMIN][UI] search_result ok=True count=0
2026-01-22 09:48:49,233 - tui_app - INFO - [USER_ADMIN][UI] on_search keyword='18245077926'
2026-01-22 09:48:49,234 - download.db - INFO - [USER_ADMIN][DB_CALL] find_users_by_name_or_phone keyword='18245077926'
2026-01-22 09:48:49,234 - download.db - INFO - [USER_ADMIN][SQL] mode=phone sql=SELECT id, name, phone, email, password, created_at, updated_at, avatar FROM users WHERE phone = %s LIMIT 5 params=('18245077926',)
2026-01-22 09:48:49,365 - download.db - INFO - [USER_ADMIN][DB_RESULT] mode=phone count=1 cost_ms=131
2026-01-22 09:48:49,365 - tui_app - INFO - [USER_ADMIN][UI] search_result ok=True count=1
2026-01-22 09:48:50,823 - tui_app - INFO - [USER_ADMIN][UI] pick_user user_id=240 name='18245077926'
2026-01-22 09:48:50,824 - tui_app - INFO - [USER_ADMIN][UI] refresh_bindings user_id=240
2026-01-22 09:48:50,825 - download.db - INFO - [USER_ADMIN][DB_CALL] list_bound_devices_for_user user_id=240
2026-01-22 09:48:50,920 - download.db - INFO - [USER_ADMIN][SQL] list_bindings sql=SELECT du.device_id, d.name, du.created_at FROM device_user du LEFT JOIN devices d ON d.id = du.device_id AND d.deleted_at IS NULL WHERE du.user_id = %s AND (du.deleted_at IS NULL) ORDER BY du.device_id ASC params=(240,)
2026-01-22 09:48:50,972 - download.db - INFO - [USER_ADMIN][DB_RESULT] list_bindings count=1 cost_ms=147
2026-01-22 09:48:50,972 - tui_app - INFO - [USER_ADMIN][UI] list_bindings_result ok=True count=1
2026-01-22 09:48:59,273 - tui_app - INFO - [USER_ADMIN][UI] on_search keyword='111'
2026-01-22 09:48:59,274 - download.db - INFO - [USER_ADMIN][DB_CALL] find_users_by_name_or_phone keyword='111'
2026-01-22 09:48:59,274 - download.db - INFO - [USER_ADMIN][SQL] mode=name sql=SELECT id, name, phone, email, password, created_at, updated_at, avatar FROM users WHERE name = %s LIMIT 20 params=('111',)
2026-01-22 09:48:59,391 - download.db - INFO - [USER_ADMIN][DB_RESULT] mode=name count=0 cost_ms=117
2026-01-22 09:48:59,391 - tui_app - INFO - [USER_ADMIN][UI] search_result ok=True count=0
2026-01-22 09:51:57,911 - tui_app - INFO - [USER_ADMIN][UI] on_search keyword='111'
2026-01-22 09:51:57,914 - download.db - INFO - [USER_ADMIN][DB_CALL] find_users_by_name_or_phone keyword='111'
2026-01-22 09:51:57,914 - download.db - INFO - [USER_ADMIN][SQL] mode=name sql=SELECT id, name, phone, email, password, created_at, updated_at, avatar FROM users WHERE name = %s LIMIT 20 params=('111',)
2026-01-22 09:51:58,065 - download.db - INFO - [USER_ADMIN][DB_RESULT] mode=name count=0 cost_ms=151
2026-01-22 09:51:58,066 - tui_app - INFO - [USER_ADMIN][UI] search_result ok=True count=0
2026-01-22 09:51:58,683 - tui_app - INFO - [USER_ADMIN][UI] on_search keyword='111'
2026-01-22 09:51:58,684 - download.db - INFO - [USER_ADMIN][DB_CALL] find_users_by_name_or_phone keyword='111'
2026-01-22 09:51:58,685 - download.db - INFO - [USER_ADMIN][SQL] mode=name sql=SELECT id, name, phone, email, password, created_at, updated_at, avatar FROM users WHERE name = %s LIMIT 20 params=('111',)
2026-01-22 09:51:58,825 - download.db - INFO - [USER_ADMIN][DB_RESULT] mode=name count=0 cost_ms=141
2026-01-22 09:51:58,826 - tui_app - INFO - [USER_ADMIN][UI] search_result ok=True count=0
2026-01-22 09:51:59,199 - tui_app - INFO - [USER_ADMIN][UI] on_search keyword='111'
2026-01-22 09:51:59,204 - download.db - INFO - [USER_ADMIN][DB_CALL] find_users_by_name_or_phone keyword='111'
2026-01-22 09:51:59,204 - download.db - INFO - [USER_ADMIN][SQL] mode=name sql=SELECT id, name, phone, email, password, created_at, updated_at, avatar FROM users WHERE name = %s LIMIT 20 params=('111',)
2026-01-22 09:51:59,333 - download.db - INFO - [USER_ADMIN][DB_RESULT] mode=name count=0 cost_ms=129
2026-01-22 09:51:59,334 - tui_app - INFO - [USER_ADMIN][UI] search_result ok=True count=0
2026-01-22 09:52:00,690 - tui_app - INFO - [USER_ADMIN][UI] clear_form
2026-01-22 09:52:02,105 - tui_app - INFO - [USER_ADMIN][UI] on_search keyword='111'
2026-01-22 09:52:02,106 - download.db - INFO - [USER_ADMIN][DB_CALL] find_users_by_name_or_phone keyword='111'
2026-01-22 09:52:02,106 - download.db - INFO - [USER_ADMIN][SQL] mode=name sql=SELECT id, name, phone, email, password, created_at, updated_at, avatar FROM users WHERE name = %s LIMIT 20 params=('111',)
2026-01-22 09:52:02,234 - download.db - INFO - [USER_ADMIN][DB_RESULT] mode=name count=0 cost_ms=127
2026-01-22 09:52:02,234 - tui_app - INFO - [USER_ADMIN][UI] search_result ok=True count=0
2026-01-22 09:54:15,563 - tui_app - INFO - [USER_ADMIN][UI] on_search keyword='123'
2026-01-22 09:54:15,566 - download.db - INFO - [USER_ADMIN][DB_CALL] find_users_by_name_or_phone keyword='123'
2026-01-22 09:54:15,566 - download.db - INFO - [USER_ADMIN][SQL] mode=name sql=SELECT id, name, phone, email, password, created_at, updated_at, avatar FROM users WHERE name = %s LIMIT 20 params=('123',)
2026-01-22 09:54:15,719 - download.db - INFO - [USER_ADMIN][DB_RESULT] mode=name count=1 cost_ms=153
2026-01-22 09:54:15,719 - tui_app - INFO - [USER_ADMIN][UI] search_result ok=True count=1
2026-01-22 09:54:17,274 - tui_app - INFO - [USER_ADMIN][UI] pick_user user_id=236 name='123'
2026-01-22 09:54:17,275 - tui_app - INFO - [USER_ADMIN][UI] refresh_bindings user_id=236
2026-01-22 09:54:17,275 - download.db - INFO - [USER_ADMIN][DB_CALL] list_bound_devices_for_user user_id=236
2026-01-22 09:54:17,349 - download.db - INFO - [USER_ADMIN][SQL] list_bindings sql=SELECT du.device_id, d.name, du.created_at FROM device_user du LEFT JOIN devices d ON d.id = du.device_id AND d.deleted_at IS NULL WHERE du.user_id = %s AND (du.deleted_at IS NULL) ORDER BY du.device_id ASC params=(236,)
2026-01-22 09:54:17,400 - download.db - INFO - [USER_ADMIN][DB_RESULT] list_bindings count=0 cost_ms=125
2026-01-22 09:54:17,400 - tui_app - INFO - [USER_ADMIN][UI] list_bindings_result ok=True count=0
2026-01-22 09:54:20,238 - tui_app - INFO - [USER_ADMIN][UI] clear_form
2026-01-22 09:54:24,666 - tui_app - INFO - [USER_ADMIN][UI] on_search keyword='123'
2026-01-22 09:54:24,667 - download.db - INFO - [USER_ADMIN][DB_CALL] find_users_by_name_or_phone keyword='123'
2026-01-22 09:54:24,668 - download.db - INFO - [USER_ADMIN][SQL] mode=name sql=SELECT id, name, phone, email, password, created_at, updated_at, avatar FROM users WHERE name = %s LIMIT 20 params=('123',)
2026-01-22 09:54:24,800 - download.db - INFO - [USER_ADMIN][DB_RESULT] mode=name count=1 cost_ms=133
2026-01-22 09:54:24,800 - tui_app - INFO - [USER_ADMIN][UI] search_result ok=True count=1
2026-01-22 09:54:25,377 - tui_app - INFO - [USER_ADMIN][UI] pick_user user_id=236 name='123'
2026-01-22 09:54:25,378 - tui_app - INFO - [USER_ADMIN][UI] refresh_bindings user_id=236
2026-01-22 09:54:25,379 - download.db - INFO - [USER_ADMIN][DB_CALL] list_bound_devices_for_user user_id=236
2026-01-22 09:54:25,448 - download.db - INFO - [USER_ADMIN][SQL] list_bindings sql=SELECT du.device_id, d.name, du.created_at FROM device_user du LEFT JOIN devices d ON d.id = du.device_id AND d.deleted_at IS NULL WHERE du.user_id = %s AND (du.deleted_at IS NULL) ORDER BY du.device_id ASC params=(236,)
2026-01-22 09:54:25,497 - download.db - INFO - [USER_ADMIN][DB_RESULT] list_bindings count=0 cost_ms=118
2026-01-22 09:54:25,498 - tui_app - INFO - [USER_ADMIN][UI] list_bindings_result ok=True count=0
2026-01-22 09:54:36,594 - tui_app - INFO - [USER_ADMIN][UI] create_user name='123' phone='15036335440' email=''
2026-01-22 09:54:57,541 - tui_app - INFO - [USER_ADMIN][UI] on_search keyword='测试'
2026-01-22 09:54:57,542 - download.db - INFO - [USER_ADMIN][DB_CALL] find_users_by_name_or_phone keyword='测试'
2026-01-22 09:54:57,543 - download.db - INFO - [USER_ADMIN][SQL] mode=name sql=SELECT id, name, phone, email, password, created_at, updated_at, avatar FROM users WHERE name = %s LIMIT 20 params=('测试',)
2026-01-22 09:54:57,716 - download.db - INFO - [USER_ADMIN][DB_RESULT] mode=name count=0 cost_ms=174
2026-01-22 09:54:57,717 - tui_app - INFO - [USER_ADMIN][UI] search_result ok=True count=0
2026-01-22 09:55:03,780 - tui_app - INFO - [USER_ADMIN][UI] on_search keyword='测试01'
2026-01-22 09:55:03,781 - download.db - INFO - [USER_ADMIN][DB_CALL] find_users_by_name_or_phone keyword='测试01'
2026-01-22 09:55:03,781 - download.db - INFO - [USER_ADMIN][SQL] mode=name sql=SELECT id, name, phone, email, password, created_at, updated_at, avatar FROM users WHERE name = %s LIMIT 20 params=('测试01',)
2026-01-22 09:55:03,926 - download.db - INFO - [USER_ADMIN][DB_RESULT] mode=name count=1 cost_ms=145
2026-01-22 09:55:03,926 - tui_app - INFO - [USER_ADMIN][UI] search_result ok=True count=1
2026-01-22 09:55:04,476 - tui_app - INFO - [USER_ADMIN][UI] pick_user user_id=508 name='测试01'
2026-01-22 09:55:04,476 - tui_app - INFO - [USER_ADMIN][UI] refresh_bindings user_id=508
2026-01-22 09:55:04,477 - download.db - INFO - [USER_ADMIN][DB_CALL] list_bound_devices_for_user user_id=508
2026-01-22 09:55:04,550 - download.db - INFO - [USER_ADMIN][SQL] list_bindings sql=SELECT du.device_id, d.name, du.created_at FROM device_user du LEFT JOIN devices d ON d.id = du.device_id AND d.deleted_at IS NULL WHERE du.user_id = %s AND (du.deleted_at IS NULL) ORDER BY du.device_id ASC params=(508,)
2026-01-22 09:55:04,598 - download.db - INFO - [USER_ADMIN][DB_RESULT] list_bindings count=0 cost_ms=121
2026-01-22 09:55:04,598 - tui_app - INFO - [USER_ADMIN][UI] list_bindings_result ok=True count=0
2026-01-22 09:55:09,226 - tui_app - INFO - [USER_ADMIN][UI] create_user name='测试01' phone='测试' email='1137256548@163.com'
2026-01-22 09:55:14,656 - tui_app - INFO - [USER_ADMIN][UI] create_user name='测试01' phone='测试' email='1137256548@163.com'
2026-01-22 09:55:14,656 - download.db - INFO - [USER_ADMIN][DB_CALL] create_user name='测试01' phone='测试' email='1137256548@163.com'
2026-01-22 09:55:14,656 - download.db - WARNING - [USER_ADMIN][VALIDATE] invalid phone format
2026-01-22 09:55:14,656 - tui_app - INFO - [USER_ADMIN][UI] create_user_result ok=False user_id=None
2026-01-22 09:56:25,948 - tui_app - INFO - [USER_ADMIN][UI] on_search keyword='测试02'
2026-01-22 09:56:25,950 - download.db - INFO - [USER_ADMIN][DB_CALL] find_users_by_name_or_phone keyword='测试02'
2026-01-22 09:56:25,950 - download.db - INFO - [USER_ADMIN][SQL] mode=name sql=SELECT id, name, phone, email, password, created_at, updated_at, avatar FROM users WHERE name = %s LIMIT 20 params=('测试02',)
2026-01-22 09:56:26,110 - download.db - INFO - [USER_ADMIN][DB_RESULT] mode=name count=1 cost_ms=160
2026-01-22 09:56:26,111 - tui_app - INFO - [USER_ADMIN][UI] search_result ok=True count=1
2026-01-22 09:56:26,690 - tui_app - INFO - [USER_ADMIN][UI] pick_user user_id=509 name='测试02'
2026-01-22 09:56:26,692 - tui_app - INFO - [USER_ADMIN][UI] refresh_bindings user_id=509
2026-01-22 09:56:26,693 - download.db - INFO - [USER_ADMIN][DB_CALL] list_bound_devices_for_user user_id=509
2026-01-22 09:56:26,773 - download.db - INFO - [USER_ADMIN][SQL] list_bindings sql=SELECT du.device_id, d.name, du.created_at FROM device_user du LEFT JOIN devices d ON d.id = du.device_id AND d.deleted_at IS NULL WHERE du.user_id = %s AND (du.deleted_at IS NULL) ORDER BY du.device_id ASC params=(509,)
2026-01-22 09:56:26,827 - download.db - INFO - [USER_ADMIN][DB_RESULT] list_bindings count=0 cost_ms=134
2026-01-22 09:56:26,827 - tui_app - INFO - [USER_ADMIN][UI] list_bindings_result ok=True count=0
2026-01-22 09:56:31,226 - tui_app - INFO - [USER_ADMIN][UI] create_user name='测试02' phone='999999999' email='测试02'
2026-01-22 09:56:59,600 - tui_app - INFO - [USER_ADMIN][UI] create_user name='测试02' phone='999999999' email='111111111@163.com'
2026-01-22 09:56:59,602 - download.db - INFO - [USER_ADMIN][DB_CALL] create_user name='测试02' phone='999999999' email='111111111@163.com'
2026-01-22 09:56:59,699 - download.db - INFO - [USER_ADMIN][SQL] check_phone sql=SELECT id FROM users WHERE phone = %s LIMIT 1 params=('999999999',)
2026-01-22 09:56:59,749 - download.db - WARNING - [USER_ADMIN][BUSINESS] phone duplicate phone='999999999' user_id=509
2026-01-22 09:56:59,750 - tui_app - INFO - [USER_ADMIN][UI] create_user_result ok=False user_id=None
2026-01-22 09:58:59,296 - tui_app - INFO - [USER_ADMIN][UI] create_user name='测试02' phone='999999999' email='111111111@163.com'
2026-01-22 09:58:59,300 - download.db - INFO - [USER_ADMIN][DB_CALL] create_user name='测试02' phone='999999999' email='111111111@163.com'
2026-01-22 09:58:59,403 - download.db - INFO - [USER_ADMIN][SQL] check_phone sql=SELECT id FROM users WHERE phone = %s LIMIT 1 params=('999999999',)
2026-01-22 09:58:59,459 - download.db - WARNING - [USER_ADMIN][BUSINESS] phone duplicate phone='999999999' user_id=509
2026-01-22 09:58:59,459 - tui_app - INFO - [USER_ADMIN][UI] create_user_result ok=False user_id=None
2026-01-22 10:00:01,213 - tui_app - INFO - [USER_ADMIN][UI] pick_user user_id=509 name='测试02'
2026-01-22 10:00:01,214 - tui_app - INFO - [USER_ADMIN][UI] refresh_bindings user_id=509
2026-01-22 10:00:01,215 - download.db - INFO - [USER_ADMIN][DB_CALL] list_bound_devices_for_user user_id=509
2026-01-22 10:00:01,322 - download.db - INFO - [USER_ADMIN][SQL] list_bindings sql=SELECT du.device_id, d.name, du.created_at FROM device_user du LEFT JOIN devices d ON d.id = du.device_id AND d.deleted_at IS NULL WHERE du.user_id = %s AND (du.deleted_at IS NULL) ORDER BY du.device_id ASC params=(509,)
2026-01-22 10:00:01,374 - download.db - INFO - [USER_ADMIN][DB_RESULT] list_bindings count=0 cost_ms=159
2026-01-22 10:00:01,374 - tui_app - INFO - [USER_ADMIN][UI] list_bindings_result ok=True count=0
2026-01-22 10:00:24,386 - tui_app - INFO - [USER_ADMIN][UI] clear_form
2026-01-22 10:07:22,135 - download.async_downloader - INFO - OSS连接成功
2026-01-22 10:07:30,275 - tui_app - INFO - [USER_ADMIN][UI] on_search keyword='123'
2026-01-22 10:07:30,285 - download.db - INFO - [USER_ADMIN][DB_CALL] find_users_by_name_or_phone keyword='123'
2026-01-22 10:07:30,285 - download.db - INFO - [USER_ADMIN][SQL] mode=name sql=SELECT id, name, phone, email, password, created_at, updated_at, avatar FROM users WHERE name = %s LIMIT 20 params=('123',)
2026-01-22 10:07:30,386 - mysql.connector - INFO - package: mysql.connector.plugins
2026-01-22 10:07:30,386 - mysql.connector - INFO - plugin_name: mysql_native_password
2026-01-22 10:07:30,387 - mysql.connector - INFO - AUTHENTICATION_PLUGIN_CLASS: MySQLNativePasswordAuthPlugin
2026-01-22 10:07:30,491 - download.db - INFO - [USER_ADMIN][DB_RESULT] mode=name count=1 cost_ms=206
2026-01-22 10:07:30,491 - tui_app - INFO - [USER_ADMIN][UI] search_result ok=True count=1
2026-01-22 10:07:30,995 - tui_app - INFO - [USER_ADMIN][UI] pick_user user_id=236 name='123'
2026-01-22 10:07:30,995 - tui_app - INFO - [USER_ADMIN][UI] refresh_bindings user_id=236
2026-01-22 10:07:30,995 - download.db - INFO - [USER_ADMIN][DB_CALL] list_bound_devices_for_user user_id=236
2026-01-22 10:07:31,075 - download.db - INFO - [USER_ADMIN][SQL] list_bindings sql=SELECT du.device_id, d.name, du.created_at FROM device_user du LEFT JOIN devices d ON d.id = du.device_id AND d.deleted_at IS NULL WHERE du.user_id = %s AND (du.deleted_at IS NULL) ORDER BY du.device_id ASC params=(236,)
2026-01-22 10:07:31,121 - download.db - INFO - [USER_ADMIN][DB_RESULT] list_bindings count=0 cost_ms=126
2026-01-22 10:07:31,121 - tui_app - INFO - [USER_ADMIN][UI] list_bindings_result ok=True count=0
2026-01-22 10:07:34,378 - tui_app - INFO - [USER_ADMIN][UI] clear_form
2026-01-22 10:07:53,735 - tui_app - INFO - [USER_ADMIN][UI] pick_user user_id=236 name='123'
2026-01-22 10:07:53,736 - tui_app - INFO - [USER_ADMIN][UI] refresh_bindings user_id=236
2026-01-22 10:07:53,736 - download.db - INFO - [USER_ADMIN][DB_CALL] list_bound_devices_for_user user_id=236
2026-01-22 10:07:53,833 - download.db - INFO - [USER_ADMIN][SQL] list_bindings sql=SELECT du.device_id, d.name, du.created_at FROM device_user du LEFT JOIN devices d ON d.id = du.device_id AND d.deleted_at IS NULL WHERE du.user_id = %s AND (du.deleted_at IS NULL) ORDER BY du.device_id ASC params=(236,)
2026-01-22 10:07:53,891 - download.db - INFO - [USER_ADMIN][DB_RESULT] list_bindings count=0 cost_ms=155
2026-01-22 10:07:53,892 - tui_app - INFO - [USER_ADMIN][UI] list_bindings_result ok=True count=0
2026-01-22 10:07:59,689 - tui_app - INFO - [USER_ADMIN][UI] clear_form
2026-01-22 10:08:05,063 - tui_app - INFO - [USER_ADMIN][UI] on_search keyword='saber'
2026-01-22 10:08:05,064 - download.db - INFO - [USER_ADMIN][DB_CALL] find_users_by_name_or_phone keyword='saber'
2026-01-22 10:08:05,064 - download.db - INFO - [USER_ADMIN][SQL] mode=name sql=SELECT id, name, phone, email, password, created_at, updated_at, avatar FROM users WHERE name = %s LIMIT 20 params=('saber',)
2026-01-22 10:08:05,192 - download.db - INFO - [USER_ADMIN][DB_RESULT] mode=name count=1 cost_ms=128
2026-01-22 10:08:05,192 - tui_app - INFO - [USER_ADMIN][UI] search_result ok=True count=1
2026-01-22 10:08:05,935 - tui_app - INFO - [USER_ADMIN][UI] pick_user user_id=2 name='saber'
2026-01-22 10:08:05,936 - tui_app - INFO - [USER_ADMIN][UI] refresh_bindings user_id=2
2026-01-22 10:08:05,937 - download.db - INFO - [USER_ADMIN][DB_CALL] list_bound_devices_for_user user_id=2
2026-01-22 10:08:06,007 - download.db - INFO - [USER_ADMIN][SQL] list_bindings sql=SELECT du.device_id, d.name, du.created_at FROM device_user du LEFT JOIN devices d ON d.id = du.device_id AND d.deleted_at IS NULL WHERE du.user_id = %s AND (du.deleted_at IS NULL) ORDER BY du.device_id ASC params=(2,)
2026-01-22 10:08:06,058 - download.db - INFO - [USER_ADMIN][DB_RESULT] list_bindings count=3 cost_ms=121
2026-01-22 10:08:06,059 - tui_app - INFO - [USER_ADMIN][UI] list_bindings_result ok=True count=3
2026-01-22 10:08:09,071 - tui_app - INFO - [USER_ADMIN][UI] clear_form
2026-01-22 10:11:47,264 - download.async_downloader - INFO - OSS连接成功
2026-01-22 10:11:57,499 - tui_app - INFO - [USER_ADMIN][UI] on_search keyword='saber'
2026-01-22 10:11:57,499 - download.db - INFO - [USER_ADMIN][DB_CALL] find_users_by_name_or_phone keyword='saber'
2026-01-22 10:11:57,499 - download.db - INFO - [USER_ADMIN][SQL] mode=name sql=SELECT id, name, phone, email, password, created_at, updated_at, avatar FROM users WHERE name = %s LIMIT 20 params=('saber',)
2026-01-22 10:11:57,601 - mysql.connector - INFO - package: mysql.connector.plugins
2026-01-22 10:11:57,601 - mysql.connector - INFO - plugin_name: mysql_native_password
2026-01-22 10:11:57,602 - mysql.connector - INFO - AUTHENTICATION_PLUGIN_CLASS: MySQLNativePasswordAuthPlugin
2026-01-22 10:11:57,694 - download.db - INFO - [USER_ADMIN][DB_RESULT] mode=name count=1 cost_ms=195
2026-01-22 10:11:57,694 - tui_app - INFO - [USER_ADMIN][UI] search_result ok=True count=1
2026-01-22 10:11:59,509 - tui_app - INFO - [USER_ADMIN][UI] pick_user user_id=2 name='saber'
2026-01-22 10:11:59,510 - tui_app - INFO - [USER_ADMIN][UI] refresh_bindings user_id=2
2026-01-22 10:11:59,511 - download.db - INFO - [USER_ADMIN][DB_CALL] list_bound_devices_for_user user_id=2
2026-01-22 10:11:59,596 - download.db - INFO - [USER_ADMIN][SQL] list_bindings sql=SELECT du.device_id, d.name, du.created_at FROM device_user du LEFT JOIN devices d ON d.id = du.device_id AND d.deleted_at IS NULL WHERE du.user_id = %s AND (du.deleted_at IS NULL) ORDER BY du.device_id ASC params=(2,)
2026-01-22 10:11:59,651 - download.db - INFO - [USER_ADMIN][DB_RESULT] list_bindings count=3 cost_ms=140
2026-01-22 10:11:59,651 - tui_app - INFO - [USER_ADMIN][UI] list_bindings_result ok=True count=3
2026-01-22 10:12:00,911 - tui_app - INFO - [USER_ADMIN][UI] clear_form
2026-01-22 10:12:38,983 - download.async_downloader - INFO - OSS连接成功
2026-01-22 10:12:45,191 - tui_app - INFO - [USER_ADMIN][UI] on_search keyword='测试01'
2026-01-22 10:12:45,192 - download.db - INFO - [USER_ADMIN][DB_CALL] find_users_by_name_or_phone keyword='测试01'
2026-01-22 10:12:45,192 - download.db - INFO - [USER_ADMIN][SQL] mode=name sql=SELECT id, name, phone, email, password, created_at, updated_at, avatar FROM users WHERE name = %s LIMIT 20 params=('测试01',)
2026-01-22 10:12:45,277 - mysql.connector - INFO - package: mysql.connector.plugins
2026-01-22 10:12:45,278 - mysql.connector - INFO - plugin_name: mysql_native_password
2026-01-22 10:12:45,279 - mysql.connector - INFO - AUTHENTICATION_PLUGIN_CLASS: MySQLNativePasswordAuthPlugin
2026-01-22 10:12:45,373 - download.db - INFO - [USER_ADMIN][DB_RESULT] mode=name count=1 cost_ms=181
2026-01-22 10:12:45,374 - tui_app - INFO - [USER_ADMIN][UI] search_result ok=True count=1
2026-01-22 10:12:46,106 - tui_app - INFO - [USER_ADMIN][UI] pick_user user_id=508 name='测试01'
2026-01-22 10:12:46,107 - tui_app - INFO - [USER_ADMIN][UI] refresh_bindings user_id=508
2026-01-22 10:12:46,108 - download.db - INFO - [USER_ADMIN][DB_CALL] list_bound_devices_for_user user_id=508
2026-01-22 10:12:46,191 - download.db - INFO - [USER_ADMIN][SQL] list_bindings sql=SELECT du.device_id, d.name, du.created_at FROM device_user du LEFT JOIN devices d ON d.id = du.device_id AND d.deleted_at IS NULL WHERE du.user_id = %s AND (du.deleted_at IS NULL) ORDER BY du.device_id ASC params=(508,)
2026-01-22 10:12:46,241 - download.db - INFO - [USER_ADMIN][DB_RESULT] list_bindings count=0 cost_ms=133
2026-01-22 10:12:46,241 - tui_app - INFO - [USER_ADMIN][UI] list_bindings_result ok=True count=0
2026-01-22 10:12:48,161 - tui_app - INFO - [USER_ADMIN][UI] clear_form
2026-01-22 10:13:07,215 - download.async_downloader - INFO - OSS连接成功
2026-01-22 10:17:17,240 - download.async_downloader - INFO - OSS连接成功
2026-01-22 10:17:24,816 - tui_app - INFO - [USER_ADMIN][UI] on_search keyword='测试02'
2026-01-22 10:17:24,817 - download.db - INFO - [USER_ADMIN][DB_CALL] find_users_by_name_or_phone keyword='测试02'
2026-01-22 10:17:24,817 - download.db - INFO - [USER_ADMIN][SQL] mode=name sql=SELECT id, name, phone, email, password, created_at, updated_at, avatar FROM users WHERE name = %s LIMIT 20 params=('测试02',)
2026-01-22 10:17:24,916 - mysql.connector - INFO - package: mysql.connector.plugins
2026-01-22 10:17:24,917 - mysql.connector - INFO - plugin_name: mysql_native_password
2026-01-22 10:17:24,918 - mysql.connector - INFO - AUTHENTICATION_PLUGIN_CLASS: MySQLNativePasswordAuthPlugin
2026-01-22 10:17:25,013 - download.db - INFO - [USER_ADMIN][DB_RESULT] mode=name count=1 cost_ms=196
2026-01-22 10:17:25,014 - tui_app - INFO - [USER_ADMIN][UI] search_result ok=True count=1
2026-01-22 10:17:25,652 - tui_app - INFO - [USER_ADMIN][UI] pick_user user_id=509 name='测试02'
2026-01-22 10:17:25,653 - tui_app - INFO - [USER_ADMIN][UI] refresh_bindings user_id=509
2026-01-22 10:17:25,654 - download.db - INFO - [USER_ADMIN][DB_CALL] list_bound_devices_for_user user_id=509
2026-01-22 10:17:25,734 - download.db - INFO - [USER_ADMIN][SQL] list_bindings sql=SELECT du.device_id, d.name, du.created_at FROM device_user du LEFT JOIN devices d ON d.id = du.device_id AND d.deleted_at IS NULL WHERE du.user_id = %s AND (du.deleted_at IS NULL) ORDER BY du.device_id ASC params=(509,)
2026-01-22 10:17:25,791 - download.db - INFO - [USER_ADMIN][DB_RESULT] list_bindings count=0 cost_ms=137
2026-01-22 10:17:25,791 - tui_app - INFO - [USER_ADMIN][UI] list_bindings_result ok=True count=0
2026-01-22 10:17:27,360 - tui_app - INFO - [USER_ADMIN][UI] clear_form
2026-01-22 10:17:44,073 - tui_app - INFO - [USER_ADMIN][UI] on_search keyword='测试02'
2026-01-22 10:17:44,074 - download.db - INFO - [USER_ADMIN][DB_CALL] find_users_by_name_or_phone keyword='测试02'
2026-01-22 10:17:44,076 - download.db - INFO - [USER_ADMIN][SQL] mode=name sql=SELECT id, name, phone, email, password, created_at, updated_at, avatar FROM users WHERE name = %s LIMIT 20 params=('测试02',)
2026-01-22 10:17:44,215 - download.db - INFO - [USER_ADMIN][DB_RESULT] mode=name count=1 cost_ms=141
2026-01-22 10:17:44,216 - tui_app - INFO - [USER_ADMIN][UI] search_result ok=True count=1
2026-01-22 10:17:45,425 - tui_app - INFO - [USER_ADMIN][UI] pick_user user_id=509 name='测试02'
2026-01-22 10:17:45,426 - tui_app - INFO - [USER_ADMIN][UI] refresh_bindings user_id=509
2026-01-22 10:17:45,427 - download.db - INFO - [USER_ADMIN][DB_CALL] list_bound_devices_for_user user_id=509
2026-01-22 10:17:45,504 - download.db - INFO - [USER_ADMIN][SQL] list_bindings sql=SELECT du.device_id, d.name, du.created_at FROM device_user du LEFT JOIN devices d ON d.id = du.device_id AND d.deleted_at IS NULL WHERE du.user_id = %s AND (du.deleted_at IS NULL) ORDER BY du.device_id ASC params=(509,)
2026-01-22 10:17:45,554 - download.db - INFO - [USER_ADMIN][DB_RESULT] list_bindings count=0 cost_ms=127
2026-01-22 10:17:45,554 - tui_app - INFO - [USER_ADMIN][UI] list_bindings_result ok=True count=0
2026-01-22 10:17:54,395 - tui_app - INFO - [USER_ADMIN][UI] clear_form
2026-01-22 10:18:40,557 - tui_app - INFO - [USER_ADMIN][UI] on_search keyword='测试02'
2026-01-22 10:18:40,558 - download.db - INFO - [USER_ADMIN][DB_CALL] find_users_by_name_or_phone keyword='测试02'
2026-01-22 10:18:40,558 - download.db - INFO - [USER_ADMIN][SQL] mode=name sql=SELECT id, name, phone, email, password, created_at, updated_at, avatar FROM users WHERE name = %s LIMIT 20 params=('测试02',)
2026-01-22 10:18:40,709 - download.db - INFO - [USER_ADMIN][DB_RESULT] mode=name count=1 cost_ms=151
2026-01-22 10:18:40,710 - tui_app - INFO - [USER_ADMIN][UI] search_result ok=True count=1
2026-01-22 10:18:42,013 - tui_app - INFO - [USER_ADMIN][UI] pick_user user_id=509 name='测试02'
2026-01-22 10:18:42,014 - tui_app - INFO - [USER_ADMIN][UI] refresh_bindings user_id=509
2026-01-22 10:18:42,014 - download.db - INFO - [USER_ADMIN][DB_CALL] list_bound_devices_for_user user_id=509
2026-01-22 10:18:42,096 - download.db - INFO - [USER_ADMIN][SQL] list_bindings sql=SELECT du.device_id, d.name, du.created_at FROM device_user du LEFT JOIN devices d ON d.id = du.device_id AND d.deleted_at IS NULL WHERE du.user_id = %s AND (du.deleted_at IS NULL) ORDER BY du.device_id ASC params=(509,)
2026-01-22 10:18:42,145 - download.db - INFO - [USER_ADMIN][DB_RESULT] list_bindings count=0 cost_ms=131
2026-01-22 10:18:42,146 - tui_app - INFO - [USER_ADMIN][UI] list_bindings_result ok=True count=0
2026-01-22 10:18:53,879 - tui_app - INFO - [USER_ADMIN][UI] refresh_bindings user_id=509
2026-01-22 10:18:53,880 - download.db - INFO - [USER_ADMIN][DB_CALL] list_bound_devices_for_user user_id=509
2026-01-22 10:18:53,961 - download.db - INFO - [USER_ADMIN][SQL] list_bindings sql=SELECT du.device_id, d.name, du.created_at FROM device_user du LEFT JOIN devices d ON d.id = du.device_id AND d.deleted_at IS NULL WHERE du.user_id = %s AND (du.deleted_at IS NULL) ORDER BY du.device_id ASC params=(509,)
2026-01-22 10:18:54,014 - download.db - INFO - [USER_ADMIN][DB_RESULT] list_bindings count=0 cost_ms=134
2026-01-22 10:18:54,014 - tui_app - INFO - [USER_ADMIN][UI] list_bindings_result ok=True count=0
2026-01-22 10:18:57,670 - tui_app - INFO - [USER_ADMIN][UI] bind_device user_id=509 device_id=123
2026-01-22 10:18:57,671 - download.db - INFO - [USER_ADMIN][DB_CALL] add_device_binding user_id=509 device_id=123
2026-01-22 10:18:57,751 - download.db - INFO - [USER_ADMIN][SQL] check_user sql=SELECT id FROM users WHERE id = %s LIMIT 1 params=(509,)
2026-01-22 10:18:57,791 - download.db - INFO - [USER_ADMIN][SQL] check_device sql=SELECT id, name FROM devices WHERE deleted_at IS NULL AND id = %s LIMIT 1 params=(123,)
2026-01-22 10:18:57,804 - download.db - INFO - [USER_ADMIN][SQL] check_duplicate sql=SELECT id FROM device_user WHERE user_id = %s AND device_id = %s AND (deleted_at IS NULL) LIMIT 1 params=(509, 123)
2026-01-22 10:18:57,817 - download.db - INFO - [USER_ADMIN][SQL] insert_binding sql=INSERT INTO device_user (user_id, device_id, created_at, updated_at) VALUES (%s, %s, CURRENT_TIMESTAMP, CURRENT_TIMESTAMP) params=(509, 123)
2026-01-22 10:18:57,853 - download.db - INFO - [USER_ADMIN][DB_RESULT] add_binding ok id=11331 cost_ms=182
2026-01-22 10:18:57,854 - tui_app - INFO - [USER_ADMIN][UI] bind_device_result ok=True binding_id=11331
2026-01-22 10:18:59,526 - tui_app - INFO - [USER_ADMIN][UI] refresh_bindings user_id=509
2026-01-22 10:18:59,528 - download.db - INFO - [USER_ADMIN][DB_CALL] list_bound_devices_for_user user_id=509
2026-01-22 10:18:59,601 - download.db - INFO - [USER_ADMIN][SQL] list_bindings sql=SELECT du.device_id, d.name, du.created_at FROM device_user du LEFT JOIN devices d ON d.id = du.device_id AND d.deleted_at IS NULL WHERE du.user_id = %s AND (du.deleted_at IS NULL) ORDER BY du.device_id ASC params=(509,)
2026-01-22 10:18:59,651 - download.db - INFO - [USER_ADMIN][DB_RESULT] list_bindings count=1 cost_ms=123
2026-01-22 10:18:59,651 - tui_app - INFO - [USER_ADMIN][UI] list_bindings_result ok=True count=1
2026-01-22 10:19:11,476 - tui_app - INFO - [USER_ADMIN][UI] on_search keyword='测试02'
2026-01-22 10:19:11,477 - download.db - INFO - [USER_ADMIN][DB_CALL] find_users_by_name_or_phone keyword='测试02'
2026-01-22 10:19:11,477 - download.db - INFO - [USER_ADMIN][SQL] mode=name sql=SELECT id, name, phone, email, password, created_at, updated_at, avatar FROM users WHERE name = %s LIMIT 20 params=('测试02',)
2026-01-22 10:19:11,615 - download.db - INFO - [USER_ADMIN][DB_RESULT] mode=name count=1 cost_ms=138
2026-01-22 10:19:11,615 - tui_app - INFO - [USER_ADMIN][UI] search_result ok=True count=1
2026-01-22 10:19:13,175 - tui_app - INFO - [USER_ADMIN][UI] pick_user user_id=509 name='测试02'
2026-01-22 10:19:13,177 - tui_app - INFO - [USER_ADMIN][UI] refresh_bindings user_id=509
2026-01-22 10:19:13,177 - download.db - INFO - [USER_ADMIN][DB_CALL] list_bound_devices_for_user user_id=509
2026-01-22 10:19:13,283 - download.db - INFO - [USER_ADMIN][SQL] list_bindings sql=SELECT du.device_id, d.name, du.created_at FROM device_user du LEFT JOIN devices d ON d.id = du.device_id AND d.deleted_at IS NULL WHERE du.user_id = %s AND (du.deleted_at IS NULL) ORDER BY du.device_id ASC params=(509,)
2026-01-22 10:19:13,335 - download.db - INFO - [USER_ADMIN][DB_RESULT] list_bindings count=1 cost_ms=158
2026-01-22 10:19:13,335 - tui_app - INFO - [USER_ADMIN][UI] list_bindings_result ok=True count=1
2026-01-22 10:19:27,797 - tui_app - INFO - [USER_ADMIN][UI] refresh_bindings user_id=509
2026-01-22 10:19:27,798 - download.db - INFO - [USER_ADMIN][DB_CALL] list_bound_devices_for_user user_id=509
2026-01-22 10:19:27,883 - download.db - INFO - [USER_ADMIN][SQL] list_bindings sql=SELECT du.device_id, d.name, du.created_at FROM device_user du LEFT JOIN devices d ON d.id = du.device_id AND d.deleted_at IS NULL WHERE du.user_id = %s AND (du.deleted_at IS NULL) ORDER BY du.device_id ASC params=(509,)
2026-01-22 10:19:27,936 - download.db - INFO - [USER_ADMIN][DB_RESULT] list_bindings count=1 cost_ms=138
2026-01-22 10:19:27,936 - tui_app - INFO - [USER_ADMIN][UI] list_bindings_result ok=True count=1
2026-01-22 10:21:36,421 - tui_app - INFO - [USER_ADMIN][UI] pick_user user_id=509 name='测试02'
2026-01-22 10:21:36,422 - tui_app - INFO - [USER_ADMIN][UI] refresh_bindings user_id=509
2026-01-22 10:21:36,422 - download.db - INFO - [USER_ADMIN][DB_CALL] list_bound_devices_for_user user_id=509
2026-01-22 10:21:36,531 - download.db - INFO - [USER_ADMIN][SQL] list_bindings sql=SELECT du.device_id, d.name, du.created_at FROM device_user du LEFT JOIN devices d ON d.id = du.device_id AND d.deleted_at IS NULL WHERE du.user_id = %s AND (du.deleted_at IS NULL) ORDER BY du.device_id ASC params=(509,)
2026-01-22 10:21:36,587 - download.db - INFO - [USER_ADMIN][DB_RESULT] list_bindings count=1 cost_ms=165
2026-01-22 10:21:36,587 - tui_app - INFO - [USER_ADMIN][UI] list_bindings_result ok=True count=1
2026-01-22 10:21:41,112 - tui_app - INFO - [USER_ADMIN][UI] refresh_bindings user_id=509
2026-01-22 10:21:41,114 - download.db - INFO - [USER_ADMIN][DB_CALL] list_bound_devices_for_user user_id=509
2026-01-22 10:21:41,189 - download.db - INFO - [USER_ADMIN][SQL] list_bindings sql=SELECT du.device_id, d.name, du.created_at FROM device_user du LEFT JOIN devices d ON d.id = du.device_id AND d.deleted_at IS NULL WHERE du.user_id = %s AND (du.deleted_at IS NULL) ORDER BY du.device_id ASC params=(509,)
2026-01-22 10:21:41,247 - download.db - INFO - [USER_ADMIN][DB_RESULT] list_bindings count=1 cost_ms=133
2026-01-22 10:21:41,248 - tui_app - INFO - [USER_ADMIN][UI] list_bindings_result ok=True count=1
2026-01-22 10:21:42,339 - tui_app - INFO - [USER_ADMIN][UI] refresh_bindings user_id=509
2026-01-22 10:21:42,340 - download.db - INFO - [USER_ADMIN][DB_CALL] list_bound_devices_for_user user_id=509
2026-01-22 10:21:42,422 - download.db - INFO - [USER_ADMIN][SQL] list_bindings sql=SELECT du.device_id, d.name, du.created_at FROM device_user du LEFT JOIN devices d ON d.id = du.device_id AND d.deleted_at IS NULL WHERE du.user_id = %s AND (du.deleted_at IS NULL) ORDER BY du.device_id ASC params=(509,)
2026-01-22 10:21:42,475 - download.db - INFO - [USER_ADMIN][DB_RESULT] list_bindings count=1 cost_ms=135
2026-01-22 10:21:42,475 - tui_app - INFO - [USER_ADMIN][UI] list_bindings_result ok=True count=1
2026-01-22 10:21:42,966 - tui_app - INFO - [USER_ADMIN][UI] refresh_bindings user_id=509
2026-01-22 10:21:42,968 - download.db - INFO - [USER_ADMIN][DB_CALL] list_bound_devices_for_user user_id=509
2026-01-22 10:21:43,063 - download.db - INFO - [USER_ADMIN][SQL] list_bindings sql=SELECT du.device_id, d.name, du.created_at FROM device_user du LEFT JOIN devices d ON d.id = du.device_id AND d.deleted_at IS NULL WHERE du.user_id = %s AND (du.deleted_at IS NULL) ORDER BY du.device_id ASC params=(509,)
2026-01-22 10:21:43,118 - download.db - INFO - [USER_ADMIN][DB_RESULT] list_bindings count=1 cost_ms=150
2026-01-22 10:21:43,118 - tui_app - INFO - [USER_ADMIN][UI] list_bindings_result ok=True count=1
2026-01-22 10:21:43,707 - tui_app - INFO - [USER_ADMIN][UI] refresh_bindings user_id=509
2026-01-22 10:21:43,708 - download.db - INFO - [USER_ADMIN][DB_CALL] list_bound_devices_for_user user_id=509
2026-01-22 10:21:43,788 - download.db - INFO - [USER_ADMIN][SQL] list_bindings sql=SELECT du.device_id, d.name, du.created_at FROM device_user du LEFT JOIN devices d ON d.id = du.device_id AND d.deleted_at IS NULL WHERE du.user_id = %s AND (du.deleted_at IS NULL) ORDER BY du.device_id ASC params=(509,)
2026-01-22 10:21:43,843 - download.db - INFO - [USER_ADMIN][DB_RESULT] list_bindings count=1 cost_ms=135
2026-01-22 10:21:43,844 - tui_app - INFO - [USER_ADMIN][UI] list_bindings_result ok=True count=1
2026-01-22 10:21:45,295 - tui_app - INFO - [USER_ADMIN][UI] clear_form
2026-01-22 10:21:52,984 - tui_app - INFO - [USER_ADMIN][UI] on_search keyword='测试02'
2026-01-22 10:21:52,984 - download.db - INFO - [USER_ADMIN][DB_CALL] find_users_by_name_or_phone keyword='测试02'
2026-01-22 10:21:52,984 - download.db - INFO - [USER_ADMIN][SQL] mode=name sql=SELECT id, name, phone, email, password, created_at, updated_at, avatar FROM users WHERE name = %s LIMIT 20 params=('测试02',)
2026-01-22 10:21:53,117 - download.db - INFO - [USER_ADMIN][DB_RESULT] mode=name count=1 cost_ms=133
2026-01-22 10:21:53,117 - tui_app - INFO - [USER_ADMIN][UI] search_result ok=True count=1
2026-01-22 10:21:53,774 - tui_app - INFO - [USER_ADMIN][UI] pick_user user_id=509 name='测试02'
2026-01-22 10:21:53,776 - tui_app - INFO - [USER_ADMIN][UI] refresh_bindings user_id=509
2026-01-22 10:21:53,777 - download.db - INFO - [USER_ADMIN][DB_CALL] list_bound_devices_for_user user_id=509
2026-01-22 10:21:53,851 - download.db - INFO - [USER_ADMIN][SQL] list_bindings sql=SELECT du.device_id, d.name, du.created_at FROM device_user du LEFT JOIN devices d ON d.id = du.device_id AND d.deleted_at IS NULL WHERE du.user_id = %s AND (du.deleted_at IS NULL) ORDER BY du.device_id ASC params=(509,)
2026-01-22 10:21:53,896 - download.db - INFO - [USER_ADMIN][DB_RESULT] list_bindings count=1 cost_ms=119
2026-01-22 10:21:53,896 - tui_app - INFO - [USER_ADMIN][UI] list_bindings_result ok=True count=1
2026-01-22 10:22:35,932 - download.async_downloader - INFO - OSS连接成功
2026-01-22 10:22:42,163 - tui_app - INFO - [USER_ADMIN][UI] on_search keyword='测试02'
2026-01-22 10:22:42,164 - download.db - INFO - [USER_ADMIN][DB_CALL] find_users_by_name_or_phone keyword='测试02'
2026-01-22 10:22:42,164 - download.db - INFO - [USER_ADMIN][SQL] mode=name sql=SELECT id, name, phone, email, password, created_at, updated_at, avatar FROM users WHERE name = %s LIMIT 20 params=('测试02',)
2026-01-22 10:22:42,283 - mysql.connector - INFO - package: mysql.connector.plugins
2026-01-22 10:22:42,283 - mysql.connector - INFO - plugin_name: mysql_native_password
2026-01-22 10:22:42,284 - mysql.connector - INFO - AUTHENTICATION_PLUGIN_CLASS: MySQLNativePasswordAuthPlugin
2026-01-22 10:22:42,395 - download.db - INFO - [USER_ADMIN][DB_RESULT] mode=name count=1 cost_ms=231
2026-01-22 10:22:42,396 - tui_app - INFO - [USER_ADMIN][UI] search_result ok=True count=1
2026-01-22 10:22:43,315 - tui_app - INFO - [USER_ADMIN][UI] pick_user user_id=509 name='测试02'
2026-01-22 10:22:43,316 - tui_app - INFO - [USER_ADMIN][UI] refresh_bindings user_id=509
2026-01-22 10:22:43,317 - download.db - INFO - [USER_ADMIN][DB_CALL] list_bound_devices_for_user user_id=509
2026-01-22 10:22:43,396 - download.db - INFO - [USER_ADMIN][SQL] list_bindings sql=SELECT du.device_id, d.name, du.created_at FROM device_user du LEFT JOIN devices d ON d.id = du.device_id AND d.deleted_at IS NULL WHERE du.user_id = %s AND (du.deleted_at IS NULL) ORDER BY du.device_id ASC params=(509,)
2026-01-22 10:22:43,445 - download.db - INFO - [USER_ADMIN][DB_RESULT] list_bindings count=1 cost_ms=128
2026-01-22 10:22:43,445 - tui_app - INFO - [USER_ADMIN][UI] list_bindings_result ok=True count=1
2026-01-22 10:27:32,356 - tui_app - INFO - [USER_ADMIN][UI] refresh_bindings user_id=509
2026-01-22 10:27:32,358 - download.db - INFO - [USER_ADMIN][DB_CALL] list_bound_devices_for_user user_id=509
2026-01-22 10:27:32,479 - download.db - INFO - [USER_ADMIN][SQL] list_bindings sql=SELECT du.device_id, d.name, du.created_at FROM device_user du LEFT JOIN devices d ON d.id = du.device_id AND d.deleted_at IS NULL WHERE du.user_id = %s AND (du.deleted_at IS NULL) ORDER BY du.device_id ASC params=(509,)
2026-01-22 10:27:32,535 - download.db - INFO - [USER_ADMIN][DB_RESULT] list_bindings count=1 cost_ms=177
2026-01-22 10:27:32,535 - tui_app - INFO - [USER_ADMIN][UI] list_bindings_result ok=True count=1
2026-01-22 10:27:41,910 - tui_app - INFO - [USER_ADMIN][UI] bind_device user_id=509 device_id=123
2026-01-22 10:27:41,910 - download.db - INFO - [USER_ADMIN][DB_CALL] add_device_binding user_id=509 device_id=123
2026-01-22 10:27:41,994 - download.db - INFO - [USER_ADMIN][SQL] check_user sql=SELECT id FROM users WHERE id = %s LIMIT 1 params=(509,)
2026-01-22 10:27:42,037 - download.db - INFO - [USER_ADMIN][SQL] check_device sql=SELECT id, name FROM devices WHERE deleted_at IS NULL AND id = %s LIMIT 1 params=(123,)
2026-01-22 10:27:42,050 - download.db - INFO - [USER_ADMIN][SQL] check_duplicate sql=SELECT id FROM device_user WHERE user_id = %s AND device_id = %s AND (deleted_at IS NULL) LIMIT 1 params=(509, 123)
2026-01-22 10:27:42,068 - download.db - WARNING - [USER_ADMIN][BUSINESS] duplicate binding
2026-01-22 10:27:42,080 - tui_app - INFO - [USER_ADMIN][UI] bind_device_result ok=False binding_id=None
2026-01-22 10:38:24,379 - download.async_downloader - INFO - OSS连接成功
2026-01-22 10:38:30,372 - tui_app - INFO - [USER_ADMIN][UI] on_search keyword='测试02'
2026-01-22 10:38:30,372 - download.db - INFO - [USER_ADMIN][DB_CALL] find_users_by_name_or_phone keyword='测试02'
2026-01-22 10:38:30,372 - download.db - INFO - [USER_ADMIN][SQL] mode=name sql=SELECT id, name, phone, email, password, created_at, updated_at, avatar FROM users WHERE name = %s LIMIT 20 params=('测试02',)
2026-01-22 10:38:30,476 - mysql.connector - INFO - package: mysql.connector.plugins
2026-01-22 10:38:30,477 - mysql.connector - INFO - plugin_name: mysql_native_password
2026-01-22 10:38:30,477 - mysql.connector - INFO - AUTHENTICATION_PLUGIN_CLASS: MySQLNativePasswordAuthPlugin
2026-01-22 10:38:30,574 - download.db - INFO - [USER_ADMIN][DB_RESULT] mode=name count=1 cost_ms=202
2026-01-22 10:38:30,574 - tui_app - INFO - [USER_ADMIN][UI] search_result ok=True count=1
2026-01-22 10:38:32,457 - tui_app - INFO - [USER_ADMIN][UI] pick_user user_id=509 name='测试02'
2026-01-22 10:38:32,459 - tui_app - INFO - [USER_ADMIN][UI] refresh_bindings user_id=509
2026-01-22 10:38:32,460 - download.db - INFO - [USER_ADMIN][DB_CALL] list_bound_devices_for_user user_id=509
2026-01-22 10:38:32,539 - download.db - INFO - [USER_ADMIN][SQL] list_bindings sql=SELECT du.device_id, d.name, du.created_at FROM device_user du LEFT JOIN devices d ON d.id = du.device_id AND d.deleted_at IS NULL WHERE du.user_id = %s AND (du.deleted_at IS NULL) ORDER BY du.device_id ASC params=(509,)
2026-01-22 10:38:32,589 - download.db - INFO - [USER_ADMIN][DB_RESULT] list_bindings count=1 cost_ms=129
2026-01-22 10:38:32,590 - tui_app - INFO - [USER_ADMIN][UI] list_bindings_result ok=True count=1
2026-01-22 10:39:09,812 - tui_app - INFO - [USER_ADMIN][UI] refresh_bindings user_id=509
2026-01-22 10:39:09,815 - download.db - INFO - [USER_ADMIN][DB_CALL] list_bound_devices_for_user user_id=509
2026-01-22 10:39:09,925 - download.db - INFO - [USER_ADMIN][SQL] list_bindings sql=SELECT du.device_id, d.name, du.created_at FROM device_user du LEFT JOIN devices d ON d.id = du.device_id AND d.deleted_at IS NULL WHERE du.user_id = %s AND (du.deleted_at IS NULL) ORDER BY du.device_id ASC params=(509,)
2026-01-22 10:39:09,982 - download.db - INFO - [USER_ADMIN][DB_RESULT] list_bindings count=1 cost_ms=167
2026-01-22 10:39:09,983 - tui_app - INFO - [USER_ADMIN][UI] list_bindings_result ok=True count=1
2026-01-22 10:59:39,624 - download.async_downloader - INFO - OSS连接成功
2026-01-22 10:59:46,793 - tui_app - INFO - [USER_ADMIN][UI] on_search keyword='测试02'
2026-01-22 10:59:46,794 - download.db - INFO - [USER_ADMIN][DB_CALL] find_users_by_name_or_phone keyword='测试02'
2026-01-22 10:59:46,795 - download.db - INFO - [USER_ADMIN][SQL] mode=name sql=SELECT id, name, phone, email, password, created_at, updated_at, avatar FROM users WHERE name = %s LIMIT 20 params=('测试02',)
2026-01-22 10:59:46,891 - mysql.connector - INFO - package: mysql.connector.plugins
2026-01-22 10:59:46,892 - mysql.connector - INFO - plugin_name: mysql_native_password
2026-01-22 10:59:46,892 - mysql.connector - INFO - AUTHENTICATION_PLUGIN_CLASS: MySQLNativePasswordAuthPlugin
2026-01-22 10:59:46,989 - download.db - INFO - [USER_ADMIN][DB_RESULT] mode=name count=1 cost_ms=195
2026-01-22 10:59:46,990 - tui_app - INFO - [USER_ADMIN][UI] search_result ok=True count=1
2026-01-22 10:59:48,058 - tui_app - INFO - [USER_ADMIN][UI] pick_user user_id=509 name='测试02'
2026-01-22 10:59:48,062 - tui_app - INFO - [USER_ADMIN][UI] refresh_bindings user_id=509
2026-01-22 10:59:48,062 - download.db - INFO - [USER_ADMIN][DB_CALL] list_bound_devices_for_user user_id=509
2026-01-22 10:59:48,146 - download.db - INFO - [USER_ADMIN][SQL] list_bindings sql=SELECT du.device_id, d.name, du.created_at FROM device_user du LEFT JOIN devices d ON d.id = du.device_id AND d.deleted_at IS NULL WHERE du.user_id = %s AND (du.deleted_at IS NULL) ORDER BY du.device_id ASC params=(509,)
2026-01-22 10:59:48,199 - download.db - INFO - [USER_ADMIN][DB_RESULT] list_bindings count=1 cost_ms=137
2026-01-22 10:59:48,199 - tui_app - INFO - [USER_ADMIN][UI] list_bindings_result ok=True count=1
2026-01-22 10:59:50,986 - tui_app - INFO - [USER_ADMIN][UI] unbind_device(user_id=509, device_id=123)
2026-01-22 10:59:52,430 - download.db - INFO - [USER_ADMIN][DB_CALL] delete_device_binding user_id=509 device_id=123
2026-01-22 10:59:52,502 - download.db - INFO - [USER_ADMIN][SQL] delete_binding sql=DELETE FROM device_user WHERE user_id = %s AND device_id = %s params=(509, 123)
2026-01-22 10:59:52,552 - download.db - INFO - [USER_ADMIN][DB_RESULT] delete_binding rows=1 cost_ms=122
2026-01-22 10:59:52,552 - tui_app - INFO - [USER_ADMIN][UI] unbind_result ok=True deleted_rows=1
2026-01-22 10:59:53,427 - tui_app - INFO - [USER_ADMIN][UI] refresh_bindings user_id=509
2026-01-22 10:59:53,427 - download.db - INFO - [USER_ADMIN][DB_CALL] list_bound_devices_for_user user_id=509
2026-01-22 10:59:53,506 - download.db - INFO - [USER_ADMIN][SQL] list_bindings sql=SELECT du.device_id, d.name, du.created_at FROM device_user du LEFT JOIN devices d ON d.id = du.device_id AND d.deleted_at IS NULL WHERE du.user_id = %s AND (du.deleted_at IS NULL) ORDER BY du.device_id ASC params=(509,)
2026-01-22 10:59:53,559 - download.db - INFO - [USER_ADMIN][DB_RESULT] list_bindings count=0 cost_ms=132
2026-01-22 10:59:53,559 - tui_app - INFO - [USER_ADMIN][UI] list_bindings_result ok=True count=0
2026-01-22 11:00:33,699 - tui_app - INFO - [USER_ADMIN][UI] refresh_bindings user_id=509
2026-01-22 11:00:33,700 - download.db - INFO - [USER_ADMIN][DB_CALL] list_bound_devices_for_user user_id=509
2026-01-22 11:00:33,807 - download.db - INFO - [USER_ADMIN][SQL] list_bindings sql=SELECT du.device_id, d.name, du.created_at FROM device_user du LEFT JOIN devices d ON d.id = du.device_id AND d.deleted_at IS NULL WHERE du.user_id = %s AND (du.deleted_at IS NULL) ORDER BY du.device_id ASC params=(509,)
2026-01-22 11:00:33,862 - download.db - INFO - [USER_ADMIN][DB_RESULT] list_bindings count=0 cost_ms=162
2026-01-22 11:00:33,862 - tui_app - INFO - [USER_ADMIN][UI] list_bindings_result ok=True count=0
2026-01-22 11:02:00,966 - tui_app - INFO - [USER_ADMIN][UI] bind_device user_id=509 device_id=123
2026-01-22 11:02:00,966 - download.db - INFO - [USER_ADMIN][DB_CALL] add_device_binding user_id=509 device_id=123
2026-01-22 11:02:01,080 - download.db - INFO - [USER_ADMIN][SQL] check_user sql=SELECT id FROM users WHERE id = %s LIMIT 1 params=(509,)
2026-01-22 11:02:01,118 - download.db - INFO - [USER_ADMIN][SQL] check_device sql=SELECT id, name FROM devices WHERE deleted_at IS NULL AND id = %s LIMIT 1 params=(123,)
2026-01-22 11:02:01,131 - download.db - INFO - [USER_ADMIN][SQL] check_duplicate sql=SELECT id FROM device_user WHERE user_id = %s AND device_id = %s AND (deleted_at IS NULL) LIMIT 1 params=(509, 123)
2026-01-22 11:02:01,142 - download.db - INFO - [USER_ADMIN][SQL] insert_binding sql=INSERT INTO device_user (user_id, device_id, created_at, updated_at) VALUES (%s, %s, CURRENT_TIMESTAMP, CURRENT_TIMESTAMP) params=(509, 123)
2026-01-22 11:02:01,170 - download.db - INFO - [USER_ADMIN][DB_RESULT] add_binding ok id=11332 cost_ms=204
2026-01-22 11:02:01,170 - tui_app - INFO - [USER_ADMIN][UI] bind_device_result ok=True binding_id=11332
2026-01-22 11:02:02,422 - tui_app - INFO - [USER_ADMIN][UI] refresh_bindings user_id=509
2026-01-22 11:02:02,425 - download.db - INFO - [USER_ADMIN][DB_CALL] list_bound_devices_for_user user_id=509
2026-01-22 11:02:02,502 - download.db - INFO - [USER_ADMIN][SQL] list_bindings sql=SELECT du.device_id, d.name, du.created_at FROM device_user du LEFT JOIN devices d ON d.id = du.device_id AND d.deleted_at IS NULL WHERE du.user_id = %s AND (du.deleted_at IS NULL) ORDER BY du.device_id ASC params=(509,)
2026-01-22 11:02:02,554 - download.db - INFO - [USER_ADMIN][DB_RESULT] list_bindings count=1 cost_ms=129
2026-01-22 11:02:02,555 - tui_app - INFO - [USER_ADMIN][UI] list_bindings_result ok=True count=1
2026-01-22 11:04:42,665 - tui_app - INFO - [USER_ADMIN][UI] unbind_device(user_id=509, device_id=123)
2026-01-22 11:04:43,865 - download.db - INFO - [USER_ADMIN][DB_CALL] delete_device_binding user_id=509 device_id=123
2026-01-22 11:04:43,968 - download.db - INFO - [USER_ADMIN][SQL] delete_binding sql=DELETE FROM device_user WHERE user_id = %s AND device_id = %s params=(509, 123)
2026-01-22 11:04:44,026 - download.db - INFO - [USER_ADMIN][DB_RESULT] delete_binding rows=1 cost_ms=161
2026-01-22 11:04:44,027 - tui_app - INFO - [USER_ADMIN][UI] unbind_result ok=True deleted_rows=1
2026-01-22 11:04:45,017 - tui_app - INFO - [USER_ADMIN][UI] refresh_bindings user_id=509
2026-01-22 11:04:45,017 - download.db - INFO - [USER_ADMIN][DB_CALL] list_bound_devices_for_user user_id=509
2026-01-22 11:04:45,851 - download.db - INFO - [USER_ADMIN][SQL] list_bindings sql=SELECT du.device_id, d.name, du.created_at FROM device_user du LEFT JOIN devices d ON d.id = du.device_id AND d.deleted_at IS NULL WHERE du.user_id = %s AND (du.deleted_at IS NULL) ORDER BY du.device_id ASC params=(509,)
2026-01-22 11:04:45,904 - download.db - INFO - [USER_ADMIN][DB_RESULT] list_bindings count=0 cost_ms=887
2026-01-22 11:04:45,905 - tui_app - INFO - [USER_ADMIN][UI] list_bindings_result ok=True count=0
2026-01-22 11:06:18,875 - tui_app - INFO - [USER_ADMIN][UI] on_search keyword='15635912410'
2026-01-22 11:06:18,877 - download.db - INFO - [USER_ADMIN][DB_CALL] find_users_by_name_or_phone keyword='15635912410'
2026-01-22 11:06:18,878 - download.db - INFO - [USER_ADMIN][SQL] mode=phone sql=SELECT id, name, phone, email, password, created_at, updated_at, avatar FROM users WHERE phone = %s LIMIT 5 params=('15635912410',)
2026-01-22 11:06:19,040 - download.db - INFO - [USER_ADMIN][DB_RESULT] mode=phone count=1 cost_ms=163
2026-01-22 11:06:19,041 - tui_app - INFO - [USER_ADMIN][UI] search_result ok=True count=1
2026-01-22 11:06:19,824 - tui_app - INFO - [USER_ADMIN][UI] pick_user user_id=506 name='版纳胸径环'
2026-01-22 11:06:19,826 - tui_app - INFO - [USER_ADMIN][UI] refresh_bindings user_id=506
2026-01-22 11:06:19,826 - download.db - INFO - [USER_ADMIN][DB_CALL] list_bound_devices_for_user user_id=506
2026-01-22 11:06:19,912 - download.db - INFO - [USER_ADMIN][SQL] list_bindings sql=SELECT du.device_id, d.name, du.created_at FROM device_user du LEFT JOIN devices d ON d.id = du.device_id AND d.deleted_at IS NULL WHERE du.user_id = %s AND (du.deleted_at IS NULL) ORDER BY du.device_id ASC params=(506,)
2026-01-22 11:06:19,969 - download.db - INFO - [USER_ADMIN][DB_RESULT] list_bindings count=61 cost_ms=143
2026-01-22 11:06:19,969 - tui_app - INFO - [USER_ADMIN][UI] list_bindings_result ok=True count=61
2026-01-22 11:06:26,205 - tui_app - INFO - [USER_ADMIN][UI] clear_form
2026-01-22 14:08:59,319 - download.async_downloader - INFO - OSS连接成功
2026-01-22 14:09:09,601 - mysql.connector - INFO - package: mysql.connector.plugins
2026-01-22 14:09:09,601 - mysql.connector - INFO - plugin_name: mysql_native_password
2026-01-22 14:09:09,603 - mysql.connector - INFO - AUTHENTICATION_PLUGIN_CLASS: MySQLNativePasswordAuthPlugin
2026-01-22 14:10:10,516 - download.async_downloader - INFO - OSS连接成功
2026-01-22 14:10:31,194 - download.async_downloader - INFO - OSS连接成功
2026-01-22 14:10:54,308 - download.async_downloader - INFO - OSS连接成功
2026-01-22 14:11:16,694 - download.async_downloader - INFO - OSS连接成功
2026-01-22 14:11:34,424 - download.async_downloader - INFO - OSS连接成功
2026-01-22 14:11:47,459 - mysql.connector - INFO - package: mysql.connector.plugins
2026-01-22 14:11:47,460 - mysql.connector - INFO - plugin_name: mysql_native_password
2026-01-22 14:11:47,461 - mysql.connector - INFO - AUTHENTICATION_PLUGIN_CLASS: MySQLNativePasswordAuthPlugin
2026-01-22 14:12:42,886 - download.async_downloader - INFO - OSS连接成功
2026-01-22 14:12:42,890 - download.async_downloader - INFO - 数据表时间范围: 2026-01-01 00:00:00 到 2026-01-31 23:59:59
2026-01-22 14:12:42,896 - download.async_downloader - INFO - [10.0%] downloading: 2435 (1/1)
2026-01-22 14:13:01,341 - download.async_downloader - INFO - [100.0%] Download completed
2026-01-22 14:21:48,179 - download.async_downloader - INFO - OSS连接成功
2026-01-22 14:22:14,609 - mysql.connector - INFO - package: mysql.connector.plugins
2026-01-22 14:22:14,610 - mysql.connector - INFO - plugin_name: mysql_native_password
2026-01-22 14:22:14,611 - mysql.connector - INFO - AUTHENTICATION_PLUGIN_CLASS: MySQLNativePasswordAuthPlugin
2026-01-22 14:22:28,649 - download.async_downloader - INFO - OSS连接成功
2026-01-22 14:22:28,654 - download.async_downloader - INFO - 数据表时间范围: 2026-01-01 00:00:00 到 2026-01-31 23:59:59
2026-01-22 14:22:28,662 - download.async_downloader - INFO - [10.0%] downloading: 2435 (1/1)
2026-01-22 14:23:25,019 - download.async_downloader - INFO - 下载任务已取消
2026-01-22 14:25:21,320 - download.async_downloader - INFO - OSS连接成功
2026-01-22 14:25:32,707 - mysql.connector - INFO - package: mysql.connector.plugins
2026-01-22 14:25:32,708 - mysql.connector - INFO - plugin_name: mysql_native_password
2026-01-22 14:25:32,709 - mysql.connector - INFO - AUTHENTICATION_PLUGIN_CLASS: MySQLNativePasswordAuthPlugin
2026-01-22 14:25:38,720 - download.async_downloader - INFO - OSS连接成功
2026-01-22 14:25:38,724 - download.async_downloader - INFO - 数据表时间范围: 2026-01-01 00:00:00 到 2026-01-31 23:59:59
2026-01-22 14:25:38,728 - download.async_downloader - INFO - [10.0%] downloading: 2435 (1/1)
2026-01-22 14:25:47,730 - download.async_downloader - INFO - [100.0%] Download completed
2026-01-22 14:25:53,821 - download.async_downloader - INFO - OSS连接成功
2026-01-22 14:25:53,832 - download.async_downloader - INFO - 数据表时间范围: 2026-01-01 00:00:00 到 2026-01-31 23:59:59
2026-01-22 14:25:53,840 - download.async_downloader - INFO - [10.0%] downloading: 2435 (1/1)
2026-01-22 14:25:58,790 - download.async_downloader - INFO - [100.0%] Download completed
2026-01-22 14:26:48,439 - download.async_downloader - INFO - OSS连接成功
2026-01-22 14:26:48,450 - download.async_downloader - INFO - 数据表时间范围: 2026-01-01 00:00:00 到 2026-01-31 23:59:59
2026-01-22 14:26:48,457 - download.async_downloader - INFO - [10.0%] downloading: 2435 (1/1)
2026-01-22 14:26:54,445 - download.async_downloader - INFO - [100.0%] Download completed
2026-01-22 14:27:46,951 - tui_app - INFO - [USER_ADMIN][UI] on_search keyword='测试02'
2026-01-22 14:27:46,953 - download.db - INFO - [USER_ADMIN][DB_CALL] find_users_by_name_or_phone keyword='测试02'
2026-01-22 14:27:46,954 - download.db - INFO - [USER_ADMIN][SQL] mode=name sql=SELECT id, name, phone, email, password, created_at, updated_at, avatar FROM users WHERE name = %s LIMIT 20 params=('测试02',)
2026-01-22 14:27:47,113 - download.db - INFO - [USER_ADMIN][DB_RESULT] mode=name count=1 cost_ms=160
2026-01-22 14:27:47,113 - tui_app - INFO - [USER_ADMIN][UI] search_result ok=True count=1
2026-01-22 14:27:47,672 - tui_app - INFO - [USER_ADMIN][UI] pick_user user_id=509 name='测试02'
2026-01-22 14:27:47,674 - tui_app - INFO - [USER_ADMIN][UI] refresh_bindings user_id=509
2026-01-22 14:27:47,674 - download.db - INFO - [USER_ADMIN][DB_CALL] list_bound_devices_for_user user_id=509
2026-01-22 14:27:47,751 - download.db - INFO - [USER_ADMIN][SQL] list_bindings sql=SELECT du.device_id, d.name, du.created_at FROM device_user du LEFT JOIN devices d ON d.id = du.device_id AND d.deleted_at IS NULL WHERE du.user_id = %s AND (du.deleted_at IS NULL) ORDER BY du.device_id ASC params=(509,)
2026-01-22 14:27:47,802 - download.db - INFO - [USER_ADMIN][DB_RESULT] list_bindings count=0 cost_ms=128
2026-01-22 14:27:47,803 - tui_app - INFO - [USER_ADMIN][UI] list_bindings_result ok=True count=0
2026-01-22 14:27:59,809 - tui_app - INFO - [USER_ADMIN][UI] bind_device user_id=509 device_id=111
2026-01-22 14:27:59,810 - download.db - INFO - [USER_ADMIN][DB_CALL] add_device_binding user_id=509 device_id=111
2026-01-22 14:27:59,892 - download.db - INFO - [USER_ADMIN][SQL] check_user sql=SELECT id FROM users WHERE id = %s LIMIT 1 params=(509,)
2026-01-22 14:27:59,930 - download.db - INFO - [USER_ADMIN][SQL] check_device sql=SELECT id, name FROM devices WHERE deleted_at IS NULL AND id = %s LIMIT 1 params=(111,)
2026-01-22 14:27:59,942 - download.db - WARNING - [USER_ADMIN][BUSINESS] device not found
2026-01-22 14:27:59,954 - tui_app - INFO - [USER_ADMIN][UI] bind_device_result ok=False binding_id=None
2026-01-22 14:28:07,051 - tui_app - INFO - [USER_ADMIN][UI] bind_device user_id=509 device_id=123
2026-01-22 14:28:07,053 - download.db - INFO - [USER_ADMIN][DB_CALL] add_device_binding user_id=509 device_id=123
2026-01-22 14:28:07,134 - download.db - INFO - [USER_ADMIN][SQL] check_user sql=SELECT id FROM users WHERE id = %s LIMIT 1 params=(509,)
2026-01-22 14:28:07,184 - download.db - INFO - [USER_ADMIN][SQL] check_device sql=SELECT id, name FROM devices WHERE deleted_at IS NULL AND id = %s LIMIT 1 params=(123,)
2026-01-22 14:28:07,199 - download.db - INFO - [USER_ADMIN][SQL] check_duplicate sql=SELECT id FROM device_user WHERE user_id = %s AND device_id = %s AND (deleted_at IS NULL) LIMIT 1 params=(509, 123)
2026-01-22 14:28:07,215 - download.db - INFO - [USER_ADMIN][SQL] insert_binding sql=INSERT INTO device_user (user_id, device_id, created_at, updated_at) VALUES (%s, %s, CURRENT_TIMESTAMP, CURRENT_TIMESTAMP) params=(509, 123)
2026-01-22 14:28:07,244 - download.db - INFO - [USER_ADMIN][DB_RESULT] add_binding ok id=11333 cost_ms=191
2026-01-22 14:28:07,244 - tui_app - INFO - [USER_ADMIN][UI] bind_device_result ok=True binding_id=11333
2026-01-22 14:28:08,364 - tui_app - INFO - [USER_ADMIN][UI] refresh_bindings user_id=509
2026-01-22 14:28:08,365 - download.db - INFO - [USER_ADMIN][DB_CALL] list_bound_devices_for_user user_id=509
2026-01-22 14:28:08,458 - download.db - INFO - [USER_ADMIN][SQL] list_bindings sql=SELECT du.device_id, d.name, du.created_at FROM device_user du LEFT JOIN devices d ON d.id = du.device_id AND d.deleted_at IS NULL WHERE du.user_id = %s AND (du.deleted_at IS NULL) ORDER BY du.device_id ASC params=(509,)
2026-01-22 14:28:08,508 - download.db - INFO - [USER_ADMIN][DB_RESULT] list_bindings count=1 cost_ms=143
2026-01-22 14:28:08,509 - tui_app - INFO - [USER_ADMIN][UI] list_bindings_result ok=True count=1
2026-01-22 14:28:09,213 - tui_app - INFO - [USER_ADMIN][UI] refresh_bindings user_id=509
2026-01-22 14:28:09,223 - download.db - INFO - [USER_ADMIN][DB_CALL] list_bound_devices_for_user user_id=509
2026-01-22 14:28:09,296 - download.db - INFO - [USER_ADMIN][SQL] list_bindings sql=SELECT du.device_id, d.name, du.created_at FROM device_user du LEFT JOIN devices d ON d.id = du.device_id AND d.deleted_at IS NULL WHERE du.user_id = %s AND (du.deleted_at IS NULL) ORDER BY du.device_id ASC params=(509,)
2026-01-22 14:28:09,363 - download.db - INFO - [USER_ADMIN][DB_RESULT] list_bindings count=1 cost_ms=140
2026-01-22 14:28:09,363 - tui_app - INFO - [USER_ADMIN][UI] list_bindings_result ok=True count=1
2026-01-22 14:28:13,223 - tui_app - INFO - [USER_ADMIN][UI] refresh_bindings user_id=509
2026-01-22 14:28:13,227 - download.db - INFO - [USER_ADMIN][DB_CALL] list_bound_devices_for_user user_id=509
2026-01-22 14:28:13,310 - download.db - INFO - [USER_ADMIN][SQL] list_bindings sql=SELECT du.device_id, d.name, du.created_at FROM device_user du LEFT JOIN devices d ON d.id = du.device_id AND d.deleted_at IS NULL WHERE du.user_id = %s AND (du.deleted_at IS NULL) ORDER BY du.device_id ASC params=(509,)
2026-01-22 14:28:13,366 - download.db - INFO - [USER_ADMIN][DB_RESULT] list_bindings count=1 cost_ms=139
2026-01-22 14:28:13,366 - tui_app - INFO - [USER_ADMIN][UI] list_bindings_result ok=True count=1
2026-01-22 14:28:16,954 - tui_app - INFO - [USER_ADMIN][UI] unbind_device(user_id=509, device_id=123)
2026-01-22 14:28:17,992 - download.db - INFO - [USER_ADMIN][DB_CALL] delete_device_binding user_id=509 device_id=123
2026-01-22 14:28:18,072 - download.db - INFO - [USER_ADMIN][SQL] delete_binding sql=DELETE FROM device_user WHERE user_id = %s AND device_id = %s params=(509, 123)
2026-01-22 14:28:18,131 - download.db - INFO - [USER_ADMIN][DB_RESULT] delete_binding rows=1 cost_ms=139
2026-01-22 14:28:18,131 - tui_app - INFO - [USER_ADMIN][UI] unbind_result ok=True deleted_rows=1
2026-01-22 14:28:18,840 - tui_app - INFO - [USER_ADMIN][UI] refresh_bindings user_id=509
2026-01-22 14:28:18,841 - download.db - INFO - [USER_ADMIN][DB_CALL] list_bound_devices_for_user user_id=509
2026-01-22 14:28:18,940 - download.db - INFO - [USER_ADMIN][SQL] list_bindings sql=SELECT du.device_id, d.name, du.created_at FROM device_user du LEFT JOIN devices d ON d.id = du.device_id AND d.deleted_at IS NULL WHERE du.user_id = %s AND (du.deleted_at IS NULL) ORDER BY du.device_id ASC params=(509,)
2026-01-22 14:28:19,002 - download.db - INFO - [USER_ADMIN][DB_RESULT] list_bindings count=0 cost_ms=161
2026-01-22 14:28:19,002 - tui_app - INFO - [USER_ADMIN][UI] list_bindings_result ok=True count=0
2026-01-22 14:28:22,428 - tui_app - INFO - [USER_ADMIN][UI] clear_form
2026-01-22 14:30:53,966 - download.async_downloader - INFO - OSS连接成功
2026-01-22 14:30:53,978 - download.async_downloader - INFO - 数据表时间范围: 2026-01-01 00:00:00 到 2026-01-31 23:59:59
2026-01-22 14:30:53,988 - download.async_downloader - INFO - [10.0%] downloading: 2435 (1/2)
2026-01-22 14:31:12,094 - download.async_downloader - INFO - [45.0%] downloading: 123 (2/2)
2026-01-22 14:31:12,607 - download.async_downloader - INFO - [100.0%] Download completed
2026-01-22 14:31:14,885 - download.async_downloader - INFO - OSS连接成功
2026-01-22 14:31:14,895 - download.async_downloader - INFO - 数据表时间范围: 2026-01-01 00:00:00 到 2026-01-31 23:59:59
2026-01-22 14:31:14,908 - download.async_downloader - INFO - [10.0%] downloading: 2435 (1/2)
2026-01-22 14:31:32,266 - download.async_downloader - INFO - [45.0%] downloading: 123 (2/2)
2026-01-22 14:31:34,668 - download.async_downloader - INFO - [100.0%] Download completed
2026-01-22 14:31:50,688 - download.async_downloader - INFO - OSS连接成功
2026-01-22 14:31:50,714 - download.async_downloader - INFO - 数据表时间范围: 2026-01-01 00:00:00 到 2026-01-31 23:59:59
2026-01-22 14:31:50,728 - download.async_downloader - INFO - [10.0%] downloading: 2435 (1/2)
2026-01-22 14:32:07,192 - download.async_downloader - INFO - [45.0%] downloading: 123 (2/2)
2026-01-22 14:32:07,733 - download.async_downloader - INFO - [100.0%] Download completed
2026-01-22 14:40:34,680 - download.async_downloader - INFO - OSS连接成功
2026-01-22 14:41:08,561 - mysql.connector - INFO - package: mysql.connector.plugins
2026-01-22 14:41:08,561 - mysql.connector - INFO - plugin_name: mysql_native_password
2026-01-22 14:41:08,567 - mysql.connector - INFO - AUTHENTICATION_PLUGIN_CLASS: MySQLNativePasswordAuthPlugin
2026-01-22 14:43:18,942 - download.async_downloader - INFO - OSS连接成功
2026-01-22 14:43:18,948 - download.async_downloader - INFO - 数据表时间范围: 2025-01-01 00:00:00 到 2025-01-31 23:59:59
2026-01-22 14:43:18,956 - download.async_downloader - INFO - [10.0%] downloading: 2435 (1/3)
2026-01-22 14:43:19,561 - download.async_downloader - INFO - [33.3%] downloading: 2433 (2/3)
2026-01-22 14:43:20,728 - download.async_downloader - INFO - [56.7%] downloading: 2434 (3/3)
2026-01-22 14:43:21,482 - download.async_downloader - INFO - [100.0%] Download completed
2026-01-22 14:43:51,445 - download.async_downloader - INFO - OSS连接成功
2026-01-22 14:43:51,454 - download.async_downloader - INFO - 数据表时间范围: 2025-03-01 00:00:00 到 2025-03-31 23:59:59
2026-01-22 14:43:51,463 - download.async_downloader - INFO - [10.0%] downloading: 2435 (1/3)
2026-01-22 14:43:57,755 - download.async_downloader - INFO - [33.3%] downloading: 2433 (2/3)
2026-01-22 14:43:58,152 - download.async_downloader - INFO - [56.7%] downloading: 2434 (3/3)
2026-01-22 14:44:02,622 - download.async_downloader - INFO - [100.0%] Download completed
2026-01-22 14:44:25,460 - download.async_downloader - INFO - OSS连接成功
2026-01-22 14:44:25,471 - download.async_downloader - INFO - 数据表时间范围: 2025-03-01 00:00:00 到 2025-03-31 23:59:59
2026-01-22 14:44:25,481 - download.async_downloader - INFO - [10.0%] downloading: 2435 (1/3)
2026-01-22 14:44:30,622 - download.async_downloader - INFO - [33.3%] downloading: 2433 (2/3)
2026-01-22 14:44:31,022 - download.async_downloader - INFO - [56.7%] downloading: 2434 (3/3)
2026-01-22 14:44:34,856 - download.async_downloader - INFO - [100.0%] Download completed
2026-01-22 14:54:38,470 - download.async_downloader - INFO - OSS连接成功
2026-01-22 14:54:48,358 - mysql.connector - INFO - package: mysql.connector.plugins
2026-01-22 14:54:48,359 - mysql.connector - INFO - plugin_name: mysql_native_password
2026-01-22 14:54:48,360 - mysql.connector - INFO - AUTHENTICATION_PLUGIN_CLASS: MySQLNativePasswordAuthPlugin
2026-01-22 14:55:10,288 - download.async_downloader - INFO - OSS连接成功
2026-01-22 14:55:10,293 - download.async_downloader - INFO - 数据表时间范围: 2026-01-01 00:00:00 到 2026-01-31 23:59:59
2026-01-22 14:55:10,301 - download.async_downloader - INFO - [10.0%] downloading: 2435 (1/3)
2026-01-22 14:55:13,027 - download.async_downloader - INFO - [33.3%] downloading: 2433 (2/3)
2026-01-22 14:55:13,434 - download.async_downloader - INFO - [56.7%] downloading: 2436 (3/3)
2026-01-22 14:55:18,203 - download.async_downloader - INFO - [100.0%] Download completed
2026-01-22 15:17:37,381 - download.async_downloader - INFO - OSS连接成功
2026-01-22 15:17:48,779 - mysql.connector - INFO - package: mysql.connector.plugins
2026-01-22 15:17:48,779 - mysql.connector - INFO - plugin_name: mysql_native_password
2026-01-22 15:17:48,785 - mysql.connector - INFO - AUTHENTICATION_PLUGIN_CLASS: MySQLNativePasswordAuthPlugin
2026-01-22 15:18:07,751 - download.async_downloader - INFO - OSS连接成功
2026-01-22 15:18:07,757 - download.async_downloader - INFO - 数据表时间范围: 2026-01-01 00:00:00 到 2026-01-31 23:59:59
2026-01-22 15:18:07,763 - download.async_downloader - INFO - [10.0%] downloading: 2435 (1/2)
2026-01-22 15:18:11,181 - download.async_downloader - INFO - [45.0%] downloading: 2436 (2/2)
2026-01-22 15:18:17,122 - download.async_downloader - INFO - [100.0%] Download completed
2026-01-22 15:18:31,219 - download.async_downloader - INFO - OSS连接成功
2026-01-22 15:18:31,226 - download.async_downloader - INFO - 数据表时间范围: 2026-01-01 00:00:00 到 2026-01-31 23:59:59
2026-01-22 15:18:31,233 - download.async_downloader - INFO - [10.0%] downloading: 2435 (1/2)
2026-01-22 15:18:34,245 - download.async_downloader - INFO - [45.0%] downloading: 2436 (2/2)
2026-01-22 15:18:38,316 - download.async_downloader - INFO - [100.0%] Download completed
2026-01-22 15:20:44,827 - download.async_downloader - INFO - OSS连接成功
2026-01-22 15:42:28,753 - download.async_downloader - INFO - OSS连接成功
